<?xml version="1.0" encoding="UTF-8"?>
<testSet xmlns="http://difi.no/xsd/vefa/validator/1.0" configuration="peppolbis-en16931-base-3.0-ubl">
    <assert>
        <description>DE-R-020 The element "Debited account identifier" (BT-91) should contain a valid IBAN if code 59 SEPA is provided in "Payment means type code" (BT-81).</description>
        <scope>DE-R-020</scope>
    </assert>
    <test>
        <assert>
          <description>DE-R-020 unit test</description>
          <success>DE-R-020</success>
        </assert>
        <Invoice xmlns="urn:oasis:names:specification:ubl:schema:xsd:Invoice-2" xmlns:cac="urn:oasis:names:specification:ubl:schema:xsd:CommonAggregateComponents-2" xmlns:cec="urn:oasis:names:specification:ubl:schema:xsd:CommonExtensionComponents-2" xmlns:cbc="urn:oasis:names:specification:ubl:schema:xsd:CommonBasicComponents-2">
            <cbc:CustomizationID>urn:cen.eu:en16931:2017#compliant#urn:fdc:peppol.eu:2017:poacc:billing:3.0</cbc:CustomizationID>
  <cbc:ProfileID>urn:fdc:peppol.eu:2017:poacc:billing:01:1.0</cbc:ProfileID>
  <cbc:ID>123456789</cbc:ID>
  <cbc:IssueDate>2019-02-28</cbc:IssueDate>
  <cbc:DueDate>2019-03-14</cbc:DueDate>
  <cbc:InvoiceTypeCode>380</cbc:InvoiceTypeCode>
  <cbc:DocumentCurrencyCode>EUR</cbc:DocumentCurrencyCode>
  <cbc:BuyerReference>90000000-03083-12</cbc:BuyerReference>
  <cac:InvoicePeriod>
    <cbc:StartDate>2018-05-01</cbc:StartDate>
    <cbc:EndDate>2019-01-31</cbc:EndDate>
  </cac:InvoicePeriod>
  <cac:ContractDocumentReference>
    <cbc:ID>CR123456</cbc:ID>
  </cac:ContractDocumentReference>
  <cac:AdditionalDocumentReference>
    <cbc:ID>01_15_Anhang_01.pdf</cbc:ID>
    <cbc:DocumentDescription>Aufschlüsselung der einzelnen
      Leistungspositionen</cbc:DocumentDescription>
  </cac:AdditionalDocumentReference>
  <cac:AccountingSupplierParty>
    <cac:Party>
      <cbc:EndpointID schemeID="0002">123456</cbc:EndpointID>
      <cac:PartyIdentification>
        <!-- BT-90 -->
        <cbc:ID schemeID="SEPA">[Bank assigned creditor identifier]</cbc:ID>
      </cac:PartyIdentification>
      <cac:PartyName>
        <cbc:Name>[Seller name]</cbc:Name>
      </cac:PartyName>
      <cac:PostalAddress>
        <cbc:StreetName>[Seller address line 1]</cbc:StreetName>
        <cbc:CityName>[Seller city]</cbc:CityName>
        <cbc:PostalZone>12345</cbc:PostalZone>
        <cac:Country>
          <cbc:IdentificationCode>DE</cbc:IdentificationCode>
        </cac:Country>
      </cac:PostalAddress>
      <cac:PartyTaxScheme>
        <cbc:CompanyID>DEU123456789</cbc:CompanyID>
        <cac:TaxScheme>
          <cbc:ID>VAT</cbc:ID>
        </cac:TaxScheme>
      </cac:PartyTaxScheme>
      <cac:PartyLegalEntity>
        <cbc:RegistrationName>[Seller name]</cbc:RegistrationName>
      </cac:PartyLegalEntity>
      <cac:Contact>
        <cbc:Name>Kundencenter</cbc:Name>
        <cbc:Telephone>0800-12345678</cbc:Telephone>
        <cbc:ElectronicMail>kundencenter@sellder.de</cbc:ElectronicMail>
      </cac:Contact>
    </cac:Party>
  </cac:AccountingSupplierParty>
  <cac:AccountingCustomerParty>
    <cac:Party>
      <cbc:EndpointID schemeID="0002">123456</cbc:EndpointID>
      <cac:PartyIdentification>
        <cbc:ID>BI123456</cbc:ID>
      </cac:PartyIdentification>
      <cac:PartyName>
        <cbc:Name>[Buyer name]</cbc:Name>
      </cac:PartyName>
      <cac:PostalAddress>
        <cbc:StreetName>[Buyer address line 1]</cbc:StreetName>
        <cbc:CityName>[Buyer city]</cbc:CityName>
        <cbc:PostalZone>12345</cbc:PostalZone>
        <cac:Country>
          <cbc:IdentificationCode>DE</cbc:IdentificationCode>
        </cac:Country>
      </cac:PostalAddress>
      <cac:PartyLegalEntity>
        <cbc:RegistrationName>[Buyer name]</cbc:RegistrationName>
      </cac:PartyLegalEntity>
    </cac:Party>
  </cac:AccountingCustomerParty>
  <cac:PaymentMeans>
    <!-- BT-81 -->
    <cbc:PaymentMeansCode>59</cbc:PaymentMeansCode>
    <cac:PaymentMandate>
      <cbc:ID>mandate id</cbc:ID>
      <cac:PayerFinancialAccount>
        <!-- BT-91 -->
        <cbc:ID>DE75512108001245126199</cbc:ID>
      </cac:PayerFinancialAccount>
    </cac:PaymentMandate>
  </cac:PaymentMeans>
  <cac:PaymentTerms>
    <cbc:Note>Dieses Guthaben werden wir auf Ihr Konto erstatten.</cbc:Note>
  </cac:PaymentTerms>
  <cac:TaxTotal>
    <cbc:TaxAmount currencyID="EUR">117.58</cbc:TaxAmount>
    <cac:TaxSubtotal>
      <cbc:TaxableAmount currencyID="EUR">578.89</cbc:TaxableAmount>
      <cbc:TaxAmount currencyID="EUR">109.99</cbc:TaxAmount>
      <cac:TaxCategory>
        <cbc:ID>S</cbc:ID>
        <cbc:Percent>19</cbc:Percent>
        <cac:TaxScheme>
          <cbc:ID>VAT</cbc:ID>
        </cac:TaxScheme>
      </cac:TaxCategory>
    </cac:TaxSubtotal>
    <cac:TaxSubtotal>
      <cbc:TaxableAmount currencyID="EUR">108.39</cbc:TaxableAmount>
      <cbc:TaxAmount currencyID="EUR">7.59</cbc:TaxAmount>
      <cac:TaxCategory>
        <cbc:ID>S</cbc:ID>
        <cbc:Percent>7</cbc:Percent>
        <cac:TaxScheme>
          <cbc:ID>VAT</cbc:ID>
        </cac:TaxScheme>
      </cac:TaxCategory>
    </cac:TaxSubtotal>
  </cac:TaxTotal>
  <cac:LegalMonetaryTotal>
    <cbc:LineExtensionAmount currencyID="EUR">687.28</cbc:LineExtensionAmount>
    <cbc:TaxExclusiveAmount currencyID="EUR">687.28</cbc:TaxExclusiveAmount>
    <cbc:TaxInclusiveAmount currencyID="EUR">804.86</cbc:TaxInclusiveAmount>
    <cbc:PrepaidAmount currencyID="EUR">1030</cbc:PrepaidAmount>
    <cbc:PayableAmount currencyID="EUR">-225.14</cbc:PayableAmount>
  </cac:LegalMonetaryTotal>
  <cac:InvoiceLine>
    <cbc:ID>1.1</cbc:ID>
    <cbc:Note>Arbeitspreis Strom</cbc:Note>
    <cbc:InvoicedQuantity unitCode="KWH">935</cbc:InvoicedQuantity>
    <cbc:LineExtensionAmount currencyID="EUR">204.3</cbc:LineExtensionAmount>
    <cac:InvoicePeriod>
      <cbc:StartDate>2018-05-01</cbc:StartDate>
      <cbc:EndDate>2018-12-31</cbc:EndDate>
    </cac:InvoicePeriod>
    <cac:Item>
      <cbc:Name>Arbeitspreis Strom</cbc:Name>
      <cac:ClassifiedTaxCategory>
        <cbc:ID>S</cbc:ID>
        <cbc:Percent>19</cbc:Percent>
        <cac:TaxScheme>
          <cbc:ID>VAT</cbc:ID>
        </cac:TaxScheme>
      </cac:ClassifiedTaxCategory>
    </cac:Item>
    <cac:Price>
      <cbc:PriceAmount currencyID="EUR">0.2185</cbc:PriceAmount>
    </cac:Price>
  </cac:InvoiceLine>
  <cac:InvoiceLine>
    <cbc:ID>1.2</cbc:ID>
    <cbc:Note>Arbeitspreis Strom</cbc:Note>
    <cbc:InvoicedQuantity unitCode="KWH">119</cbc:InvoicedQuantity>
    <cbc:LineExtensionAmount currencyID="EUR">26</cbc:LineExtensionAmount>
    <cac:InvoicePeriod>
      <cbc:StartDate>2019-01-01</cbc:StartDate>
      <cbc:EndDate>2019-01-31</cbc:EndDate>
    </cac:InvoicePeriod>
    <cac:Item>
      <cbc:Name>Arbeitspreis Strom</cbc:Name>
      <cac:ClassifiedTaxCategory>
        <cbc:ID>S</cbc:ID>
        <cbc:Percent>19</cbc:Percent>
        <cac:TaxScheme>
          <cbc:ID>VAT</cbc:ID>
        </cac:TaxScheme>
      </cac:ClassifiedTaxCategory>
    </cac:Item>
    <cac:Price>
      <cbc:PriceAmount currencyID="EUR">0.2185</cbc:PriceAmount>
    </cac:Price>
  </cac:InvoiceLine>
  <cac:InvoiceLine>
    <cbc:ID>1.3</cbc:ID>
    <cbc:Note>Grundpreis Strom</cbc:Note>
    <cbc:InvoicedQuantity unitCode="DAY">245</cbc:InvoicedQuantity>
    <cbc:LineExtensionAmount currencyID="EUR">25.05</cbc:LineExtensionAmount>
    <cac:InvoicePeriod>
      <cbc:StartDate>2018-05-01</cbc:StartDate>
      <cbc:EndDate>2018-12-31</cbc:EndDate>
    </cac:InvoicePeriod>
    <cac:Item>
      <cbc:Name>Grundpreis Strom</cbc:Name>
      <cac:ClassifiedTaxCategory>
        <cbc:ID>S</cbc:ID>
        <cbc:Percent>19</cbc:Percent>
        <cac:TaxScheme>
          <cbc:ID>VAT</cbc:ID>
        </cac:TaxScheme>
      </cac:ClassifiedTaxCategory>
    </cac:Item>
    <cac:Price>
      <cbc:PriceAmount currencyID="EUR">0.1022449</cbc:PriceAmount>
    </cac:Price>
  </cac:InvoiceLine>
  <cac:InvoiceLine>
    <cbc:ID>1.4</cbc:ID>
    <cbc:Note>Grundpreis Strom</cbc:Note>
    <cbc:InvoicedQuantity unitCode="DAY">31</cbc:InvoicedQuantity>
    <cbc:LineExtensionAmount currencyID="EUR">3.17</cbc:LineExtensionAmount>
    <cac:InvoicePeriod>
      <cbc:StartDate>2019-01-01</cbc:StartDate>
      <cbc:EndDate>2019-01-31</cbc:EndDate>
    </cac:InvoicePeriod>
    <cac:Item>
      <cbc:Name>Grundpreis Strom</cbc:Name>
      <cac:ClassifiedTaxCategory>
        <cbc:ID>S</cbc:ID>
        <cbc:Percent>19</cbc:Percent>
        <cac:TaxScheme>
          <cbc:ID>VAT</cbc:ID>
        </cac:TaxScheme>
      </cac:ClassifiedTaxCategory>
    </cac:Item>
    <cac:Price>
      <cbc:PriceAmount currencyID="EUR">0.10225806</cbc:PriceAmount>
    </cac:Price>
  </cac:InvoiceLine>
  <cac:InvoiceLine>
    <cbc:ID>2.1</cbc:ID>
    <cbc:Note>Arbeitspreis Gas</cbc:Note>
    <cbc:InvoicedQuantity unitCode="KWH">328</cbc:InvoicedQuantity>
    <cbc:LineExtensionAmount currencyID="EUR">13.28</cbc:LineExtensionAmount>
    <cac:InvoicePeriod>
      <cbc:StartDate>2018-05-01</cbc:StartDate>
      <cbc:EndDate>2018-07-03</cbc:EndDate>
    </cac:InvoicePeriod>
    <cac:Item>
      <cbc:Name>Arbeitspreis Gas</cbc:Name>
      <cac:ClassifiedTaxCategory>
        <cbc:ID>S</cbc:ID>
        <cbc:Percent>19</cbc:Percent>
        <cac:TaxScheme>
          <cbc:ID>VAT</cbc:ID>
        </cac:TaxScheme>
      </cac:ClassifiedTaxCategory>
    </cac:Item>
    <cac:Price>
      <cbc:PriceAmount currencyID="EUR">0.0405</cbc:PriceAmount>
    </cac:Price>
  </cac:InvoiceLine>
  <cac:InvoiceLine>
    <cbc:ID>2.2</cbc:ID>
    <cbc:Note>Arbeitspreis Gas</cbc:Note>
    <cbc:InvoicedQuantity unitCode="KWH">3875</cbc:InvoicedQuantity>
    <cbc:LineExtensionAmount currencyID="EUR">156.94</cbc:LineExtensionAmount>
    <cac:InvoicePeriod>
      <cbc:StartDate>2018-07-04</cbc:StartDate>
      <cbc:EndDate>2018-12-31</cbc:EndDate>
    </cac:InvoicePeriod>
    <cac:Item>
      <cbc:Name>Arbeitspreis Gas</cbc:Name>
      <cac:ClassifiedTaxCategory>
        <cbc:ID>S</cbc:ID>
        <cbc:Percent>19</cbc:Percent>
        <cac:TaxScheme>
          <cbc:ID>VAT</cbc:ID>
        </cac:TaxScheme>
      </cac:ClassifiedTaxCategory>
    </cac:Item>
    <cac:Price>
      <cbc:PriceAmount currencyID="EUR">0.0405</cbc:PriceAmount>
    </cac:Price>
  </cac:InvoiceLine>
  <cac:InvoiceLine>
    <cbc:ID>2.3</cbc:ID>
    <cbc:Note>Arbeitspreis Gas</cbc:Note>
    <cbc:InvoicedQuantity unitCode="KWH">1746</cbc:InvoicedQuantity>
    <cbc:LineExtensionAmount currencyID="EUR">70.71</cbc:LineExtensionAmount>
    <cac:InvoicePeriod>
      <cbc:StartDate>2019-01-01</cbc:StartDate>
      <cbc:EndDate>2019-01-31</cbc:EndDate>
    </cac:InvoicePeriod>
    <cac:Item>
      <cbc:Name>Arbeitspreis Gas</cbc:Name>
      <cac:ClassifiedTaxCategory>
        <cbc:ID>S</cbc:ID>
        <cbc:Percent>19</cbc:Percent>
        <cac:TaxScheme>
          <cbc:ID>VAT</cbc:ID>
        </cac:TaxScheme>
      </cac:ClassifiedTaxCategory>
    </cac:Item>
    <cac:Price>
      <cbc:PriceAmount currencyID="EUR">0.0405</cbc:PriceAmount>
    </cac:Price>
  </cac:InvoiceLine>
  <cac:InvoiceLine>
    <cbc:ID>2.4</cbc:ID>
    <cbc:Note>Grundpreis Gas</cbc:Note>
    <cbc:InvoicedQuantity unitCode="DAY">64</cbc:InvoicedQuantity>
    <cbc:LineExtensionAmount currencyID="EUR">18.42</cbc:LineExtensionAmount>
    <cac:InvoicePeriod>
      <cbc:StartDate>2018-05-01</cbc:StartDate>
      <cbc:EndDate>2018-07-03</cbc:EndDate>
    </cac:InvoicePeriod>
    <cac:Item>
      <cbc:Name>Grundpreis Gas</cbc:Name>
      <cac:ClassifiedTaxCategory>
        <cbc:ID>S</cbc:ID>
        <cbc:Percent>19</cbc:Percent>
        <cac:TaxScheme>
          <cbc:ID>VAT</cbc:ID>
        </cac:TaxScheme>
      </cac:ClassifiedTaxCategory>
    </cac:Item>
    <cac:Price>
      <cbc:PriceAmount currencyID="EUR">0.2878125</cbc:PriceAmount>
    </cac:Price>
  </cac:InvoiceLine>
  <cac:InvoiceLine>
    <cbc:ID>2.5</cbc:ID>
    <cbc:Note>Grundpreis Gas</cbc:Note>
    <cbc:InvoicedQuantity unitCode="DAY">181</cbc:InvoicedQuantity>
    <cbc:LineExtensionAmount currencyID="EUR">52.09</cbc:LineExtensionAmount>
    <cac:InvoicePeriod>
      <cbc:StartDate>2018-07-04</cbc:StartDate>
      <cbc:EndDate>2018-12-31</cbc:EndDate>
    </cac:InvoicePeriod>
    <cac:Item>
      <cbc:Name>Grundpreis Gas</cbc:Name>
      <cac:ClassifiedTaxCategory>
        <cbc:ID>S</cbc:ID>
        <cbc:Percent>19</cbc:Percent>
        <cac:TaxScheme>
          <cbc:ID>VAT</cbc:ID>
        </cac:TaxScheme>
      </cac:ClassifiedTaxCategory>
    </cac:Item>
    <cac:Price>
      <cbc:PriceAmount currencyID="EUR">0.28779006</cbc:PriceAmount>
    </cac:Price>
  </cac:InvoiceLine>
  <cac:InvoiceLine>
    <cbc:ID>2.6</cbc:ID>
    <cbc:Note>Grundpreis Gas</cbc:Note>
    <cbc:InvoicedQuantity unitCode="DAY">31</cbc:InvoicedQuantity>
    <cbc:LineExtensionAmount currencyID="EUR">8.93</cbc:LineExtensionAmount>
    <cac:InvoicePeriod>
      <cbc:StartDate>2019-01-01</cbc:StartDate>
      <cbc:EndDate>2019-01-31</cbc:EndDate>
    </cac:InvoicePeriod>
    <cac:Item>
      <cbc:Name>Grundpreis Gas</cbc:Name>
      <cac:ClassifiedTaxCategory>
        <cbc:ID>S</cbc:ID>
        <cbc:Percent>19</cbc:Percent>
        <cac:TaxScheme>
          <cbc:ID>VAT</cbc:ID>
        </cac:TaxScheme>
      </cac:ClassifiedTaxCategory>
    </cac:Item>
    <cac:Price>
      <cbc:PriceAmount currencyID="EUR">0.28806452</cbc:PriceAmount>
    </cac:Price>
  </cac:InvoiceLine>
  <cac:InvoiceLine>
    <cbc:ID>3.1</cbc:ID>
    <cbc:Note>Arbeitspreis Wasser</cbc:Note>
    <cbc:InvoicedQuantity unitCode="MTQ">25</cbc:InvoicedQuantity>
    <cbc:LineExtensionAmount currencyID="EUR">46.5</cbc:LineExtensionAmount>
    <cac:InvoicePeriod>
      <cbc:StartDate>2018-05-01</cbc:StartDate>
      <cbc:EndDate>2018-12-31</cbc:EndDate>
    </cac:InvoicePeriod>
    <cac:Item>
      <cbc:Name>Arbeitspreis Wasser</cbc:Name>
      <cac:ClassifiedTaxCategory>
        <cbc:ID>S</cbc:ID>
        <cbc:Percent>7</cbc:Percent>
        <cac:TaxScheme>
          <cbc:ID>VAT</cbc:ID>
        </cac:TaxScheme>
      </cac:ClassifiedTaxCategory>
    </cac:Item>
    <cac:Price>
      <cbc:PriceAmount currencyID="EUR">1.86</cbc:PriceAmount>
    </cac:Price>
  </cac:InvoiceLine>
  <cac:InvoiceLine>
    <cbc:ID>3.2</cbc:ID>
    <cbc:Note>Arbeitspreis Wasser</cbc:Note>
    <cbc:InvoicedQuantity unitCode="MTQ">4</cbc:InvoicedQuantity>
    <cbc:LineExtensionAmount currencyID="EUR">7.44</cbc:LineExtensionAmount>
    <cac:InvoicePeriod>
      <cbc:StartDate>2019-01-01</cbc:StartDate>
      <cbc:EndDate>2019-01-31</cbc:EndDate>
    </cac:InvoicePeriod>
    <cac:Item>
      <cbc:Name>Arbeitspreis Wasser</cbc:Name>
      <cac:ClassifiedTaxCategory>
        <cbc:ID>S</cbc:ID>
        <cbc:Percent>7</cbc:Percent>
        <cac:TaxScheme>
          <cbc:ID>VAT</cbc:ID>
        </cac:TaxScheme>
      </cac:ClassifiedTaxCategory>
    </cac:Item>
    <cac:Price>
      <cbc:PriceAmount currencyID="EUR">1.86</cbc:PriceAmount>
    </cac:Price>
  </cac:InvoiceLine>
  <cac:InvoiceLine>
    <cbc:ID>3.3</cbc:ID>
    <cbc:Note>Grundpreis Wasser</cbc:Note>
    <cbc:InvoicedQuantity unitCode="DAY">245</cbc:InvoicedQuantity>
    <cbc:LineExtensionAmount currencyID="EUR">48.33</cbc:LineExtensionAmount>
    <cac:InvoicePeriod>
      <cbc:StartDate>2018-05-01</cbc:StartDate>
      <cbc:EndDate>2018-12-31</cbc:EndDate>
    </cac:InvoicePeriod>
    <cac:Item>
      <cbc:Name>Grundpreis Wasser</cbc:Name>
      <cac:ClassifiedTaxCategory>
        <cbc:ID>S</cbc:ID>
        <cbc:Percent>7</cbc:Percent>
        <cac:TaxScheme>
          <cbc:ID>VAT</cbc:ID>
        </cac:TaxScheme>
      </cac:ClassifiedTaxCategory>
    </cac:Item>
    <cac:Price>
      <cbc:PriceAmount currencyID="EUR">0.1973</cbc:PriceAmount>
    </cac:Price>
  </cac:InvoiceLine>
  <cac:InvoiceLine>
    <cbc:ID>3.4</cbc:ID>
    <cbc:Note>Grundpreis Wasser</cbc:Note>
    <cbc:InvoicedQuantity unitCode="DAY">31</cbc:InvoicedQuantity>
    <cbc:LineExtensionAmount currencyID="EUR">6.12</cbc:LineExtensionAmount>
    <cac:InvoicePeriod>
      <cbc:StartDate>2019-01-01</cbc:StartDate>
      <cbc:EndDate>2019-01-31</cbc:EndDate>
    </cac:InvoicePeriod>
    <cac:Item>
      <cbc:Name>Grundpreis Wasser</cbc:Name>
      <cac:ClassifiedTaxCategory>
        <cbc:ID>S</cbc:ID>
        <cbc:Percent>7</cbc:Percent>
        <cac:TaxScheme>
          <cbc:ID>VAT</cbc:ID>
        </cac:TaxScheme>
      </cac:ClassifiedTaxCategory>
    </cac:Item>
    <cac:Price>
      <cbc:PriceAmount currencyID="EUR">0.1973</cbc:PriceAmount>
    </cac:Price>
  </cac:InvoiceLine>
</Invoice>
    </test>
    
    <test>
        <assert>
          <description>DE-R-020 unit test</description>
          <warning>DE-R-020</warning>
        </assert>
        <Invoice xmlns="urn:oasis:names:specification:ubl:schema:xsd:Invoice-2" xmlns:cac="urn:oasis:names:specification:ubl:schema:xsd:CommonAggregateComponents-2" xmlns:cec="urn:oasis:names:specification:ubl:schema:xsd:CommonExtensionComponents-2" xmlns:cbc="urn:oasis:names:specification:ubl:schema:xsd:CommonBasicComponents-2">
            <cbc:CustomizationID>urn:cen.eu:en16931:2017#compliant#urn:fdc:peppol.eu:2017:poacc:billing:3.0</cbc:CustomizationID>
  <cbc:ProfileID>urn:fdc:peppol.eu:2017:poacc:billing:01:1.0</cbc:ProfileID>
  <cbc:ID>123456789</cbc:ID>
  <cbc:IssueDate>2019-02-28</cbc:IssueDate>
  <cbc:DueDate>2019-03-14</cbc:DueDate>
  <cbc:InvoiceTypeCode>380</cbc:InvoiceTypeCode>
  <cbc:DocumentCurrencyCode>EUR</cbc:DocumentCurrencyCode>
  <cbc:BuyerReference>90000000-03083-12</cbc:BuyerReference>
  <cac:InvoicePeriod>
    <cbc:StartDate>2018-05-01</cbc:StartDate>
    <cbc:EndDate>2019-01-31</cbc:EndDate>
  </cac:InvoicePeriod>
  <cac:ContractDocumentReference>
    <cbc:ID>CR123456</cbc:ID>
  </cac:ContractDocumentReference>
  <cac:AdditionalDocumentReference>
    <cbc:ID>01_15_Anhang_01.pdf</cbc:ID>
    <cbc:DocumentDescription>Aufschlüsselung der einzelnen
      Leistungspositionen</cbc:DocumentDescription>
  </cac:AdditionalDocumentReference>
  <cac:AccountingSupplierParty>
    <cac:Party>
      <cbc:EndpointID schemeID="0002">123456</cbc:EndpointID>
      <cac:PartyIdentification>
        <!-- BT-90 -->
        <cbc:ID schemeID="SEPA">[Bank assigned creditor identifier]</cbc:ID>
      </cac:PartyIdentification>
      <cac:PartyName>
        <cbc:Name>[Seller name]</cbc:Name>
      </cac:PartyName>
      <cac:PostalAddress>
        <cbc:StreetName>[Seller address line 1]</cbc:StreetName>
        <cbc:CityName>[Seller city]</cbc:CityName>
        <cbc:PostalZone>12345</cbc:PostalZone>
        <cac:Country>
          <cbc:IdentificationCode>DE</cbc:IdentificationCode>
        </cac:Country>
      </cac:PostalAddress>
      <cac:PartyTaxScheme>
        <cbc:CompanyID>DEU123456789</cbc:CompanyID>
        <cac:TaxScheme>
          <cbc:ID>VAT</cbc:ID>
        </cac:TaxScheme>
      </cac:PartyTaxScheme>
      <cac:PartyLegalEntity>
        <cbc:RegistrationName>[Seller name]</cbc:RegistrationName>
      </cac:PartyLegalEntity>
      <cac:Contact>
        <cbc:Name>Kundencenter</cbc:Name>
        <cbc:Telephone>0800-12345678</cbc:Telephone>
        <cbc:ElectronicMail>kundencenter@sellder.de</cbc:ElectronicMail>
      </cac:Contact>
    </cac:Party>
  </cac:AccountingSupplierParty>
  <cac:AccountingCustomerParty>
    <cac:Party>
      <cbc:EndpointID schemeID="0002">123456</cbc:EndpointID>
      <cac:PartyIdentification>
        <cbc:ID>BI123456</cbc:ID>
      </cac:PartyIdentification>
      <cac:PartyName>
        <cbc:Name>[Buyer name]</cbc:Name>
      </cac:PartyName>
      <cac:PostalAddress>
        <cbc:StreetName>[Buyer address line 1]</cbc:StreetName>
        <cbc:CityName>[Buyer city]</cbc:CityName>
        <cbc:PostalZone>12345</cbc:PostalZone>
        <cac:Country>
          <cbc:IdentificationCode>DE</cbc:IdentificationCode>
        </cac:Country>
      </cac:PostalAddress>
      <cac:PartyLegalEntity>
        <cbc:RegistrationName>[Buyer name]</cbc:RegistrationName>
      </cac:PartyLegalEntity>
    </cac:Party>
  </cac:AccountingCustomerParty>
  <cac:PaymentMeans>
    <!-- BT-81 -->
    <cbc:PaymentMeansCode>59</cbc:PaymentMeansCode>
    <cac:PaymentMandate>
      <cbc:ID>mandate id</cbc:ID>
      <cac:PayerFinancialAccount>
        <!-- BT-91 -->
        <cbc:ID>AS28192373298</cbc:ID>
      </cac:PayerFinancialAccount>
    </cac:PaymentMandate>
  </cac:PaymentMeans>
  <cac:PaymentTerms>
    <cbc:Note>Dieses Guthaben werden wir auf Ihr Konto erstatten.</cbc:Note>
  </cac:PaymentTerms>
  <cac:TaxTotal>
    <cbc:TaxAmount currencyID="EUR">117.58</cbc:TaxAmount>
    <cac:TaxSubtotal>
      <cbc:TaxableAmount currencyID="EUR">578.89</cbc:TaxableAmount>
      <cbc:TaxAmount currencyID="EUR">109.99</cbc:TaxAmount>
      <cac:TaxCategory>
        <cbc:ID>S</cbc:ID>
        <cbc:Percent>19</cbc:Percent>
        <cac:TaxScheme>
          <cbc:ID>VAT</cbc:ID>
        </cac:TaxScheme>
      </cac:TaxCategory>
    </cac:TaxSubtotal>
    <cac:TaxSubtotal>
      <cbc:TaxableAmount currencyID="EUR">108.39</cbc:TaxableAmount>
      <cbc:TaxAmount currencyID="EUR">7.59</cbc:TaxAmount>
      <cac:TaxCategory>
        <cbc:ID>S</cbc:ID>
        <cbc:Percent>7</cbc:Percent>
        <cac:TaxScheme>
          <cbc:ID>VAT</cbc:ID>
        </cac:TaxScheme>
      </cac:TaxCategory>
    </cac:TaxSubtotal>
  </cac:TaxTotal>
  <cac:LegalMonetaryTotal>
    <cbc:LineExtensionAmount currencyID="EUR">687.28</cbc:LineExtensionAmount>
    <cbc:TaxExclusiveAmount currencyID="EUR">687.28</cbc:TaxExclusiveAmount>
    <cbc:TaxInclusiveAmount currencyID="EUR">804.86</cbc:TaxInclusiveAmount>
    <cbc:PrepaidAmount currencyID="EUR">1030</cbc:PrepaidAmount>
    <cbc:PayableAmount currencyID="EUR">-225.14</cbc:PayableAmount>
  </cac:LegalMonetaryTotal>
  <cac:InvoiceLine>
    <cbc:ID>1.1</cbc:ID>
    <cbc:Note>Arbeitspreis Strom</cbc:Note>
    <cbc:InvoicedQuantity unitCode="KWH">935</cbc:InvoicedQuantity>
    <cbc:LineExtensionAmount currencyID="EUR">204.3</cbc:LineExtensionAmount>
    <cac:InvoicePeriod>
      <cbc:StartDate>2018-05-01</cbc:StartDate>
      <cbc:EndDate>2018-12-31</cbc:EndDate>
    </cac:InvoicePeriod>
    <cac:Item>
      <cbc:Name>Arbeitspreis Strom</cbc:Name>
      <cac:ClassifiedTaxCategory>
        <cbc:ID>S</cbc:ID>
        <cbc:Percent>19</cbc:Percent>
        <cac:TaxScheme>
          <cbc:ID>VAT</cbc:ID>
        </cac:TaxScheme>
      </cac:ClassifiedTaxCategory>
    </cac:Item>
    <cac:Price>
      <cbc:PriceAmount currencyID="EUR">0.2185</cbc:PriceAmount>
    </cac:Price>
  </cac:InvoiceLine>
  <cac:InvoiceLine>
    <cbc:ID>1.2</cbc:ID>
    <cbc:Note>Arbeitspreis Strom</cbc:Note>
    <cbc:InvoicedQuantity unitCode="KWH">119</cbc:InvoicedQuantity>
    <cbc:LineExtensionAmount currencyID="EUR">26</cbc:LineExtensionAmount>
    <cac:InvoicePeriod>
      <cbc:StartDate>2019-01-01</cbc:StartDate>
      <cbc:EndDate>2019-01-31</cbc:EndDate>
    </cac:InvoicePeriod>
    <cac:Item>
      <cbc:Name>Arbeitspreis Strom</cbc:Name>
      <cac:ClassifiedTaxCategory>
        <cbc:ID>S</cbc:ID>
        <cbc:Percent>19</cbc:Percent>
        <cac:TaxScheme>
          <cbc:ID>VAT</cbc:ID>
        </cac:TaxScheme>
      </cac:ClassifiedTaxCategory>
    </cac:Item>
    <cac:Price>
      <cbc:PriceAmount currencyID="EUR">0.2185</cbc:PriceAmount>
    </cac:Price>
  </cac:InvoiceLine>
  <cac:InvoiceLine>
    <cbc:ID>1.3</cbc:ID>
    <cbc:Note>Grundpreis Strom</cbc:Note>
    <cbc:InvoicedQuantity unitCode="DAY">245</cbc:InvoicedQuantity>
    <cbc:LineExtensionAmount currencyID="EUR">25.05</cbc:LineExtensionAmount>
    <cac:InvoicePeriod>
      <cbc:StartDate>2018-05-01</cbc:StartDate>
      <cbc:EndDate>2018-12-31</cbc:EndDate>
    </cac:InvoicePeriod>
    <cac:Item>
      <cbc:Name>Grundpreis Strom</cbc:Name>
      <cac:ClassifiedTaxCategory>
        <cbc:ID>S</cbc:ID>
        <cbc:Percent>19</cbc:Percent>
        <cac:TaxScheme>
          <cbc:ID>VAT</cbc:ID>
        </cac:TaxScheme>
      </cac:ClassifiedTaxCategory>
    </cac:Item>
    <cac:Price>
      <cbc:PriceAmount currencyID="EUR">0.1022449</cbc:PriceAmount>
    </cac:Price>
  </cac:InvoiceLine>
  <cac:InvoiceLine>
    <cbc:ID>1.4</cbc:ID>
    <cbc:Note>Grundpreis Strom</cbc:Note>
    <cbc:InvoicedQuantity unitCode="DAY">31</cbc:InvoicedQuantity>
    <cbc:LineExtensionAmount currencyID="EUR">3.17</cbc:LineExtensionAmount>
    <cac:InvoicePeriod>
      <cbc:StartDate>2019-01-01</cbc:StartDate>
      <cbc:EndDate>2019-01-31</cbc:EndDate>
    </cac:InvoicePeriod>
    <cac:Item>
      <cbc:Name>Grundpreis Strom</cbc:Name>
      <cac:ClassifiedTaxCategory>
        <cbc:ID>S</cbc:ID>
        <cbc:Percent>19</cbc:Percent>
        <cac:TaxScheme>
          <cbc:ID>VAT</cbc:ID>
        </cac:TaxScheme>
      </cac:ClassifiedTaxCategory>
    </cac:Item>
    <cac:Price>
      <cbc:PriceAmount currencyID="EUR">0.10225806</cbc:PriceAmount>
    </cac:Price>
  </cac:InvoiceLine>
  <cac:InvoiceLine>
    <cbc:ID>2.1</cbc:ID>
    <cbc:Note>Arbeitspreis Gas</cbc:Note>
    <cbc:InvoicedQuantity unitCode="KWH">328</cbc:InvoicedQuantity>
    <cbc:LineExtensionAmount currencyID="EUR">13.28</cbc:LineExtensionAmount>
    <cac:InvoicePeriod>
      <cbc:StartDate>2018-05-01</cbc:StartDate>
      <cbc:EndDate>2018-07-03</cbc:EndDate>
    </cac:InvoicePeriod>
    <cac:Item>
      <cbc:Name>Arbeitspreis Gas</cbc:Name>
      <cac:ClassifiedTaxCategory>
        <cbc:ID>S</cbc:ID>
        <cbc:Percent>19</cbc:Percent>
        <cac:TaxScheme>
          <cbc:ID>VAT</cbc:ID>
        </cac:TaxScheme>
      </cac:ClassifiedTaxCategory>
    </cac:Item>
    <cac:Price>
      <cbc:PriceAmount currencyID="EUR">0.0405</cbc:PriceAmount>
    </cac:Price>
  </cac:InvoiceLine>
  <cac:InvoiceLine>
    <cbc:ID>2.2</cbc:ID>
    <cbc:Note>Arbeitspreis Gas</cbc:Note>
    <cbc:InvoicedQuantity unitCode="KWH">3875</cbc:InvoicedQuantity>
    <cbc:LineExtensionAmount currencyID="EUR">156.94</cbc:LineExtensionAmount>
    <cac:InvoicePeriod>
      <cbc:StartDate>2018-07-04</cbc:StartDate>
      <cbc:EndDate>2018-12-31</cbc:EndDate>
    </cac:InvoicePeriod>
    <cac:Item>
      <cbc:Name>Arbeitspreis Gas</cbc:Name>
      <cac:ClassifiedTaxCategory>
        <cbc:ID>S</cbc:ID>
        <cbc:Percent>19</cbc:Percent>
        <cac:TaxScheme>
          <cbc:ID>VAT</cbc:ID>
        </cac:TaxScheme>
      </cac:ClassifiedTaxCategory>
    </cac:Item>
    <cac:Price>
      <cbc:PriceAmount currencyID="EUR">0.0405</cbc:PriceAmount>
    </cac:Price>
  </cac:InvoiceLine>
  <cac:InvoiceLine>
    <cbc:ID>2.3</cbc:ID>
    <cbc:Note>Arbeitspreis Gas</cbc:Note>
    <cbc:InvoicedQuantity unitCode="KWH">1746</cbc:InvoicedQuantity>
    <cbc:LineExtensionAmount currencyID="EUR">70.71</cbc:LineExtensionAmount>
    <cac:InvoicePeriod>
      <cbc:StartDate>2019-01-01</cbc:StartDate>
      <cbc:EndDate>2019-01-31</cbc:EndDate>
    </cac:InvoicePeriod>
    <cac:Item>
      <cbc:Name>Arbeitspreis Gas</cbc:Name>
      <cac:ClassifiedTaxCategory>
        <cbc:ID>S</cbc:ID>
        <cbc:Percent>19</cbc:Percent>
        <cac:TaxScheme>
          <cbc:ID>VAT</cbc:ID>
        </cac:TaxScheme>
      </cac:ClassifiedTaxCategory>
    </cac:Item>
    <cac:Price>
      <cbc:PriceAmount currencyID="EUR">0.0405</cbc:PriceAmount>
    </cac:Price>
  </cac:InvoiceLine>
  <cac:InvoiceLine>
    <cbc:ID>2.4</cbc:ID>
    <cbc:Note>Grundpreis Gas</cbc:Note>
    <cbc:InvoicedQuantity unitCode="DAY">64</cbc:InvoicedQuantity>
    <cbc:LineExtensionAmount currencyID="EUR">18.42</cbc:LineExtensionAmount>
    <cac:InvoicePeriod>
      <cbc:StartDate>2018-05-01</cbc:StartDate>
      <cbc:EndDate>2018-07-03</cbc:EndDate>
    </cac:InvoicePeriod>
    <cac:Item>
      <cbc:Name>Grundpreis Gas</cbc:Name>
      <cac:ClassifiedTaxCategory>
        <cbc:ID>S</cbc:ID>
        <cbc:Percent>19</cbc:Percent>
        <cac:TaxScheme>
          <cbc:ID>VAT</cbc:ID>
        </cac:TaxScheme>
      </cac:ClassifiedTaxCategory>
    </cac:Item>
    <cac:Price>
      <cbc:PriceAmount currencyID="EUR">0.2878125</cbc:PriceAmount>
    </cac:Price>
  </cac:InvoiceLine>
  <cac:InvoiceLine>
    <cbc:ID>2.5</cbc:ID>
    <cbc:Note>Grundpreis Gas</cbc:Note>
    <cbc:InvoicedQuantity unitCode="DAY">181</cbc:InvoicedQuantity>
    <cbc:LineExtensionAmount currencyID="EUR">52.09</cbc:LineExtensionAmount>
    <cac:InvoicePeriod>
      <cbc:StartDate>2018-07-04</cbc:StartDate>
      <cbc:EndDate>2018-12-31</cbc:EndDate>
    </cac:InvoicePeriod>
    <cac:Item>
      <cbc:Name>Grundpreis Gas</cbc:Name>
      <cac:ClassifiedTaxCategory>
        <cbc:ID>S</cbc:ID>
        <cbc:Percent>19</cbc:Percent>
        <cac:TaxScheme>
          <cbc:ID>VAT</cbc:ID>
        </cac:TaxScheme>
      </cac:ClassifiedTaxCategory>
    </cac:Item>
    <cac:Price>
      <cbc:PriceAmount currencyID="EUR">0.28779006</cbc:PriceAmount>
    </cac:Price>
  </cac:InvoiceLine>
  <cac:InvoiceLine>
    <cbc:ID>2.6</cbc:ID>
    <cbc:Note>Grundpreis Gas</cbc:Note>
    <cbc:InvoicedQuantity unitCode="DAY">31</cbc:InvoicedQuantity>
    <cbc:LineExtensionAmount currencyID="EUR">8.93</cbc:LineExtensionAmount>
    <cac:InvoicePeriod>
      <cbc:StartDate>2019-01-01</cbc:StartDate>
      <cbc:EndDate>2019-01-31</cbc:EndDate>
    </cac:InvoicePeriod>
    <cac:Item>
      <cbc:Name>Grundpreis Gas</cbc:Name>
      <cac:ClassifiedTaxCategory>
        <cbc:ID>S</cbc:ID>
        <cbc:Percent>19</cbc:Percent>
        <cac:TaxScheme>
          <cbc:ID>VAT</cbc:ID>
        </cac:TaxScheme>
      </cac:ClassifiedTaxCategory>
    </cac:Item>
    <cac:Price>
      <cbc:PriceAmount currencyID="EUR">0.28806452</cbc:PriceAmount>
    </cac:Price>
  </cac:InvoiceLine>
  <cac:InvoiceLine>
    <cbc:ID>3.1</cbc:ID>
    <cbc:Note>Arbeitspreis Wasser</cbc:Note>
    <cbc:InvoicedQuantity unitCode="MTQ">25</cbc:InvoicedQuantity>
    <cbc:LineExtensionAmount currencyID="EUR">46.5</cbc:LineExtensionAmount>
    <cac:InvoicePeriod>
      <cbc:StartDate>2018-05-01</cbc:StartDate>
      <cbc:EndDate>2018-12-31</cbc:EndDate>
    </cac:InvoicePeriod>
    <cac:Item>
      <cbc:Name>Arbeitspreis Wasser</cbc:Name>
      <cac:ClassifiedTaxCategory>
        <cbc:ID>S</cbc:ID>
        <cbc:Percent>7</cbc:Percent>
        <cac:TaxScheme>
          <cbc:ID>VAT</cbc:ID>
        </cac:TaxScheme>
      </cac:ClassifiedTaxCategory>
    </cac:Item>
    <cac:Price>
      <cbc:PriceAmount currencyID="EUR">1.86</cbc:PriceAmount>
    </cac:Price>
  </cac:InvoiceLine>
  <cac:InvoiceLine>
    <cbc:ID>3.2</cbc:ID>
    <cbc:Note>Arbeitspreis Wasser</cbc:Note>
    <cbc:InvoicedQuantity unitCode="MTQ">4</cbc:InvoicedQuantity>
    <cbc:LineExtensionAmount currencyID="EUR">7.44</cbc:LineExtensionAmount>
    <cac:InvoicePeriod>
      <cbc:StartDate>2019-01-01</cbc:StartDate>
      <cbc:EndDate>2019-01-31</cbc:EndDate>
    </cac:InvoicePeriod>
    <cac:Item>
      <cbc:Name>Arbeitspreis Wasser</cbc:Name>
      <cac:ClassifiedTaxCategory>
        <cbc:ID>S</cbc:ID>
        <cbc:Percent>7</cbc:Percent>
        <cac:TaxScheme>
          <cbc:ID>VAT</cbc:ID>
        </cac:TaxScheme>
      </cac:ClassifiedTaxCategory>
    </cac:Item>
    <cac:Price>
      <cbc:PriceAmount currencyID="EUR">1.86</cbc:PriceAmount>
    </cac:Price>
  </cac:InvoiceLine>
  <cac:InvoiceLine>
    <cbc:ID>3.3</cbc:ID>
    <cbc:Note>Grundpreis Wasser</cbc:Note>
    <cbc:InvoicedQuantity unitCode="DAY">245</cbc:InvoicedQuantity>
    <cbc:LineExtensionAmount currencyID="EUR">48.33</cbc:LineExtensionAmount>
    <cac:InvoicePeriod>
      <cbc:StartDate>2018-05-01</cbc:StartDate>
      <cbc:EndDate>2018-12-31</cbc:EndDate>
    </cac:InvoicePeriod>
    <cac:Item>
      <cbc:Name>Grundpreis Wasser</cbc:Name>
      <cac:ClassifiedTaxCategory>
        <cbc:ID>S</cbc:ID>
        <cbc:Percent>7</cbc:Percent>
        <cac:TaxScheme>
          <cbc:ID>VAT</cbc:ID>
        </cac:TaxScheme>
      </cac:ClassifiedTaxCategory>
    </cac:Item>
    <cac:Price>
      <cbc:PriceAmount currencyID="EUR">0.1973</cbc:PriceAmount>
    </cac:Price>
  </cac:InvoiceLine>
  <cac:InvoiceLine>
    <cbc:ID>3.4</cbc:ID>
    <cbc:Note>Grundpreis Wasser</cbc:Note>
    <cbc:InvoicedQuantity unitCode="DAY">31</cbc:InvoicedQuantity>
    <cbc:LineExtensionAmount currencyID="EUR">6.12</cbc:LineExtensionAmount>
    <cac:InvoicePeriod>
      <cbc:StartDate>2019-01-01</cbc:StartDate>
      <cbc:EndDate>2019-01-31</cbc:EndDate>
    </cac:InvoicePeriod>
    <cac:Item>
      <cbc:Name>Grundpreis Wasser</cbc:Name>
      <cac:ClassifiedTaxCategory>
        <cbc:ID>S</cbc:ID>
        <cbc:Percent>7</cbc:Percent>
        <cac:TaxScheme>
          <cbc:ID>VAT</cbc:ID>
        </cac:TaxScheme>
      </cac:ClassifiedTaxCategory>
    </cac:Item>
    <cac:Price>
      <cbc:PriceAmount currencyID="EUR">0.1973</cbc:PriceAmount>
    </cac:Price>
  </cac:InvoiceLine>
</Invoice>
    </test>
</testSet>
