<?xml version="1.0" encoding="UTF-8"?>
<testSet xmlns="http://difi.no/xsd/vefa/validator/1.0" configuration="peppolbis-en16931-base-3.0-ubl">
	<assert>
    <description>DE-R-001 An invoice shall contain information on "PAYMENT INSTRUCTIONS" (BG-16).</description>
		<scope>DE-R-001</scope>
	</assert>
	<test>
		<assert>
		    <description>DE-R-001 unit test</description>
			<success>DE-R-001</success>
		</assert>
<Invoice xmlns="urn:oasis:names:specification:ubl:schema:xsd:Invoice-2" xmlns:cac="urn:oasis:names:specification:ubl:schema:xsd:CommonAggregateComponents-2" xmlns:cec="urn:oasis:names:specification:ubl:schema:xsd:CommonExtensionComponents-2" xmlns:cbc="urn:oasis:names:specification:ubl:schema:xsd:CommonBasicComponents-2">
    <cbc:CustomizationID>urn:cen.eu:en16931:2017#compliant#urn:fdc:peppol.eu:2017:poacc:billing:3.0</cbc:CustomizationID>
    <cbc:ProfileID>urn:fdc:peppol.eu:2017:poacc:billing:01:1.0</cbc:ProfileID>
    <cbc:ID>1234567</cbc:ID>
    <cbc:IssueDate>2018-04-13</cbc:IssueDate>
    <cbc:DueDate>2018-04-13</cbc:DueDate>
    <cbc:InvoiceTypeCode>380</cbc:InvoiceTypeCode>
    <cbc:Note>Invoice Note Description</cbc:Note>
    <cbc:TaxPointDate>2018-04-13</cbc:TaxPointDate>
    <cbc:DocumentCurrencyCode>EUR</cbc:DocumentCurrencyCode>
    <cbc:BuyerReference>90000000-03083-12</cbc:BuyerReference>
    
    
    <cac:InvoicePeriod>
        <cbc:StartDate>2018-04-13</cbc:StartDate>
        <cbc:EndDate>2018-04-13</cbc:EndDate>
    </cac:InvoicePeriod>
    <cac:OrderReference>
        <cbc:ID>65002278</cbc:ID>
        <cbc:SalesOrderID>ABC123456789</cbc:SalesOrderID>
    </cac:OrderReference>
    <cac:OriginatorDocumentReference>
        <cbc:ID>ANG987654321</cbc:ID>
    </cac:OriginatorDocumentReference>
    <cac:ContractDocumentReference>
        <cbc:ID>0000000752</cbc:ID>
    </cac:ContractDocumentReference>
    <cac:AdditionalDocumentReference>
        <cbc:ID>01_15_Anhang_01.pdf</cbc:ID>
        <cbc:DocumentDescription>Aufschlüsselung der einzelnen Leistungspositionen</cbc:DocumentDescription>
    </cac:AdditionalDocumentReference>
    <cac:ProjectReference>
        <cbc:ID>PR12345678</cbc:ID>
    </cac:ProjectReference>
    <cac:AccountingSupplierParty>
        <cac:Party>
            <cbc:EndpointID schemeID="0002">12345</cbc:EndpointID>
            <cac:PartyIdentification>
                <cbc:ID schemeID="0013">987654321</cbc:ID>
            </cac:PartyIdentification>
            <cac:PartyName>
                <cbc:Name>[Seller name]</cbc:Name>
            </cac:PartyName>
            <cac:PostalAddress>
                <cbc:StreetName>[Seller address line 1]</cbc:StreetName>
                <cbc:AdditionalStreetName>[Seller address line 2]</cbc:AdditionalStreetName>        
                <cbc:CityName>[Seller city]</cbc:CityName>
                <cbc:PostalZone>12345</cbc:PostalZone>
                <cac:Country>
                    <cbc:IdentificationCode>DE</cbc:IdentificationCode>
                </cac:Country>
            </cac:PostalAddress>
            <cac:PartyTaxScheme>
                <cbc:CompanyID>DEU123456789</cbc:CompanyID>
                <cac:TaxScheme>
                    <cbc:ID>VAT</cbc:ID>
                </cac:TaxScheme>
            </cac:PartyTaxScheme>
            <cac:PartyTaxScheme>
                <cbc:CompanyID>123/456/789</cbc:CompanyID>
                <cac:TaxScheme>
                    <cbc:ID>FC</cbc:ID>
                </cac:TaxScheme>
            </cac:PartyTaxScheme>
            <cac:PartyLegalEntity>
                <cbc:RegistrationName>[Seller trading name]</cbc:RegistrationName>
                <cbc:CompanyID schemeID="0198">123456789</cbc:CompanyID>
                <cbc:CompanyLegalForm>Amtsgericht […], Geschäftsführer: […], Sitz der Gesellschaft […], Aufsichtsratvorsitzender: […]</cbc:CompanyLegalForm>
            </cac:PartyLegalEntity>
            <cac:Contact>
                <cbc:Name>Tim Tester</cbc:Name>
                <cbc:Telephone>012 3456789</cbc:Telephone>
                <cbc:ElectronicMail>tim.tester@test.com</cbc:ElectronicMail>
            </cac:Contact>
        </cac:Party>
    </cac:AccountingSupplierParty>
    <cac:AccountingCustomerParty>
        <cac:Party>
            <cbc:EndpointID schemeID="0002">123456</cbc:EndpointID>
            <cac:PartyIdentification>
                <cbc:ID>138</cbc:ID>
            </cac:PartyIdentification>
            <cac:PartyName>
                <cbc:Name>[Buyer name]</cbc:Name>
            </cac:PartyName>
            <cac:PostalAddress>
                <cbc:StreetName>[Buyer address line 1]</cbc:StreetName>
                <cbc:AdditionalStreetName>[Buyer address line 2]</cbc:AdditionalStreetName>
                <cbc:CityName>[Buyer city]</cbc:CityName>
                <cbc:PostalZone>98765</cbc:PostalZone>
                <cac:AddressLine>
                    <cbc:Line>[Buyer address line 3]</cbc:Line>
                </cac:AddressLine>
                <cac:Country>
                    <cbc:IdentificationCode>DE</cbc:IdentificationCode>
                </cac:Country>
            </cac:PostalAddress>
            <cac:PartyTaxScheme>
                <cbc:CompanyID>DE12345ABC</cbc:CompanyID>
                <cac:TaxScheme>
                    <cbc:ID>VAT</cbc:ID>
                </cac:TaxScheme>
            </cac:PartyTaxScheme>
            <cac:PartyLegalEntity>
                <cbc:RegistrationName>[Buyer name]</cbc:RegistrationName>
                <cbc:CompanyID schemeID="0198">90000000-03083-12</cbc:CompanyID>
            </cac:PartyLegalEntity>
            <cac:Contact>
                <cbc:Name>Tina Tester</cbc:Name>
                <cbc:Telephone>0800 123456</cbc:Telephone>
                <cbc:ElectronicMail>tester@test.de</cbc:ElectronicMail>
            </cac:Contact>
        </cac:Party>
    </cac:AccountingCustomerParty>
    <cac:PayeeParty>
        <cac:PartyIdentification>
            <cbc:ID>74</cbc:ID>
        </cac:PartyIdentification>
        <cac:PartyName>
            <cbc:Name>[Payee name]</cbc:Name>
        </cac:PartyName>
    </cac:PayeeParty>
    <cac:TaxRepresentativeParty>
        <cac:PartyName>
            <cbc:Name>[Seller tax representative name]</cbc:Name>
        </cac:PartyName>
        <cac:PostalAddress>
            <cac:Country>
                <cbc:IdentificationCode>DE</cbc:IdentificationCode>
            </cac:Country>
        </cac:PostalAddress>
        <cac:PartyTaxScheme>
            <cbc:CompanyID>DE124567</cbc:CompanyID>
            <cac:TaxScheme>
                <cbc:ID>VAT</cbc:ID>
            </cac:TaxScheme>
        </cac:PartyTaxScheme>
    </cac:TaxRepresentativeParty>
    <cac:Delivery>
        <cbc:ActualDeliveryDate>2018-04-13</cbc:ActualDeliveryDate>
        <cac:DeliveryLocation>
            <cbc:ID>68</cbc:ID>
            <cac:Address>
                <cbc:StreetName>[Deliver to street]</cbc:StreetName>
                <cbc:AdditionalStreetName>4. OG</cbc:AdditionalStreetName>
                <cbc:CityName>[Deliver to city]</cbc:CityName>
                <cbc:PostalZone>98765</cbc:PostalZone>
                <cbc:CountrySubentity>Bayern</cbc:CountrySubentity>
                <cac:Country>
                    <cbc:IdentificationCode>DE</cbc:IdentificationCode>
                </cac:Country>
            </cac:Address>
        </cac:DeliveryLocation>
        <cac:DeliveryParty>
            <cac:PartyName>
                <cbc:Name>[Deliver to party name]</cbc:Name>
            </cac:PartyName>
        </cac:DeliveryParty>
    </cac:Delivery>
    <cac:PaymentMeans>
        <cbc:PaymentMeansCode>58</cbc:PaymentMeansCode>
        <cbc:PaymentID>Deb. 12345 / Fact. 9876543</cbc:PaymentID>
        <cac:PayeeFinancialAccount>
            <cbc:ID>DE75512108001245126199</cbc:ID>
            <cbc:Name>[Payment account name]</cbc:Name>
            <cac:FinancialInstitutionBranch>
                <cbc:ID>[BIC]</cbc:ID>
            </cac:FinancialInstitutionBranch>
        </cac:PayeeFinancialAccount>
    </cac:PaymentMeans>
    <cac:PaymentTerms>
        <cbc:Note>Bitte überweisen Sie bis zum 24.01.2015 auf das unten aufgeführte Konto.</cbc:Note>
    </cac:PaymentTerms>
    <cac:AllowanceCharge>
        <cbc:ChargeIndicator>false</cbc:ChargeIndicator>
        <cbc:AllowanceChargeReasonCode>102</cbc:AllowanceChargeReasonCode>
        <cbc:AllowanceChargeReason>Fixed long term</cbc:AllowanceChargeReason>
        <cbc:MultiplierFactorNumeric>0</cbc:MultiplierFactorNumeric>
        <cbc:Amount currencyID="EUR">0</cbc:Amount>
        <cbc:BaseAmount currencyID="EUR">0</cbc:BaseAmount>
        <cac:TaxCategory>
            <cbc:ID>S</cbc:ID>
            <cbc:Percent>19</cbc:Percent>
            <cac:TaxScheme>
                <cbc:ID>VAT</cbc:ID>
            </cac:TaxScheme>
        </cac:TaxCategory>
    </cac:AllowanceCharge>
    
    
    <cac:TaxTotal>
        <cbc:TaxAmount currencyID="EUR">2048.44</cbc:TaxAmount>
        <cac:TaxSubtotal>
            <cbc:TaxableAmount currencyID="EUR">10781.25</cbc:TaxableAmount>
            <cbc:TaxAmount currencyID="EUR">2048.44</cbc:TaxAmount>
            <cac:TaxCategory>
                <cbc:ID>S</cbc:ID>
                <cbc:Percent>19</cbc:Percent>
                
                <cac:TaxScheme>
                    <cbc:ID>VAT</cbc:ID>
                </cac:TaxScheme>
            </cac:TaxCategory>
        </cac:TaxSubtotal>
        <cac:TaxSubtotal>
            <cbc:TaxableAmount currencyID="EUR">0</cbc:TaxableAmount>
            <cbc:TaxAmount currencyID="EUR">0</cbc:TaxAmount>
            <cac:TaxCategory>
                <cbc:ID>E</cbc:ID>
                <cbc:Percent>19</cbc:Percent>
                <cbc:TaxExemptionReason>a reason</cbc:TaxExemptionReason>
                <cac:TaxScheme>
                    <cbc:ID>VAT</cbc:ID>
                </cac:TaxScheme>
            </cac:TaxCategory>
        </cac:TaxSubtotal>
    </cac:TaxTotal>
    
    
    <cac:LegalMonetaryTotal>
        <cbc:LineExtensionAmount currencyID="EUR">10781.25</cbc:LineExtensionAmount>
        <cbc:TaxExclusiveAmount currencyID="EUR">10781.25</cbc:TaxExclusiveAmount>
        <cbc:TaxInclusiveAmount currencyID="EUR">12829.69</cbc:TaxInclusiveAmount>
        <cbc:AllowanceTotalAmount currencyID="EUR">0</cbc:AllowanceTotalAmount>
        <cbc:ChargeTotalAmount currencyID="EUR">0</cbc:ChargeTotalAmount>
        <cbc:PrepaidAmount currencyID="EUR">0</cbc:PrepaidAmount>
        <cbc:PayableRoundingAmount currencyID="EUR">0</cbc:PayableRoundingAmount>
        <cbc:PayableAmount currencyID="EUR">12829.69</cbc:PayableAmount>
    </cac:LegalMonetaryTotal>
    
    
    <cac:InvoiceLine>
        <cbc:ID>1</cbc:ID>
        <cbc:Note>Die letzte Lieferung im Rahmen des abgerechneten Abonnements erfolgt in 12/2016 Lieferung erfolgt / erfolgte direkt vom Verlag</cbc:Note>
        <cbc:InvoicedQuantity unitCode="XPP">30</cbc:InvoicedQuantity>
        <cbc:LineExtensionAmount currencyID="EUR">4743.75</cbc:LineExtensionAmount>
        <cac:InvoicePeriod>
            <cbc:StartDate>2018-04-13</cbc:StartDate>
            <cbc:EndDate>2018-04-13</cbc:EndDate>
        </cac:InvoicePeriod>
        <cac:OrderLineReference>
            <cbc:LineID>6171175.1</cbc:LineID>
        </cac:OrderLineReference>
        <cac:Item>
            <cbc:Description>Anforderungmanagament</cbc:Description>
            <cbc:Name>Beratung</cbc:Name>
            <cac:SellersItemIdentification>
                <cbc:ID>1034</cbc:ID>
            </cac:SellersItemIdentification>
            <cac:CommodityClassification>
                <cbc:ItemClassificationCode listID="IB">0721-880X</cbc:ItemClassificationCode>
            </cac:CommodityClassification>
            <cac:ClassifiedTaxCategory>
                <cbc:ID>S</cbc:ID>
                <cbc:Percent>19</cbc:Percent>
                <cac:TaxScheme>
                    <cbc:ID>VAT</cbc:ID>
                </cac:TaxScheme>
            </cac:ClassifiedTaxCategory>
        </cac:Item>
        <cac:Price>
            <cbc:PriceAmount currencyID="EUR">158.125</cbc:PriceAmount>
        </cac:Price>
    </cac:InvoiceLine>
    <cac:InvoiceLine>
        <cbc:ID>2</cbc:ID>
        <cbc:InvoicedQuantity unitCode="XPP">42</cbc:InvoicedQuantity>
        <cbc:LineExtensionAmount currencyID="EUR">6037.5</cbc:LineExtensionAmount>
        <cac:Item>
            <cbc:Name>Beratung</cbc:Name>
            <cac:ClassifiedTaxCategory>
                <cbc:ID>S</cbc:ID>
                <cbc:Percent>19</cbc:Percent>
                <cac:TaxScheme>
                    <cbc:ID>VAT</cbc:ID>
                </cac:TaxScheme>
            </cac:ClassifiedTaxCategory>
        </cac:Item>
        <cac:Price>
            <cbc:PriceAmount currencyID="EUR">143.75</cbc:PriceAmount>
        </cac:Price>
    </cac:InvoiceLine>
</Invoice>

	</test>
	<test>
		<assert>
			<error>DE-R-001</error>
		</assert>

<Invoice xmlns="urn:oasis:names:specification:ubl:schema:xsd:Invoice-2" xmlns:cac="urn:oasis:names:specification:ubl:schema:xsd:CommonAggregateComponents-2" xmlns:cec="urn:oasis:names:specification:ubl:schema:xsd:CommonExtensionComponents-2" xmlns:cbc="urn:oasis:names:specification:ubl:schema:xsd:CommonBasicComponents-2">
    <cbc:CustomizationID>urn:cen.eu:en16931:2017#compliant#urn:fdc:peppol.eu:2017:poacc:billing:3.0</cbc:CustomizationID>
    <cbc:ProfileID>urn:fdc:peppol.eu:2017:poacc:billing:01:1.0</cbc:ProfileID>
    <cbc:ID>1234567</cbc:ID>
    <cbc:IssueDate>2018-04-13</cbc:IssueDate>
    <cbc:DueDate>2018-04-13</cbc:DueDate>
    <cbc:InvoiceTypeCode>380</cbc:InvoiceTypeCode>
    <cbc:Note>Invoice Note Description</cbc:Note>
    <cbc:TaxPointDate>2018-04-13</cbc:TaxPointDate>
    <cbc:DocumentCurrencyCode>EUR</cbc:DocumentCurrencyCode>
    <cbc:BuyerReference>90000000-03083-12</cbc:BuyerReference>
    
    
    <cac:InvoicePeriod>
        <cbc:StartDate>2018-04-13</cbc:StartDate>
        <cbc:EndDate>2018-04-13</cbc:EndDate>
    </cac:InvoicePeriod>
    <cac:OrderReference>
        <cbc:ID>65002278</cbc:ID>
        <cbc:SalesOrderID>ABC123456789</cbc:SalesOrderID>
    </cac:OrderReference>
    <cac:OriginatorDocumentReference>
        <cbc:ID>ANG987654321</cbc:ID>
    </cac:OriginatorDocumentReference>
    <cac:ContractDocumentReference>
        <cbc:ID>0000000752</cbc:ID>
    </cac:ContractDocumentReference>
    <cac:AdditionalDocumentReference>
        <cbc:ID>01_15_Anhang_01.pdf</cbc:ID>
        <cbc:DocumentDescription>Aufschlüsselung der einzelnen Leistungspositionen</cbc:DocumentDescription>
    </cac:AdditionalDocumentReference>
    <cac:ProjectReference>
        <cbc:ID>PR12345678</cbc:ID>
    </cac:ProjectReference>
    <cac:AccountingSupplierParty>
        <cac:Party>
            <cbc:EndpointID schemeID="0002">12345</cbc:EndpointID>
            <cac:PartyIdentification>
                <cbc:ID schemeID="0013">987654321</cbc:ID>
            </cac:PartyIdentification>
            <cac:PartyName>
                <cbc:Name>[Seller name]</cbc:Name>
            </cac:PartyName>
            <cac:PostalAddress>
                <cbc:StreetName>[Seller address line 1]</cbc:StreetName>
                <cbc:AdditionalStreetName>[Seller address line 2]</cbc:AdditionalStreetName>        
                <cbc:CityName>[Seller city]</cbc:CityName>
                <cbc:PostalZone>12345</cbc:PostalZone>
                <cac:Country>
                    <cbc:IdentificationCode>DE</cbc:IdentificationCode>
                </cac:Country>
            </cac:PostalAddress>
            <cac:PartyTaxScheme>
                <cbc:CompanyID>DEU123456789</cbc:CompanyID>
                <cac:TaxScheme>
                    <cbc:ID>VAT</cbc:ID>
                </cac:TaxScheme>
            </cac:PartyTaxScheme>
            <cac:PartyTaxScheme>
                <cbc:CompanyID>123/456/789</cbc:CompanyID>
                <cac:TaxScheme>
                    <cbc:ID>FC</cbc:ID>
                </cac:TaxScheme>
            </cac:PartyTaxScheme>
            <cac:PartyLegalEntity>
                <cbc:RegistrationName>[Seller trading name]</cbc:RegistrationName>
                <cbc:CompanyID schemeID="0198">123456789</cbc:CompanyID>
                <cbc:CompanyLegalForm>Amtsgericht […], Geschäftsführer: […], Sitz der Gesellschaft […], Aufsichtsratvorsitzender: […]</cbc:CompanyLegalForm>
            </cac:PartyLegalEntity>
            <cac:Contact>
                <cbc:Name>Tim Tester</cbc:Name>
                <cbc:Telephone>012 3456789</cbc:Telephone>
                <cbc:ElectronicMail>tim.tester@test.com</cbc:ElectronicMail>
            </cac:Contact>
        </cac:Party>
    </cac:AccountingSupplierParty>
    <cac:AccountingCustomerParty>
        <cac:Party>
            <cbc:EndpointID schemeID="0002">123456</cbc:EndpointID>
            <cac:PartyIdentification>
                <cbc:ID>138</cbc:ID>
            </cac:PartyIdentification>
            <cac:PartyName>
                <cbc:Name>[Buyer name]</cbc:Name>
            </cac:PartyName>
            <cac:PostalAddress>
                <cbc:StreetName>[Buyer address line 1]</cbc:StreetName>
                <cbc:AdditionalStreetName>[Buyer address line 2]</cbc:AdditionalStreetName>
                <cbc:CityName>[Buyer city]</cbc:CityName>
                <cbc:PostalZone>98765</cbc:PostalZone>
                <cac:AddressLine>
                    <cbc:Line>[Buyer address line 3]</cbc:Line>
                </cac:AddressLine>
                <cac:Country>
                    <cbc:IdentificationCode>DE</cbc:IdentificationCode>
                </cac:Country>
            </cac:PostalAddress>
            <cac:PartyTaxScheme>
                <cbc:CompanyID>DE12345ABC</cbc:CompanyID>
                <cac:TaxScheme>
                    <cbc:ID>VAT</cbc:ID>
                </cac:TaxScheme>
            </cac:PartyTaxScheme>
            <cac:PartyLegalEntity>
                <cbc:RegistrationName>[Buyer name]</cbc:RegistrationName>
                <cbc:CompanyID schemeID="0198">90000000-03083-12</cbc:CompanyID>
            </cac:PartyLegalEntity>
            <cac:Contact>
                <cbc:Name>Tina Tester</cbc:Name>
                <cbc:Telephone>0800 123456</cbc:Telephone>
                <cbc:ElectronicMail>tester@test.de</cbc:ElectronicMail>
            </cac:Contact>
        </cac:Party>
    </cac:AccountingCustomerParty>
    <cac:PayeeParty>
        <cac:PartyIdentification>
            <cbc:ID>74</cbc:ID>
        </cac:PartyIdentification>
        <cac:PartyName>
            <cbc:Name>[Payee name]</cbc:Name>
        </cac:PartyName>
    </cac:PayeeParty>
    <cac:TaxRepresentativeParty>
        <cac:PartyName>
            <cbc:Name>[Seller tax representative name]</cbc:Name>
        </cac:PartyName>
        <cac:PostalAddress>
            <cac:Country>
                <cbc:IdentificationCode>DE</cbc:IdentificationCode>
            </cac:Country>
        </cac:PostalAddress>
        <cac:PartyTaxScheme>
            <cbc:CompanyID>DE124567</cbc:CompanyID>
            <cac:TaxScheme>
                <cbc:ID>VAT</cbc:ID>
            </cac:TaxScheme>
        </cac:PartyTaxScheme>
    </cac:TaxRepresentativeParty>
    <cac:Delivery>
        <cbc:ActualDeliveryDate>2018-04-13</cbc:ActualDeliveryDate>
        <cac:DeliveryLocation>
            <cbc:ID>68</cbc:ID>
            <cac:Address>
                <cbc:StreetName>[Deliver to street]</cbc:StreetName>
                <cbc:AdditionalStreetName>4. OG</cbc:AdditionalStreetName>
                <cbc:CityName>[Deliver to city]</cbc:CityName>
                <cbc:PostalZone>98765</cbc:PostalZone>
                <cbc:CountrySubentity>Bayern</cbc:CountrySubentity>
                <cac:Country>
                    <cbc:IdentificationCode>DE</cbc:IdentificationCode>
                </cac:Country>
            </cac:Address>
        </cac:DeliveryLocation>
        <cac:DeliveryParty>
            <cac:PartyName>
                <cbc:Name>[Deliver to party name]</cbc:Name>
            </cac:PartyName>
        </cac:DeliveryParty>
    </cac:Delivery>
    <!-- BG-16 removed -->
    <!--<cac:PaymentMeans>
        <cbc:PaymentMeansCode>58</cbc:PaymentMeansCode>
        <cbc:PaymentID>Deb. 12345 / Fact. 9876543</cbc:PaymentID>
        <cac:PayeeFinancialAccount>
            <cbc:ID>DE75512108001245126199</cbc:ID>
            <cbc:Name>[Payment account name]</cbc:Name>
            <cac:FinancialInstitutionBranch>
                <cbc:ID>[BIC]</cbc:ID>
            </cac:FinancialInstitutionBranch>
        </cac:PayeeFinancialAccount>
    </cac:PaymentMeans>-->
    <cac:PaymentTerms>
        <cbc:Note>Bitte überweisen Sie bis zum 24.01.2015 auf das unten aufgeführte Konto.</cbc:Note>
    </cac:PaymentTerms>
    <cac:AllowanceCharge>
        <cbc:ChargeIndicator>false</cbc:ChargeIndicator>
        <cbc:AllowanceChargeReasonCode>102</cbc:AllowanceChargeReasonCode>
        <cbc:AllowanceChargeReason>Fixed long term</cbc:AllowanceChargeReason>
        <cbc:MultiplierFactorNumeric>0</cbc:MultiplierFactorNumeric>
        <cbc:Amount currencyID="EUR">0</cbc:Amount>
        <cbc:BaseAmount currencyID="EUR">0</cbc:BaseAmount>
        <cac:TaxCategory>
            <cbc:ID>S</cbc:ID>
            <cbc:Percent>19</cbc:Percent>
            <cac:TaxScheme>
                <cbc:ID>VAT</cbc:ID>
            </cac:TaxScheme>
        </cac:TaxCategory>
    </cac:AllowanceCharge>
    
    
    <cac:TaxTotal>
        <cbc:TaxAmount currencyID="EUR">2048.44</cbc:TaxAmount>
        <cac:TaxSubtotal>
            <cbc:TaxableAmount currencyID="EUR">10781.25</cbc:TaxableAmount>
            <cbc:TaxAmount currencyID="EUR">2048.44</cbc:TaxAmount>
            <cac:TaxCategory>
                <cbc:ID>S</cbc:ID>
                <cbc:Percent>19</cbc:Percent>
                
                <cac:TaxScheme>
                    <cbc:ID>VAT</cbc:ID>
                </cac:TaxScheme>
            </cac:TaxCategory>
        </cac:TaxSubtotal>
        <cac:TaxSubtotal>
            <cbc:TaxableAmount currencyID="EUR">0</cbc:TaxableAmount>
            <cbc:TaxAmount currencyID="EUR">0</cbc:TaxAmount>
            <cac:TaxCategory>
                <cbc:ID>E</cbc:ID>
                <cbc:Percent>19</cbc:Percent>
                <cbc:TaxExemptionReason>a reason</cbc:TaxExemptionReason>
                <cac:TaxScheme>
                    <cbc:ID>VAT</cbc:ID>
                </cac:TaxScheme>
            </cac:TaxCategory>
        </cac:TaxSubtotal>
    </cac:TaxTotal>
    
    
    <cac:LegalMonetaryTotal>
        <cbc:LineExtensionAmount currencyID="EUR">10781.25</cbc:LineExtensionAmount>
        <cbc:TaxExclusiveAmount currencyID="EUR">10781.25</cbc:TaxExclusiveAmount>
        <cbc:TaxInclusiveAmount currencyID="EUR">12829.69</cbc:TaxInclusiveAmount>
        <cbc:AllowanceTotalAmount currencyID="EUR">0</cbc:AllowanceTotalAmount>
        <cbc:ChargeTotalAmount currencyID="EUR">0</cbc:ChargeTotalAmount>
        <cbc:PrepaidAmount currencyID="EUR">0</cbc:PrepaidAmount>
        <cbc:PayableRoundingAmount currencyID="EUR">0</cbc:PayableRoundingAmount>
        <cbc:PayableAmount currencyID="EUR">12829.69</cbc:PayableAmount>
    </cac:LegalMonetaryTotal>
    
    
    <cac:InvoiceLine>
        <cbc:ID>1</cbc:ID>
        <cbc:Note>Die letzte Lieferung im Rahmen des abgerechneten Abonnements erfolgt in 12/2016 Lieferung erfolgt / erfolgte direkt vom Verlag</cbc:Note>
        <cbc:InvoicedQuantity unitCode="XPP">30</cbc:InvoicedQuantity>
        <cbc:LineExtensionAmount currencyID="EUR">4743.75</cbc:LineExtensionAmount>
        <cac:InvoicePeriod>
            <cbc:StartDate>2018-04-13</cbc:StartDate>
            <cbc:EndDate>2018-04-13</cbc:EndDate>
        </cac:InvoicePeriod>
        <cac:OrderLineReference>
            <cbc:LineID>6171175.1</cbc:LineID>
        </cac:OrderLineReference>
        <cac:Item>
            <cbc:Description>Anforderungmanagament</cbc:Description>
            <cbc:Name>Beratung</cbc:Name>
            <cac:SellersItemIdentification>
                <cbc:ID>1034</cbc:ID>
            </cac:SellersItemIdentification>
            <cac:CommodityClassification>
                <cbc:ItemClassificationCode listID="IB">0721-880X</cbc:ItemClassificationCode>
            </cac:CommodityClassification>
            <cac:ClassifiedTaxCategory>
                <cbc:ID>S</cbc:ID>
                <cbc:Percent>19</cbc:Percent>
                <cac:TaxScheme>
                    <cbc:ID>VAT</cbc:ID>
                </cac:TaxScheme>
            </cac:ClassifiedTaxCategory>
        </cac:Item>
        <cac:Price>
            <cbc:PriceAmount currencyID="EUR">158.125</cbc:PriceAmount>
        </cac:Price>
    </cac:InvoiceLine>
    <cac:InvoiceLine>
        <cbc:ID>2</cbc:ID>
        <cbc:InvoicedQuantity unitCode="XPP">42</cbc:InvoicedQuantity>
        <cbc:LineExtensionAmount currencyID="EUR">6037.5</cbc:LineExtensionAmount>
        <cac:Item>
            <cbc:Name>Beratung</cbc:Name>
            <cac:ClassifiedTaxCategory>
                <cbc:ID>S</cbc:ID>
                <cbc:Percent>19</cbc:Percent>
                <cac:TaxScheme>
                    <cbc:ID>VAT</cbc:ID>
                </cac:TaxScheme>
            </cac:ClassifiedTaxCategory>
        </cac:Item>
        <cac:Price>
            <cbc:PriceAmount currencyID="EUR">143.75</cbc:PriceAmount>
        </cac:Price>
    </cac:InvoiceLine>
</Invoice>

	</test>
</testSet>
