<?xml version="1.0" encoding="UTF-8" standalone="yes"?>
<!--

    Licensed under European Union Public Licence (EUPL) version 1.2.

-->
<rsm:CrossIndustryInvoice xmlns:qdt="urn:un:unece:uncefact:data:standard:QualifiedDataType:100" xmlns:udt="urn:un:unece:uncefact:data:standard:UnqualifiedDataType:100" xmlns:rsm="urn:un:unece:uncefact:data:standard:CrossIndustryInvoice:100" xmlns:ram="urn:un:unece:uncefact:data:standard:ReusableAggregateBusinessInformationEntity:100">
    <rsm:ExchangedDocumentContext>
        <ram:GuidelineSpecifiedDocumentContextParameter>
            <ram:ID>urn:ferd:CrossIndustryDocument:invoice:1p0:comfort</ram:ID>
        </ram:GuidelineSpecifiedDocumentContextParameter>
    </rsm:ExchangedDocumentContext>
    <rsm:ExchangedDocument>
        <ram:ID>0</ram:ID>
        <ram:TypeCode>380</ram:TypeCode>
        <ram:IssueDateTime>
            <udt:DateTimeString format="102">20210326</udt:DateTimeString>
        </ram:IssueDateTime>
    </rsm:ExchangedDocument>
    <rsm:SupplyChainTradeTransaction>
        <ram:IncludedSupplyChainTradeLineItem>
            <ram:AssociatedDocumentLineDocument>
                <ram:LineID>1</ram:LineID>
            </ram:AssociatedDocumentLineDocument>
            <ram:SpecifiedTradeProduct>
                <ram:SellerAssignedID>1111</ram:SellerAssignedID>
                <ram:Name>Flugschein</ram:Name>
            </ram:SpecifiedTradeProduct>
            <ram:SpecifiedLineTradeAgreement>
                <ram:GrossPriceProductTradePrice>
                    <ram:ChargeAmount>857.76</ram:ChargeAmount>
                </ram:GrossPriceProductTradePrice>
                <ram:NetPriceProductTradePrice>
                    <ram:ChargeAmount>720.81</ram:ChargeAmount>
                </ram:NetPriceProductTradePrice>
            </ram:SpecifiedLineTradeAgreement>
            <ram:SpecifiedLineTradeDelivery>
                <ram:BilledQuantity unitCode="IE">1</ram:BilledQuantity>
            </ram:SpecifiedLineTradeDelivery>
            <ram:SpecifiedLineTradeSettlement>
                <ram:ApplicableTradeTax>
                    <ram:TypeCode>VAT</ram:TypeCode>
                    <ram:CategoryCode>S</ram:CategoryCode>
                    <ram:RateApplicablePercent>19.00</ram:RateApplicablePercent>
                </ram:ApplicableTradeTax>
                <ram:SpecifiedTradeSettlementLineMonetarySummation>
                    <ram:LineTotalAmount>720.81</ram:LineTotalAmount>
                </ram:SpecifiedTradeSettlementLineMonetarySummation>
            </ram:SpecifiedLineTradeSettlement>
        </ram:IncludedSupplyChainTradeLineItem>
        <ram:IncludedSupplyChainTradeLineItem>
            <ram:AssociatedDocumentLineDocument>
                <ram:LineID>1</ram:LineID>
            </ram:AssociatedDocumentLineDocument>
            <ram:SpecifiedTradeProduct>
                <ram:SellerAssignedID>1111</ram:SellerAssignedID>
                <ram:Name>Flugschein</ram:Name>
            </ram:SpecifiedTradeProduct>
            <ram:SpecifiedLineTradeAgreement>
                <ram:GrossPriceProductTradePrice>
                    <ram:ChargeAmount>0.01</ram:ChargeAmount>
                </ram:GrossPriceProductTradePrice>
                <ram:NetPriceProductTradePrice>
                    <ram:ChargeAmount>0.01</ram:ChargeAmount>
                </ram:NetPriceProductTradePrice>
            </ram:SpecifiedLineTradeAgreement>
            <ram:SpecifiedLineTradeDelivery>
                <ram:BilledQuantity unitCode="IE">1</ram:BilledQuantity>
            </ram:SpecifiedLineTradeDelivery>
            <ram:SpecifiedLineTradeSettlement>
                <ram:ApplicableTradeTax>
                    <ram:TypeCode>VAT</ram:TypeCode>
                    <ram:CategoryCode>Z</ram:CategoryCode>
                    <ram:RateApplicablePercent>0</ram:RateApplicablePercent>
                </ram:ApplicableTradeTax>
                <ram:SpecifiedTradeSettlementLineMonetarySummation>
                    <ram:LineTotalAmount>0.01</ram:LineTotalAmount>
                </ram:SpecifiedTradeSettlementLineMonetarySummation>
            </ram:SpecifiedLineTradeSettlement>
        </ram:IncludedSupplyChainTradeLineItem>
        <ram:IncludedSupplyChainTradeLineItem>
            <ram:AssociatedDocumentLineDocument>
                <ram:LineID>2</ram:LineID>
            </ram:AssociatedDocumentLineDocument>
            <ram:SpecifiedTradeProduct>
                <ram:SellerAssignedID>2222</ram:SellerAssignedID>
                <ram:Name>Flug Storno Inland</ram:Name>
            </ram:SpecifiedTradeProduct>
            <ram:SpecifiedLineTradeAgreement>
                <ram:GrossPriceProductTradePrice>
                    <ram:ChargeAmount>857.76</ram:ChargeAmount>
                </ram:GrossPriceProductTradePrice>
                <ram:NetPriceProductTradePrice>
                    <ram:ChargeAmount>720.81</ram:ChargeAmount>
                </ram:NetPriceProductTradePrice>
            </ram:SpecifiedLineTradeAgreement>
            <ram:SpecifiedLineTradeDelivery>
                <ram:BilledQuantity unitCode="IE">-1</ram:BilledQuantity>
            </ram:SpecifiedLineTradeDelivery>
            <ram:SpecifiedLineTradeSettlement>
                <ram:ApplicableTradeTax>
                    <ram:TypeCode>VAT</ram:TypeCode>
                    <ram:CategoryCode>S</ram:CategoryCode>
                    <ram:RateApplicablePercent>19.00</ram:RateApplicablePercent>
                </ram:ApplicableTradeTax>
                <ram:SpecifiedTradeSettlementLineMonetarySummation>
                    <ram:LineTotalAmount>-720.81</ram:LineTotalAmount>
                </ram:SpecifiedTradeSettlementLineMonetarySummation>
            </ram:SpecifiedLineTradeSettlement>
        </ram:IncludedSupplyChainTradeLineItem>
        <ram:IncludedSupplyChainTradeLineItem>
            <ram:AssociatedDocumentLineDocument>
                <ram:LineID>2</ram:LineID>
            </ram:AssociatedDocumentLineDocument>
            <ram:SpecifiedTradeProduct>
                <ram:SellerAssignedID>2222</ram:SellerAssignedID>
                <ram:Name>Flug Storno Inland</ram:Name>
            </ram:SpecifiedTradeProduct>
            <ram:SpecifiedLineTradeAgreement>
                <ram:GrossPriceProductTradePrice>
                    <ram:ChargeAmount>0.01</ram:ChargeAmount>
                </ram:GrossPriceProductTradePrice>
                <ram:NetPriceProductTradePrice>
                    <ram:ChargeAmount>0.01</ram:ChargeAmount>
                </ram:NetPriceProductTradePrice>
            </ram:SpecifiedLineTradeAgreement>
            <ram:SpecifiedLineTradeDelivery>
                <ram:BilledQuantity unitCode="IE">-1</ram:BilledQuantity>
            </ram:SpecifiedLineTradeDelivery>
            <ram:SpecifiedLineTradeSettlement>
                <ram:ApplicableTradeTax>
                    <ram:TypeCode>VAT</ram:TypeCode>
                    <ram:CategoryCode>Z</ram:CategoryCode>
                    <ram:RateApplicablePercent>0</ram:RateApplicablePercent>
                </ram:ApplicableTradeTax>
                <ram:SpecifiedTradeSettlementLineMonetarySummation>
                    <ram:LineTotalAmount>-0.01</ram:LineTotalAmount>
                </ram:SpecifiedTradeSettlementLineMonetarySummation>
            </ram:SpecifiedLineTradeSettlement>
        </ram:IncludedSupplyChainTradeLineItem>
        <ram:ApplicableHeaderTradeAgreement>
            <ram:BuyerReference>XXX-XXXXX-XX</ram:BuyerReference>
            <ram:SellerTradeParty>
                <ram:Name>Seller GmbH</ram:Name>
                <ram:DefinedTradeContact>
                    <ram:PersonName>Ein Name</ram:PersonName>
                    <ram:TelephoneUniversalCommunication>
                        <ram:CompleteNumber>11880</ram:CompleteNumber>
                    </ram:TelephoneUniversalCommunication>
                    <ram:EmailURIUniversalCommunication>
                        <ram:URIID>test@example.com</ram:URIID>
                    </ram:EmailURIUniversalCommunication>
                </ram:DefinedTradeContact>
                <ram:PostalTradeAddress>
                    <ram:PostcodeCode>4000</ram:PostcodeCode>
                    <ram:LineOne>Straße No</ram:LineOne>
                    <ram:CityName>S Stadt</ram:CityName>
                    <ram:CountryID>DE</ram:CountryID>
                </ram:PostalTradeAddress>
                <ram:SpecifiedTaxRegistration>
                    <ram:ID schemeID="VA">DE 123 456 789</ram:ID>
                </ram:SpecifiedTaxRegistration>
            </ram:SellerTradeParty>
            <ram:BuyerTradeParty>
                <ram:ID>1</ram:ID>
                <ram:Name>BuyerName</ram:Name>
                <ram:DefinedTradeContact>
                    <ram:PersonName>PersonName</ram:PersonName>
                </ram:DefinedTradeContact>
                <ram:PostalTradeAddress>
                    <ram:PostcodeCode>4000</ram:PostcodeCode>
                    <ram:LineOne>Straße No</ram:LineOne>
                    <ram:CityName>B Stadt</ram:CityName>
                    <ram:CountryID>DE</ram:CountryID>
                </ram:PostalTradeAddress>
            </ram:BuyerTradeParty>
            <ram:BuyerOrderReferencedDocument>
                <ram:IssuerAssignedID/>
            </ram:BuyerOrderReferencedDocument>
        </ram:ApplicableHeaderTradeAgreement>
        <ram:ApplicableHeaderTradeDelivery/>
        <ram:ApplicableHeaderTradeSettlement>
            <ram:InvoiceCurrencyCode>EUR</ram:InvoiceCurrencyCode>
            <ram:SpecifiedTradeSettlementPaymentMeans>
                <ram:TypeCode>30</ram:TypeCode>
                <ram:Information>Information</ram:Information>
                <ram:PayeePartyCreditorFinancialAccount>
                    <ram:IBANID>IBAN</ram:IBANID>
                </ram:PayeePartyCreditorFinancialAccount>
                <ram:PayeeSpecifiedCreditorFinancialInstitution>
                    <ram:BICID>BIC</ram:BICID>
                </ram:PayeeSpecifiedCreditorFinancialInstitution>
            </ram:SpecifiedTradeSettlementPaymentMeans>
            <ram:ApplicableTradeTax>
                <ram:CalculatedAmount>0.00</ram:CalculatedAmount>
                <ram:TypeCode>VAT</ram:TypeCode>
                <ram:BasisAmount>0.00</ram:BasisAmount>
                <ram:CategoryCode>Z</ram:CategoryCode>
                <ram:RateApplicablePercent>0</ram:RateApplicablePercent>
            </ram:ApplicableTradeTax>
            <ram:ApplicableTradeTax>
                <ram:CalculatedAmount>0.00</ram:CalculatedAmount>
                <ram:TypeCode>VAT</ram:TypeCode>
                <ram:BasisAmount>0.00</ram:BasisAmount>
                <ram:CategoryCode>S</ram:CategoryCode>
                <ram:RateApplicablePercent>19.00</ram:RateApplicablePercent>
            </ram:ApplicableTradeTax>
            <ram:SpecifiedTradePaymentTerms>
                <ram:Description>Fällig nach Belegdatum + 10 Tage</ram:Description>
                <ram:DueDateDateTime>
                    <udt:DateTimeString format="102">20210326</udt:DateTimeString>
                </ram:DueDateDateTime>
            </ram:SpecifiedTradePaymentTerms>
            <ram:SpecifiedTradeSettlementHeaderMonetarySummation>
                <ram:LineTotalAmount>0.00</ram:LineTotalAmount>
                <ram:ChargeTotalAmount>0</ram:ChargeTotalAmount>
                <ram:AllowanceTotalAmount>0</ram:AllowanceTotalAmount>
                <ram:TaxBasisTotalAmount>0.00</ram:TaxBasisTotalAmount>
                <ram:TaxTotalAmount currencyID="EUR">0.00</ram:TaxTotalAmount>
                <ram:GrandTotalAmount>0.00</ram:GrandTotalAmount>
                <ram:TotalPrepaidAmount>0</ram:TotalPrepaidAmount>
                <ram:DuePayableAmount>0.00</ram:DuePayableAmount>
            </ram:SpecifiedTradeSettlementHeaderMonetarySummation>
            <ram:InvoiceReferencedDocument>
                <ram:IssuerAssignedID>0</ram:IssuerAssignedID>
            </ram:InvoiceReferencedDocument>
        </ram:ApplicableHeaderTradeSettlement>
    </rsm:SupplyChainTradeTransaction>
</rsm:CrossIndustryInvoice>
