<?xml version="1.0" encoding="UTF-8"?>
<Structure xmlns="urn:fdc:difi.no:2017:vefa:structure-1">

    <Term>ubl-creditnote</Term>
    <Name>PEPPOL Credit Note 3.0</Name>
    <Description>Please note that all element names are inhereted from EN16931 and naming use the term invoice, but this covers both invoice and credit notes. 
    The tag names are correct according to the UBL Credit note schema
    </Description>

    <Namespace prefix="ubl">urn:oasis:names:specification:ubl:schema:xsd:CreditNote-2</Namespace>
    <Namespace prefix="cac">urn:oasis:names:specification:ubl:schema:xsd:CommonAggregateComponents-2"</Namespace>
    <Namespace prefix="cbc">urn:oasis:names:specification:ubl:schema:xsd:CommonBasicComponents-2</Namespace>

    <Rules type="schematron">../../rules/sch/PEPPOL-EN16931-UBL.sch</Rules>
    <Rules type="schematron">../../rules/sch/CEN-EN16931-UBL.sch</Rules>

    <Document>
        <Term>ubl:CreditNote</Term>

        <Element>
            <Term>cbc:CustomizationID</Term>
            <Name>Specification identifier</Name>
            <Description>An identification of the specification containing the total set of rules regarding semantic
                content, cardinalities and business rules to which the data contained in the instance document conforms.
            </Description>
            <DataType>Identifier</DataType>
            <Reference type="BUSINESS_TERM">BT-24</Reference>
            <Reference type="RULE">PEPPOL-EN16931-R004</Reference>
            <Reference type="RULE">BR-01</Reference>
            <Value type="DEFAULT">urn:cen.eu:en16931:2017#compliant#urn:fdc:peppol.eu:2017:poacc:billing:3.0</Value>
        </Element>

        <Element>
            <Term>cbc:ProfileID</Term>
            <Name>Business process type</Name>
            <Description>Identifies the business process context in which the transaction appears, to enable the Buyer to
                process the Invoice in an appropriate way.
            </Description>
            <DataType>Text</DataType>
            <Reference type="BUSINESS_TERM">BT-23</Reference>
            <Reference type="RULE">PEPPOL-EN16931-R001</Reference>
            <Reference type="RULE">PEPPOL-EN16931-R007</Reference>
            <Value type="DEFAULT">urn:fdc:peppol.eu:2017:poacc:billing:01:1.0</Value>
        </Element>

        <Element>
            <Term>cbc:ID</Term>
            <Name>Invoice number</Name>
            <Description>A unique identification of the Invoice. The sequential number required in Article 226(2) of the directive 2006/112/EC [2], to uniquely identify the Invoice 
                within the business context, time-frame, operating systems and records of the Seller. No identification scheme is to be used.</Description>
            <DataType>Identifier</DataType>
            <Reference type="BUSINESS_TERM">BT-1</Reference>
            <Reference type="RULE">BR-02</Reference>
            <Value type="EXAMPLE">33445566</Value>
        </Element>

        <Element>
            <Term>cbc:IssueDate</Term>
            <Name>Invoice issue date</Name>
            <Description>The date when the Invoice was issued. Format "YYYY-MM-DD"</Description>
            <DataType>Date</DataType>
            <Reference type="BUSINESS_TERM">BT-2</Reference>
            <Reference type="RULE">BR-03</Reference>
            <Reference type="RULE">PEPPOL-EN16931-F001</Reference>
            <Value type="EXAMPLE">2017-11-01</Value>
        </Element>

        <Element cardinality="0..1">
            <Term>cbc:TaxPointDate</Term>
            <Name>Value added tax point date</Name>
            <Description>The date when the VAT becomes accountable for the Seller and for the Buyer in so far as that date
                can be determined and differs from the date of issue of the invoice, according to the VAT directive.This element is required if the Value added tax point date is different from the Invoice issue date.
            </Description>
            <DataType>Date</DataType>
            <Reference type="BUSINESS_TERM">BT-7</Reference>
            <Reference type="RULE">BR-CO-03</Reference>
            <Value type="EXAMPLE">2017-11-01</Value>
        </Element>


        <Element>
            <Term>cbc:CreditNoteTypeCode</Term>
            <Name>Invoice type code</Name>
            <Description>A code specifying the functional type of the Invoice.</Description>
            <DataType>Code</DataType>
            <Reference type="BUSINESS_TERM">BT-3</Reference>
            <Reference type="RULE">BR-04</Reference>
            <Reference type="RULE">BR-CL-01</Reference>
            <Reference type="RULE">PEPPOL-EN16931-P0101</Reference>
            <Reference type="CODE_LIST">UNCL1001-cn</Reference>
            <Value type="EXAMPLE">381</Value>
        </Element>

        <Element cardinality="0..1">
            <Term>cbc:Note</Term>
            <Name>Invoice note</Name>
            <Description>A textual note that gives unstructured information that is relevant to the Invoice as a whole.Such as the reason for any correction or
                assignment note in case the invoice has been factored.
            </Description>
            <DataType>Text</DataType>
            <Reference type="BUSINESS_TERM">BT-22</Reference>
            <Reference type="RULE">PEPPOL-EN16931-R002</Reference>
            <Reference type="RULE">BR-CL-08</Reference>
            <Value type="EXAMPLE">Please note our new phone number 33 44 55 66</Value>
        </Element>



        <Element>
            <Term>cbc:DocumentCurrencyCode</Term>
            <Name>Invoice currency code</Name>
            <Description>The currency in which all Invoice amounts are given, except for the Total VAT amount in accounting
                currency. Only one currency shall be used in the Invoice, except for the VAT accounting currency code (BT-6) and the invoice total VAT amount in accounting currency (BT-111).
            </Description>
            <DataType>Code</DataType>
            <Reference type="BUSINESS_TERM">BT-5</Reference>
            <Reference type="RULE">BR-05</Reference>
            <Reference type="RULE">BR-CL-04</Reference>
            <Reference type="CODE_LIST">ISO4217</Reference>
            <Value type="EXAMPLE">EUR</Value>
        </Element>

        <Element cardinality="0..1">
            <Term>cbc:TaxCurrencyCode</Term>
            <Name>VAT accounting currency code</Name>
            <Description>The currency used for VAT accounting and reporting purposes as accepted or required in the country
                of the Seller. Shall be used in combination with the Invoice total VAT amount in accounting currency (BT-111), when the VAT accounting currency code differs from the 
                Invoice currency code.
            </Description>
            <DataType>Code</DataType>
            <Reference type="BUSINESS_TERM">BT-6</Reference>
            <Reference type="RULE">BR-CL-05</Reference>
            <Reference type="RULE">PEPPOL-EN16931-R005</Reference>
            <Reference type="CODE_LIST">ISO4217</Reference>
            <Value type="EXAMPLE">SEK</Value>
        </Element>

        <Element cardinality="0..1">
            <Term>cbc:AccountingCost</Term>
            <Name>Buyer accounting reference</Name>
            <Description>A textual value that specifies where to book the relevant data into the Buyer's financial
                accounts.
            </Description>
            <DataType>Text</DataType>
            <Reference type="BUSINESS_TERM">BT-19</Reference>
            <Value type="EXAMPLE">4217:2323:2323</Value>
        </Element>

        <Element cardinality="0..1">
            <Term>cbc:BuyerReference</Term>
            <Name>Buyer reference</Name>
            <Description>An identifier assigned by the Buyer used for internal routing purposes. An invoice must have buyer reference or purchase order reference (BT-13).</Description>
            <DataType>Text</DataType>
            <Reference type="BUSINESS_TERM">BT-10</Reference>
            <Reference type="RULE">PEPPOL-EN16931-R003</Reference>
            <Value type="EXAMPLE">abs1234</Value>
        </Element>

        <Element cardinality="0..1">
            <Term>cac:InvoicePeriod</Term>
            <Name>DELIVERY OR INVOICE PERIOD</Name>
            <Description>A group of business terms providing information on the invoice period. Also called delivery period. 
                If the group is used, the invoiceing period start date and/or end date must be used.</Description>
            <Reference type="BUSINESS_TERM">BG-14</Reference>
            <Reference type="RULE">BR-IC-11</Reference>

            <Element cardinality="0..1">
                <Term>cbc:StartDate</Term>
                <Name>Invoicing period start date</Name>
                <Description>The date when the Invoice period starts. Format = "YYYY-MM-DD".</Description>
                <DataType>Date</DataType>
                <Reference type="BUSINESS_TERM">BT-73</Reference>
                <Reference type="RULE">PEPPOL-EN16931-F001</Reference>
                <Reference type="RULE">BR-CO-19</Reference>
                <Value type="EXAMPLE">2017-10-01</Value>
            </Element>

            <Element cardinality="0..1">
                <Term>cbc:EndDate</Term>
                <Name>Invoicing period end date</Name>
                <Description>The date when the Invoice period ends. Format = "YYYY-MM-DD".</Description>
                <DataType>Date</DataType>
                <Reference type="BUSINESS_TERM">BT-74</Reference>
                <Reference type="RULE">PEPPOL-EN16931-F001</Reference>
                <Reference type="RULE">BR-29</Reference>
                <Reference type="RULE">BR-CO-19</Reference>
                <Value type="EXAMPLE">2017-10-31</Value>
            </Element>

            <Element cardinality="0..1">
                <Term>cbc:DescriptionCode</Term>
                <Name>Value added tax point date code</Name>
                <Description>The code of the date when the VAT becomes accountable for the Seller and for the Buyer.</Description>
                <DataType>Code</DataType>
                <Reference type="BUSINESS_TERM">BT-8</Reference>
                <Reference type="RULE">BR-CO-03</Reference>
                <Reference type="RULE">BR-CL-06</Reference>
				<Reference type="RULE">PEPPOL-EN16931-CL006</Reference>
                <Reference type="CODE_LIST">UNCL2005</Reference>
                <Value type="EXAMPLE">35</Value>
            </Element>
        </Element>

        <Element cardinality="0..1">
            <Term>cac:OrderReference</Term>
            <Name>ORDER AND SALES ORDER REFERENCE</Name>

            <Element>
                <Term>cbc:ID</Term>
                <Name>Purchase order reference</Name>
                <Description>An identifier of a referenced purchase order, issued by the Buyer.An invoice must have buyer reference (BT-10) or purchase order reference.</Description>
                <DataType>Document Reference</DataType>
                <Reference type="BUSINESS_TERM">BT-13</Reference>
                <Reference type="RULE">PEPPOL-EN16931-R003</Reference>
                <Value type="EXAMPLE">98776</Value>
            </Element>

            <Element cardinality="0..1">
                <Term>cbc:SalesOrderID</Term>
                <Name>Sales order reference</Name>
                <Description>An identifier of a referenced sales order, issued by the Seller.</Description>
                <DataType>Document Reference</DataType>
                <Reference type="BUSINESS_TERM">BT-14</Reference>
                <Value type="EXAMPLE">112233</Value>
            </Element>
        </Element>

        <Element cardinality="0..n">
            <Term>cac:BillingReference</Term>
            <Name>PRECEDING INVOICE REFERENCE</Name>
            <Description>A group of business terms providing information on one or more preceding Invoices.</Description>
            <Reference type="BUSINESS_TERM">BG-3</Reference>

            <Element>
                <Term>cac:InvoiceDocumentReference</Term>
                <Name>INVOICE DOCUMENT REFERENCE</Name>

                <Element>
                    <Term>cbc:ID</Term>
                    <Name>Preceding Invoice number</Name>
                    <Description>The identification of an Invoice that was previously sent by the Seller.</Description>
                    <DataType>Document Reference</DataType>
                    <Reference type="BUSINESS_TERM">BT-25</Reference>
                    <Reference type="RULE">BR-55</Reference>
                    <Value type="EXAMPLE">inv123</Value>
                </Element>
                <Element cardinality="0..1">
                    <Term>cbc:IssueDate</Term>
                    <Name>Preceding Invoice issue date</Name>
                    <Description>The date when the Preceding Invoice was issued.Shall be
                        provided in case the Preceding Invoice identifier is not unique. Format = "YYYY-MM-DD".</Description>
                    <DataType>Date</DataType>
                    <Reference type="BUSINESS_TERM">BT-26</Reference>
                    <Reference type="RULE">PEPPOL-EN16931-F001</Reference>
                    <Value type="EXAMPLE">2017-09-15</Value>
                </Element>
            </Element>
        </Element>

        <Element cardinality="0..1">
            <Term>cac:DespatchDocumentReference</Term>
            <Name>DESPATCH ADVICE REFERENCE</Name>

            <Element>
                <Term>cbc:ID</Term>
                <Name>Despatch advice reference</Name>
                <Description>An identifier of a referenced despatch advice.</Description>
                <DataType>Document Reference</DataType>
                <Reference type="BUSINESS_TERM">BT-16</Reference>
                <Value type="EXAMPLE">desp98</Value>
            </Element>
        </Element>

        <Element cardinality="0..1">
            <Term>cac:ReceiptDocumentReference</Term>
            <Name>RECEIPT ADVICE REFERENCE</Name>

            <Element>
                <Term>cbc:ID</Term>
                <Name>Receiving advice reference</Name>
                <Description>An identifier of a referenced receiving advice.</Description>
                <DataType>Document Reference</DataType>
                <Reference type="BUSINESS_TERM">BT-15</Reference>
                <Value type="EXAMPLE">rec98</Value>
            </Element>
        </Element>

        <Element cardinality="0..1">
            <Term>cac:ContractDocumentReference</Term>
            <Name>CONTRACT REFERENCE</Name>

            <Element>
                <Term>cbc:ID</Term>
                <Name>Contract reference</Name>
                <Description>The identification of a contract.</Description>
                <DataType>Document Reference</DataType>
                <Reference type="BUSINESS_TERM">BT-12</Reference>
                <Value type="EXAMPLE">123Contractref</Value>
            </Element>
        </Element>

        <Element cardinality="0..n">
            
            <Term>cac:AdditionalDocumentReference</Term>
            <Name>ADDITIONAL SUPPORTING DOCUMENTS</Name>
            <Description>A group of business terms providing information about additional supporting documents substantiating the claims made in the Invoice.
                The additional supporting documents can be used for both referencing a document number which is expected to be known by the receiver, 
                an external document (referenced by a URL) or as an embedded document, Base64 encoded (such as a time report).</Description>
            <Reference type="BUSINESS_TERM">BG-24</Reference>
            <Reference type="RULE">PEPPOL-EN16931-R006</Reference>
            <Reference type="RULE">PEPPOL-EN16931-R080</Reference>
           

            
            <Element>
                <Term>cbc:ID</Term>
                <Name>Invoiced object identifier, Supporting document reference or project reference</Name>
                <Description>An identifier for an object on which the invoice is based (with DocumentTypeCode=130), given by the Seller, the identifier for the supporting document or the project reference identifier (DocumentTypeCode=50).</Description>
                <DataType>Identifier</DataType>
                <Reference type="BUSINESS_TERM">BT-18, BT-122</Reference>
                <Reference type="RULE">BR-52</Reference>
                
                <Attribute usage="Optional">
                    <Term>schemeID</Term>
                    <Name>Scheme identifier</Name>
                    <Description>The identification scheme identifier of the Invoiced object identifier.</Description>
                    <Reference type="RULE">BR-CL-07</Reference>
                    <Reference type="CODE_LIST">UNCL1153</Reference>
                    <Value type="EXAMPLE">AUN</Value>
                </Attribute>
                
                <Value type="EXAMPLE">AB23456</Value>              
                
            </Element>
            
            <Element cardinality="0..1">
                <Term>cbc:DocumentTypeCode</Term>
                <Name>Document type code</Name>
                <Description>Code "130" MUST be used to indicate an invoice object reference and code "50" for project reference. Element is not used for other additional documents</Description>
                <DataType>Code</DataType>
                <Reference type="BUSINESS_TERM">BT-18</Reference>
                <Value type="EXAMPLE">130</Value>
            </Element>
            
            <Element cardinality="0..1">
                <Term>cbc:DocumentDescription</Term>
                <Name>Supporting document description</Name>
                <Description>A description of the supporting document, such as: timesheet, usage report etc.</Description>
                <DataType>Text</DataType>
                <Reference type="BUSINESS_TERM">BT-123</Reference>
                <Value type="EXAMPLE">Time list</Value>
            </Element>
            
            <Element cardinality="0..1">
                <Term>cac:Attachment</Term>
                <Name>ATTACHMENT</Name>
                
                <Element cardinality="0..1">
                    <Term>cbc:EmbeddedDocumentBinaryObject</Term>
                    <Name>Attached document</Name>
                    <Description>An attached document embedded as binary object (Base64) or sent together with the invoice.</Description>
                    <DataType>Binary object</DataType>
                    <Reference type="BUSINESS_TERM">BT-125</Reference>
                    
                    
                    
                    <Attribute>
                        <Term>mimeCode</Term>
                        <Name>Attached document Mime code</Name>
                        <Description>The mime code of the attached document.</Description>
                        <Reference type="RULE">PEPPOL-EN16931-CL001</Reference>
                        <Reference type="RULE">UBL-DT-06</Reference>
                        <Reference type="CODE_LIST">MimeCode</Reference>
                        <Reference type="RULE">BR-CL-24</Reference>
                        <Value type="EXAMPLE">text/csv</Value>
                    </Attribute>
                    
                    <Attribute>
                        <Term>filename</Term>
                        <Name>Attached document Filename</Name>
                        <Description>The file name of the attached document</Description>
                        <Reference type="RULE">UBL-DT-07</Reference>
                        <Value type="EXAMPLE">Hours-spent.csv</Value>
                        
                    </Attribute>
                    
                    <Value type="EXAMPLE">aHR0cHM6Ly90ZXN0LXZlZmEuZGlmaS5uby9wZXBwb2xiaXMvcG9hY2MvYmlsbGluZy8zLjAvYmlzLw==</Value>
                </Element>
                
                <Element cardinality="0..1">
                    <Term>cac:ExternalReference</Term>
                    <Name>EXTERNAL REFERENCE</Name>
                    
                    <Element>
                        <Term>cbc:URI</Term>
                        <Name>External document location</Name>
                        <Description>The URL (Uniform Resource Locator) that identifies where the external document is located.  
                            A means of locating the resource, including its primary access mechanism, e.g. http:// or ftp://.
                        </Description>
                        <DataType>Text</DataType>
                        <Reference type="BUSINESS_TERM">BT-124</Reference>
                        <Value type="EXAMPLE">http://www.example.com/index.html</Value>
                    </Element>
                </Element>
            </Element>
            
            
        </Element>
        
        <Element cardinality="0..1">
            <Term>cac:OriginatorDocumentReference</Term>
            <Name>TENDER OR LOT REFERENCE</Name>

            <Element>
                <Term>cbc:ID</Term>
                <Name>Tender or lot reference</Name>
                <Description>The identification of the call for tender or lot the invoice relates to.</Description>
                <DataType>Document Reference</DataType>
                <Reference type="BUSINESS_TERM">BT-17</Reference>
                <Value type="EXAMPLE">PPID-123</Value>
            </Element>
        </Element>


        <Include>part/supplier-party.xml</Include>

        <Include>part/customer-party.xml</Include>

        <Include>part/payee-party.xml</Include>

        <Include>part/taxrep-party.xml</Include>

        <Include>part/delivery.xml</Include>




        <Element cardinality="0..n">
            <Term>cac:PaymentMeans</Term>
            <Name>PAYMENT INSTRUCTIONS</Name>
            <Description>A group of business terms providing information about the payment.</Description>
            <Reference type="BUSINESS_TERM">BG-16</Reference>

            <Element>
                <Term>cbc:PaymentMeansCode</Term>
                <Name>Payment means type code</Name>
                <Description>The means, expressed as code, for how a payment is expected to be or has been settled.
                </Description>
                <DataType>Code</DataType>
                <Reference type="BUSINESS_TERM">BT-81</Reference>
                <Reference type="RULE">BR-49</Reference>
                <Reference type="RULE">BR-CL-16</Reference>
                <Reference type="CODE_LIST">UNCL4461</Reference>


                <Attribute usage="Optional">
                    <Term>name</Term>
                    <Name>Payment means text</Name>
                    <Description>The means, expressed as text, for how a payment is expected to be or has been settled.
                    </Description>
                    <DataType>Text</DataType>
                    <Reference type="BUSINESS_TERM">BT-82</Reference>
                    <Value type="EXAMPLE">432948234234234</Value>
                </Attribute>

                <Value type="EXAMPLE">30</Value>

            </Element>

            <Element cardinality="0..1">
                <Term>cbc:PaymentDueDate</Term>
                <Name>Payment due date</Name>
                <Description>The date when the payment is due.Format "YYYY-MM-DD". In case the Amount due for payment (BT-115) is positive, either the Payment due date (BT-9) or the Payment terms (BT-20) shall be present.</Description>
                <DataType>Date</DataType>
                <Reference type="BUSINESS_TERM">BT-9</Reference>
                <Reference type="RULE">PEPPOL-EN16931-F001</Reference>
                <Reference type="RULE">BR-CO-25</Reference>
                <Value type="EXAMPLE">2017-11-01</Value>
            </Element>



            <Element cardinality="0..1">
                <Term>cbc:PaymentID</Term>
                <Name>Remittance information</Name>
                <Description>A textual value used to establish a link between the payment and the Invoice, issued by the
                    Seller. Used for creditor's critical reconciliation information. This information element helps the Seller to assign an incoming payment to the relevant payment process.
                </Description>
                <DataType>Text</DataType>
                <Reference type="BUSINESS_TERM">BT-83</Reference>
                <Value type="EXAMPLE">Credit transfer</Value>
            </Element>


            <Include>part/card-payment.xml</Include>

            <Include>part/credit-transfer.xml</Include>

            <Include>part/payment-mandate.xml</Include>

        </Element>

        <Element cardinality="0..1">
            <Term>cac:PaymentTerms</Term>
            <Name>PAYMENT TERMS</Name>

            <Element>
                <Term>cbc:Note</Term>
                <Name>Payment terms</Name>
                <Description>A textual description of the payment terms that apply to the amount due for payment (Including
                    description of possible penalties). In case the Amount due for payment (BT-115) is positive, either the Payment due date (BT-9) or the Payment terms (BT-20) shall be present.
                </Description>
                <DataType>Text</DataType>
                <Reference type="BUSINESS_TERM">BT-20</Reference>
                <Reference type="RULE">BR-CO-25</Reference>
                <Value type="EXAMPLE">Net within 30 days</Value>
            </Element>
        </Element>


        <Include>part/allowance-charge.xml</Include>

        <Include>part/tax-total.xml</Include>

        <Include>part/monetary-totals.xml</Include>


        <Element cardinality="1..n">
            <Term>cac:CreditNoteLine</Term>
            <Name>INVOICE LINE</Name>
            <Description>A group of business terms providing information on individual Invoice lines.</Description>
            <Reference type="BUSINESS_TERM">BG-25</Reference>
            <Reference type="RULE">BR-16</Reference>
           


            <Element>
                <Term>cbc:ID</Term>
                <Name>Invoice line identifier</Name>
                <Description>A unique identifier for the individual line within the Invoice.</Description>
                <DataType>Identifier</DataType>
                <Reference type="BUSINESS_TERM">BT-126</Reference>
                <Reference type="RULE">BR-21</Reference>
                <Value type="EXAMPLE">12</Value>
            </Element>

            <Element cardinality="0..1">
                <Term>cbc:Note</Term>
                <Name>Invoice line note</Name>
                <Description>A textual note that gives unstructured information that is relevant to the Invoice line.
                </Description>
                <DataType>Text</DataType>
                <Reference type="BUSINESS_TERM">BT-127</Reference>
                <Value type="EXAMPLE">New article number 12345</Value>
            </Element>

            <Element>
                <Term>cbc:CreditedQuantity</Term>
                <Name>Invoiced quantity</Name>
                <Description>The quantity of items (goods or services) that is charged in the Invoice line.</Description>
                <DataType>Quantity</DataType>
                <Reference type="BUSINESS_TERM">BT-129</Reference>
                <Reference type="RULE">BR-22</Reference>


                <Attribute>
                    <Term>unitCode</Term>
                    <Name>Invoiced quantity unit of measure</Name>
                    <Description>The unit of measure that applies to the invoiced quantity.
					Codes for unit of packaging from UNECE Recommendation No. 21 can be used in accordance with the descriptions in the "Intro" section of UN/ECE Recommendation 20, Revision 11 (2015):
					The 2 character alphanumeric code values in UNECE Recommendation 21 shall be used. To avoid duplication with existing code values in UNECE Recommendation No. 20, each code value from UNECE Recommendation 21 shall be prefixed with an “X”, resulting in a 3 alphanumeric code when used as a unit of measure.</Description>
                    <DataType>Code</DataType>
                    <Reference type="BUSINESS_TERM">BT-130</Reference>
                    <Reference type="RULE">BR-23</Reference>
                    <Reference type="CODE_LIST">UNECERec20</Reference>
                    <Reference type="CODE_LIST">UNECERec21</Reference>
                    <Value type="EXAMPLE">C62</Value>
                </Attribute>
                <Value type="EXAMPLE">40</Value>
            </Element>

            <Element>
                <Term>cbc:LineExtensionAmount</Term>
                <Name>Invoice line net amount</Name>
                <Description>The total amount of the Invoice line.
                    The amount is “net” without VAT, i.e. inclusive of line level allowances and charges as well as other relevant taxes.
                    Must be rounded to maximum 2 decimals.</Description>
                <DataType>Identifier</DataType>
                <Reference type="BUSINESS_TERM">BT-131</Reference>
                <Reference type="RULE">BR-24</Reference>
                <Reference type="RULE">PEPPOL-EN16931-R120</Reference>
                <Reference type="RULE">BR-DEC-23</Reference>
                <Reference type="RULE">UBL-DT-01</Reference>
                <Reference type="RULE">BR-CL-03</Reference>
                <Attribute>
                    <Term>currencyID</Term>
                    <Description>Mandatory attribute. Use BT-5</Description>
                    <Reference type="RULE">PEPPOL-EN16931-CL007</Reference>
                    <Reference type="RULE">PEPPOL-EN16931-R051</Reference>
                    <Reference type="CODE_LIST">ISO4217</Reference>
                    <Value type="EXAMPLE">EUR</Value>
                </Attribute>

                <Value type="EXAMPLE">3800</Value>
            </Element>

            <Element cardinality="0..1">
                <Term>cbc:AccountingCost</Term>
                <Name>Invoice line Buyer accounting reference</Name>
                <Description>A textual value that specifies where to book the relevant data into the Buyer's financial
                    accounts.
                </Description>
                <DataType>Identifier</DataType>
                <Reference type="BUSINESS_TERM">BT-133</Reference>
                <Value type="EXAMPLE">1287:65464</Value>
            </Element>
            
            <Include>part/line-period.xml</Include>

           

            <Element cardinality="0..1">
                <Term>cac:OrderLineReference</Term>
                <Name>ORDER LINE REFERENCE</Name>

                <Element>
                    <Term>cbc:LineID</Term>
                    <Name>Referenced purchase order line reference</Name>
                    <Description>An identifier for a referenced line within a purchase order, issued by the Buyer.</Description>
                    <DataType>Identifier</DataType>
                    <Reference type="BUSINESS_TERM">BT-132</Reference>
                    <Value type="EXAMPLE">3</Value>
                </Element>
            </Element>

            <Element cardinality="0..1">
                <Term>cac:DocumentReference</Term>
                <Name>LINE OBJECT IDENTIFIER</Name>
                 <Reference type="RULE">PEPPOL-EN16931-R100</Reference>
                 <Reference type="RULE">PEPPOL-EN16931-R101</Reference>

                <Element>
                    <Term>cbc:ID</Term>
                    <Name>Invoice line object identifier</Name>
                    <Description>An identifier for an object on which the invoice line is based, given by the Seller.</Description>
                    <DataType>Identifier</DataType>
                    <Reference type="BUSINESS_TERM">BT-128</Reference>

                    <Attribute usage="Optional">
                        <Term>schemeID</Term>
                        <Name>Invoice line object identifier identification scheme identifier</Name>
                        <Description>The identification scheme identifier of the Invoice line object identifier.</Description>
                        <Reference type="CODE_LIST">UNCL1153</Reference>
                        <Value type="EXAMPLE">AVV</Value>
                    </Attribute>
                    <Value type="EXAMPLE">23324234</Value>
                </Element>

                <Element>
                    <Term>cbc:DocumentTypeCode</Term>
                    <Name>Document type code</Name>
                    <Description>Code "130" MUST be used to indicate an invoice object reference. Not used for other additional documents</Description>
                    <DataType>Code</DataType>
                    <Reference type="BUSINESS_TERM">BT-128</Reference>
                    <Value type="DEFAULT">130</Value>
                </Element>

            </Element>

            <Include>part/line-allowance-charge.xml</Include>
            
            <Include>part/item.xml</Include>
            
            <Include>part/price.xml</Include>
      

         
        </Element>
    </Document>

</Structure>
