<?xml version="1.0" encoding="UTF-8"?>
<testSet xmlns="http://difi.no/xsd/vefa/validator/1.0"
	configuration="peppolbis-t110-base-3.0">
	<assert>
		<description>Verify total sum of line amounts is equal to the sum of the order line amounts at order line level, if total sum of line amounts is provided.</description>
		<scope>PEPPOL-T110-R007</scope>
	</assert>
	
	<test>
		<assert>
			<description>No error when line extension amount is total of order line extensions.</description>
			<success>PEPPOL-T110-R007</success>
		</assert>
		<OrderResponse xmlns:cac="urn:oasis:names:specification:ubl:schema:xsd:CommonAggregateComponents-2"
			xmlns:cbc="urn:oasis:names:specification:ubl:schema:xsd:CommonBasicComponents-2"
			xmlns="urn:oasis:names:specification:ubl:schema:xsd:OrderResponse-2">

			<cac:LegalMonetaryTotal>
				<cbc:LineExtensionAmount>50</cbc:LineExtensionAmount>
			</cac:LegalMonetaryTotal>

			<cac:OrderLine>
				<cac:LineItem>
					<cbc:LineExtensionAmount>25</cbc:LineExtensionAmount>
				</cac:LineItem>
			</cac:OrderLine>
			<cac:OrderLine>
				<cac:LineItem>
					<cbc:LineExtensionAmount>25</cbc:LineExtensionAmount>
				</cac:LineItem>
			</cac:OrderLine>

		</OrderResponse>
	</test>
	<test>
		<assert>
			<description>Trigger error when line extension amount is not total of order line extensions.</description>
			<error>PEPPOL-T110-R007</error>
		</assert>
		<OrderResponse xmlns:cac="urn:oasis:names:specification:ubl:schema:xsd:CommonAggregateComponents-2"
			xmlns:cbc="urn:oasis:names:specification:ubl:schema:xsd:CommonBasicComponents-2"
			xmlns="urn:oasis:names:specification:ubl:schema:xsd:OrderResponse-2">

			<cac:LegalMonetaryTotal>
				<cbc:LineExtensionAmount>25</cbc:LineExtensionAmount>
			</cac:LegalMonetaryTotal>

			<cac:OrderLine>
				<cac:LineItem>
					<cbc:LineExtensionAmount>25</cbc:LineExtensionAmount>
				</cac:LineItem>
			</cac:OrderLine>
			<cac:OrderLine>
				<cac:LineItem>
					<cbc:LineExtensionAmount>25</cbc:LineExtensionAmount>
				</cac:LineItem>
			</cac:OrderLine>

		</OrderResponse>
	</test>
	<test>
		<assert>
			<description>Trigger no error when line extension amount not available.</description>
			<success>PEPPOL-T110-R007</success>
		</assert>
		<OrderResponse xmlns:cac="urn:oasis:names:specification:ubl:schema:xsd:CommonAggregateComponents-2"
			xmlns:cbc="urn:oasis:names:specification:ubl:schema:xsd:CommonBasicComponents-2"
			xmlns="urn:oasis:names:specification:ubl:schema:xsd:OrderResponse-2">

			<cac:LegalMonetaryTotal>
				<!-- <cbc:LineExtensionAmount>25</cbc:LineExtensionAmount> -->
			</cac:LegalMonetaryTotal>

			<cac:OrderLine>
				<cac:LineItem>
					<cbc:LineExtensionAmount>25</cbc:LineExtensionAmount>
				</cac:LineItem>
			</cac:OrderLine>
			<cac:OrderLine>
				<cac:LineItem>
					<cbc:LineExtensionAmount>25</cbc:LineExtensionAmount>
				</cac:LineItem>
			</cac:OrderLine>

		</OrderResponse>
	</test>
	
</testSet>
