<?xml version="1.0" encoding="UTF-8"?>
<testSet xmlns="http://difi.no/xsd/vefa/validator/1.0"
	configuration="peppolbis-t110-base-3.0">
	<assert>
		<description>Verify prices of items are not negative</description>
		<scope>PEPPOL-T110-R001</scope>
	</assert>
	<test>
		<assert>
			<success>PEPPOL-T110-R001</success>
		</assert>
		<OrderResponse xmlns:cac="urn:oasis:names:specification:ubl:schema:xsd:CommonAggregateComponents-2"
			xmlns:cbc="urn:oasis:names:specification:ubl:schema:xsd:CommonBasicComponents-2"
			xmlns="urn:oasis:names:specification:ubl:schema:xsd:OrderResponse-2">
			<cac:OrderLine>
				<cac:LineItem>
					<cac:Price>
						<cbc:PriceAmount currencyID="EUR">50</cbc:PriceAmount>
					</cac:Price>
				</cac:LineItem>
			</cac:OrderLine>
		</OrderResponse>
	</test>

	<test>
		<assert>
			<error>PEPPOL-T110-R001</error>
		</assert>
		<OrderResponse xmlns:cac="urn:oasis:names:specification:ubl:schema:xsd:CommonAggregateComponents-2"
			xmlns:cbc="urn:oasis:names:specification:ubl:schema:xsd:CommonBasicComponents-2"
			xmlns="urn:oasis:names:specification:ubl:schema:xsd:OrderResponse-2">
			<cac:OrderLine>
				<cac:LineItem>
					<cac:Price>
						<cbc:PriceAmount currencyID="EUR">-1</cbc:PriceAmount>
					</cac:Price>
				</cac:LineItem>
			</cac:OrderLine>
		</OrderResponse>
	</test>
</testSet>
