<?xml version="1.0" encoding="UTF-8"?>
<testSet xmlns="http://difi.no/xsd/vefa/validator/1.0"
	configuration="peppolbis-t110-base-3.0">
	<assert>
		<description>Verify that taxable category is the same in VAT breakdown as in line or allowance/charge</description>
		<scope>PEPPOL-T110-R027</scope>
	</assert>
	<test id="1">
		<assert>
		
			<success>PEPPOL-T110-R027</success>
		</assert>
		<OrderResponse xmlns:cac="urn:oasis:names:specification:ubl:schema:xsd:CommonAggregateComponents-2"
			xmlns:cbc="urn:oasis:names:specification:ubl:schema:xsd:CommonBasicComponents-2"
			xmlns="urn:oasis:names:specification:ubl:schema:xsd:OrderResponse-2">

			<cac:TaxTotal>
				<cac:TaxSubtotal>
					<cac:TaxCategory>
						<cbc:ID>S</cbc:ID>
						<cbc:Percent>25</cbc:Percent>
					</cac:TaxCategory>
				</cac:TaxSubtotal>
			</cac:TaxTotal>

			<cac:OrderLine>
				<cac:LineItem>
				<cac:Item>
					<cac:ClassifiedTaxCategory>
						<cbc:ID>S</cbc:ID>
						<cbc:Percent>25</cbc:Percent>
					</cac:ClassifiedTaxCategory>
				</cac:Item>
				</cac:LineItem>
			</cac:OrderLine>

		</OrderResponse>
	</test>
	<test id="2">
		<assert>
			<success>PEPPOL-T110-R027</success>
		</assert>
		<OrderResponse xmlns:cac="urn:oasis:names:specification:ubl:schema:xsd:CommonAggregateComponents-2"
			xmlns:cbc="urn:oasis:names:specification:ubl:schema:xsd:CommonBasicComponents-2"
			xmlns="urn:oasis:names:specification:ubl:schema:xsd:OrderResponse-2">

			<cac:OrderLine>
				<cac:LineItem>
				<cac:Item>
					<cac:ClassifiedTaxCategory>
						<cbc:ID>S</cbc:ID>
						<cbc:Percent>25</cbc:Percent>
					</cac:ClassifiedTaxCategory>
				</cac:Item>
					</cac:LineItem>
			</cac:OrderLine>

		</OrderResponse>
	</test>
	<test id="3">
		<assert>
			<success>PEPPOL-T110-R027</success>
		</assert>
		<OrderResponse xmlns:cac="urn:oasis:names:specification:ubl:schema:xsd:CommonAggregateComponents-2"
			xmlns:cbc="urn:oasis:names:specification:ubl:schema:xsd:CommonBasicComponents-2"
			xmlns="urn:oasis:names:specification:ubl:schema:xsd:OrderResponse-2">

			<cac:OrderLine>
				<cac:LineItem>
				<cac:Item>
					<cac:ClassifiedTaxCategory>
						<cbc:ID>O</cbc:ID>
					</cac:ClassifiedTaxCategory>
				</cac:Item>
					</cac:LineItem>
			</cac:OrderLine>

		</OrderResponse>
	</test>	
	<test id="4">
		<assert>
			<error>PEPPOL-T110-R027</error>
		</assert>
		<OrderResponse xmlns:cac="urn:oasis:names:specification:ubl:schema:xsd:CommonAggregateComponents-2"
			xmlns:cbc="urn:oasis:names:specification:ubl:schema:xsd:CommonBasicComponents-2"
			xmlns="urn:oasis:names:specification:ubl:schema:xsd:OrderResponse-2">

			<cac:TaxTotal>
				<cac:TaxSubtotal>
					<cac:TaxCategory>
						<cbc:ID>S</cbc:ID>
						<cbc:Percent>25</cbc:Percent>
					</cac:TaxCategory>
				</cac:TaxSubtotal>
			</cac:TaxTotal>

			<cac:OrderLine>
				<cac:LineItem>
				<cac:Item>
					<cac:ClassifiedTaxCategory>
						<cbc:ID>AA</cbc:ID>
					</cac:ClassifiedTaxCategory>
				</cac:Item>
					</cac:LineItem>
			</cac:OrderLine>

		</OrderResponse>
	</test>	
	<test id="5">
		<assert><!-- this is ok according to this rule, but not R019 -->
			<success>PEPPOL-T110-R027</success>
		</assert>
		<OrderResponse xmlns:cac="urn:oasis:names:specification:ubl:schema:xsd:CommonAggregateComponents-2"
			xmlns:cbc="urn:oasis:names:specification:ubl:schema:xsd:CommonBasicComponents-2"
			xmlns="urn:oasis:names:specification:ubl:schema:xsd:OrderResponse-2">

			<cac:TaxTotal>
				<cac:TaxSubtotal>
					<cac:TaxCategory>
						<cbc:ID>S</cbc:ID>
						<cbc:Percent>25</cbc:Percent>
					</cac:TaxCategory>
				</cac:TaxSubtotal>
			</cac:TaxTotal>

			<cac:AllowanceCharge>
				<cac:TaxCategory>
					<cbc:ID>S</cbc:ID>
				</cac:TaxCategory>
			</cac:AllowanceCharge>

		</OrderResponse>
	</test>
	<test id="6">
		<assert>
			<success>PEPPOL-T110-R027</success>
		</assert>
		<OrderResponse xmlns:cac="urn:oasis:names:specification:ubl:schema:xsd:CommonAggregateComponents-2"
			xmlns:cbc="urn:oasis:names:specification:ubl:schema:xsd:CommonBasicComponents-2"
			xmlns="urn:oasis:names:specification:ubl:schema:xsd:OrderResponse-2">

			<cac:TaxTotal>
				<cac:TaxSubtotal>
					<cac:TaxCategory>
						<cbc:ID>S</cbc:ID>
						<cbc:Percent>25</cbc:Percent>
					</cac:TaxCategory>
				</cac:TaxSubtotal>
			</cac:TaxTotal>

			<cac:AllowanceCharge>
				<cac:TaxCategory>
					<cbc:ID>S</cbc:ID>
					<cbc:Percent>25</cbc:Percent>
				</cac:TaxCategory>
			</cac:AllowanceCharge>

		</OrderResponse>
	</test>	
	<test id="7">
		<assert>
			<error>PEPPOL-T110-R027</error>
		</assert>
		<OrderResponse xmlns:cac="urn:oasis:names:specification:ubl:schema:xsd:CommonAggregateComponents-2"
			xmlns:cbc="urn:oasis:names:specification:ubl:schema:xsd:CommonBasicComponents-2"
			xmlns="urn:oasis:names:specification:ubl:schema:xsd:OrderResponse-2">

			<cac:TaxTotal>
				<cac:TaxSubtotal>
					<cac:TaxCategory>
						<cbc:ID>S</cbc:ID>
						<cbc:Percent>25</cbc:Percent>
					</cac:TaxCategory>
				</cac:TaxSubtotal>
			</cac:TaxTotal>

			<cac:AllowanceCharge>
				<cac:TaxCategory>
					<cbc:ID>AA</cbc:ID>
				</cac:TaxCategory>
			</cac:AllowanceCharge>

		</OrderResponse>
	</test>
	<test id="8">
		<assert>
			<success>PEPPOL-T110-R027</success> <!-- error in percent, but not for this rule -->
		</assert>
		<OrderResponse xmlns:cac="urn:oasis:names:specification:ubl:schema:xsd:CommonAggregateComponents-2"
			xmlns:cbc="urn:oasis:names:specification:ubl:schema:xsd:CommonBasicComponents-2"
			xmlns="urn:oasis:names:specification:ubl:schema:xsd:OrderResponse-2">

			<cac:TaxTotal>
				<cac:TaxSubtotal>
					<cac:TaxCategory>
						<cbc:ID>S</cbc:ID>
						<cbc:Percent>25</cbc:Percent>
					</cac:TaxCategory>
				</cac:TaxSubtotal>
			</cac:TaxTotal>

			<cac:AllowanceCharge>
				<cac:TaxCategory>
					<cbc:ID>S</cbc:ID>
					<cbc:Percent>6</cbc:Percent>
				</cac:TaxCategory>
			</cac:AllowanceCharge>

		</OrderResponse>
	</test>	

</testSet>
