<?xml version="1.0" encoding="UTF-8"?>
<DespatchAdvice xmlns="urn:oasis:names:specification:ubl:schema:xsd:DespatchAdvice-2" xmlns:cac="urn:oasis:names:specification:ubl:schema:xsd:CommonAggregateComponents-2" xmlns:cbc="urn:oasis:names:specification:ubl:schema:xsd:CommonBasicComponents-2">
  <cbc:CustomizationID>urn:fdc:peppol.eu:poacc:trns:despatch_advice:3</cbc:CustomizationID>
  <cbc:ProfileID>urn:fdc:peppol.eu:poacc:bis:despatch_advice:3</cbc:ProfileID>
  <cbc:ID>1234</cbc:ID>
  <cbc:IssueDate>2019-03-15</cbc:IssueDate>
  <cbc:IssueTime>08:00:00</cbc:IssueTime>
  <cbc:Note>Use Case 5 Demonstrates the use of most of the existing terms available in the Despatch advice message</cbc:Note>
  <cac:OrderReference>
    <cbc:ID>4321</cbc:ID>
  </cac:OrderReference>
  <cac:AdditionalDocumentReference>
    <cbc:ID>doc-34</cbc:ID>
    <cbc:DocumentType>Timesheet</cbc:DocumentType>
    <cac:Attachment>
      <cbc:EmbeddedDocumentBinaryObject filename="timesheet.xlsx" mimeCode="application/vnd.openxmlformats-officedocument.spreadsheetml.sheet">QklTIE9yZGVyIEFncmVlbWVudCAtIDQyQQ==</cbc:EmbeddedDocumentBinaryObject>
      <cac:ExternalReference>
        <cbc:URI>http://www.example.com/image.jpg</cbc:URI>
      </cac:ExternalReference>
    </cac:Attachment>
  </cac:AdditionalDocumentReference>
  <cac:DespatchSupplierParty>
    <cac:Party>
      <cbc:EndpointID schemeID="0088">7385000000124</cbc:EndpointID>
      <cac:PartyIdentification>
        <cbc:ID schemeID="0088">7385000000124</cbc:ID>
      </cac:PartyIdentification>
      <cac:PostalAddress>
        <cbc:StreetName>Sellerstreet</cbc:StreetName>
        <cbc:CityName>Sstaden</cbc:CityName>
        <cbc:PostalZone>12355</cbc:PostalZone>
        <cac:Country>
          <cbc:IdentificationCode>SE</cbc:IdentificationCode>
        </cac:Country>
      </cac:PostalAddress>
      <cac:PartyLegalEntity>
        <cbc:RegistrationName>Consortial</cbc:RegistrationName>
      </cac:PartyLegalEntity>
      <cac:Contact>
        <cbc:Name>John</cbc:Name>
        <cbc:Telephone>123456789</cbc:Telephone>
        <cbc:ElectronicMail>John@Sseler.se</cbc:ElectronicMail>
      </cac:Contact>
    </cac:Party>
  </cac:DespatchSupplierParty>
  <cac:DeliveryCustomerParty>
    <cac:Party>
      <cbc:EndpointID schemeID="0088">7398000000124</cbc:EndpointID>
      <cac:PartyIdentification>
        <cbc:ID schemeID="0088">7390000435951</cbc:ID>
      </cac:PartyIdentification>
      <cac:PostalAddress>
        <cbc:StreetName>Leveransgatan 1</cbc:StreetName>
        <cbc:AdditionalStreetName>Lastkaj 2</cbc:AdditionalStreetName>
        <cbc:CityName>Kstaden</cbc:CityName>
        <cbc:PostalZone>12345</cbc:PostalZone>
        <cac:AddressLine>
          <cbc:Line>Lastkajen</cbc:Line>
        </cac:AddressLine>
        <cac:Country>
          <cbc:IdentificationCode>SE</cbc:IdentificationCode>
        </cac:Country>
      </cac:PostalAddress>
      <cac:PartyLegalEntity>
        <cbc:RegistrationName>IYT Corporation</cbc:RegistrationName>
      </cac:PartyLegalEntity>
    </cac:Party>
    <cac:DeliveryContact>
      <cbc:Name>Tony Erwing</cbc:Name>
      <cbc:Telephone>01272653214</cbc:Telephone>
      <cbc:ElectronicMail>tony@buyer.se</cbc:ElectronicMail>
    </cac:DeliveryContact>
  </cac:DeliveryCustomerParty>
  <cac:BuyerCustomerParty>
    <cac:Party>
      <cac:PartyIdentification>
        <cbc:ID schemeID="0088">7390000400003</cbc:ID>
      </cac:PartyIdentification>
      <cac:PartyName>
        <cbc:Name>Köparen</cbc:Name>
      </cac:PartyName>
      <cac:PostalAddress>
        <cbc:StreetName>Köpargatan 1</cbc:StreetName>
        <cbc:AdditionalStreetName>Hus A</cbc:AdditionalStreetName>
        <cbc:CityName>Kstaden</cbc:CityName>
        <cbc:PostalZone>12345</cbc:PostalZone>
        <cac:Country>
          <cbc:IdentificationCode>SE</cbc:IdentificationCode>
        </cac:Country>
      </cac:PostalAddress>
    </cac:Party>
  </cac:BuyerCustomerParty>
  <cac:OriginatorCustomerParty>
    <cac:Party>
      <cac:PartyIdentification>
        <cbc:ID schemeID="0088">7390000435968</cbc:ID>
      </cac:PartyIdentification>
      <cac:PartyName>
        <cbc:Name>Godsmottagaren</cbc:Name>
      </cac:PartyName>
      <cac:PostalAddress>
        <cbc:StreetName>Leveransgatan 1</cbc:StreetName>
        <cbc:AdditionalStreetName>Avdelning 2</cbc:AdditionalStreetName>
        <cbc:CityName>Kstaden</cbc:CityName>
        <cbc:PostalZone>12345</cbc:PostalZone>
        <cac:AddressLine>
          <cbc:Line>Rum 7</cbc:Line>
        </cac:AddressLine>
        <cac:Country>
          <cbc:IdentificationCode>SE</cbc:IdentificationCode>
        </cac:Country>
      </cac:PostalAddress>
    </cac:Party>
  </cac:OriginatorCustomerParty>
  <cac:Shipment>
    <cbc:ID>57098761234567890</cbc:ID>
    <cbc:Information>Free text information relating to the Shipment</cbc:Information>
    <cbc:GrossWeightMeasure unitCode="KGM">20</cbc:GrossWeightMeasure>
    <cbc:GrossVolumeMeasure unitCode="MTQ">0.5</cbc:GrossVolumeMeasure>
    <cac:Consignment>
      <cbc:ID>570987698767654567898767876765</cbc:ID>
      <cac:CarrierParty>
        <cac:PartyIdentification>
          <cbc:ID schemeID="0007">5533221100</cbc:ID>
        </cac:PartyIdentification>
        <cac:PartyName>
          <cbc:Name>Danske post</cbc:Name>
        </cac:PartyName>
      </cac:CarrierParty>
    </cac:Consignment>
	<cac:ShipmentStage>
		<cbc:TransportModeCode>2</cbc:TransportModeCode>
	</cac:ShipmentStage>
    <cac:Delivery>
      <cbc:TrackingID>1178298510DK</cbc:TrackingID>
      <cac:EstimatedDeliveryPeriod>
        <cbc:StartDate>2019-03-15</cbc:StartDate>
        <cbc:StartTime>08:00:00</cbc:StartTime>
        <cbc:EndDate>2019-03-16</cbc:EndDate>
        <cbc:EndTime>12:00:00</cbc:EndTime>
      </cac:EstimatedDeliveryPeriod>
    </cac:Delivery>
  </cac:Shipment>
  <cac:DespatchLine>
    <cbc:ID>1</cbc:ID>
    <cbc:Note>Free text information relating to the despatch line</cbc:Note>
    <cbc:DeliveredQuantity unitCode="EA">23</cbc:DeliveredQuantity>
    <cac:OrderLineReference>
      <cbc:LineID>1</cbc:LineID>
      <cbc:SalesOrderLineID>10</cbc:SalesOrderLineID>
      <cac:OrderReference>
        <cbc:ID>4321</cbc:ID>
      </cac:OrderReference>
    </cac:OrderLineReference>
    <cac:DocumentReference>
      <cbc:ID>doc-30</cbc:ID>
      <cbc:DocumentType>Weight statement</cbc:DocumentType>
    </cac:DocumentReference>
    <cac:Item>
      <cbc:Name>Item123</cbc:Name>
      <cac:StandardItemIdentification>
        <cbc:ID schemeID="0160">07311100000047</cbc:ID>
        <cbc:ExtendedID>123</cbc:ExtendedID>
      </cac:StandardItemIdentification>
      <cac:CommodityClassification>
        <cbc:ItemClassificationCode listID="STI" listVersionID="20.0602" name="Office furniture">9873242</cbc:ItemClassificationCode>
      </cac:CommodityClassification>
      <cac:ItemInstance>
        <cbc:SerialID>OR250RHZ444</cbc:SerialID>
        <cac:LotIdentification>
          <cbc:LotNumberID>898A123</cbc:LotNumberID>
          <cbc:ExpiryDate>2021-07-01</cbc:ExpiryDate>
        </cac:LotIdentification>
      </cac:ItemInstance>
    </cac:Item>
    <cac:Shipment>
      <cbc:ID>NA</cbc:ID>
      <cac:TransportHandlingUnit>
        <cbc:ID>173111000000000013</cbc:ID>
        <cbc:TransportHandlingUnitTypeCode>BX</cbc:TransportHandlingUnitTypeCode>
        <cac:MeasurementDimension>
          <cbc:AttributeID>AAB</cbc:AttributeID>
          <cbc:Measure unitCode="KGM">7.00</cbc:Measure>
        </cac:MeasurementDimension>
      </cac:TransportHandlingUnit>
    </cac:Shipment>
  </cac:DespatchLine>
  <cac:DespatchLine>
    <cbc:ID>2</cbc:ID>
    <cbc:Note>Free text information relating to the despatch line</cbc:Note>
    <cbc:DeliveredQuantity unitCode="EA">6</cbc:DeliveredQuantity>
    <cac:OrderLineReference>
      <cbc:LineID>2</cbc:LineID>
      <cac:OrderReference>
        <cbc:ID>4321</cbc:ID>
      </cac:OrderReference>
    </cac:OrderLineReference>
    <cac:Item>
      <cbc:Name>Item456</cbc:Name>
      <cac:SellersItemIdentification>
        <cbc:ID>010120402</cbc:ID>
        <cbc:ExtendedID>123</cbc:ExtendedID>
      </cac:SellersItemIdentification>
      <cac:ItemInstance>
        <cbc:BestBeforeDate>2019-05-01</cbc:BestBeforeDate>
      </cac:ItemInstance>
    </cac:Item>
    <cac:Shipment>
      <cbc:ID>NA</cbc:ID>
      <cac:TransportHandlingUnit>
        <cbc:ID>173111000000000013</cbc:ID>
        <cbc:TransportHandlingUnitTypeCode>PA</cbc:TransportHandlingUnitTypeCode>
        <cac:MeasurementDimension>
          <cbc:AttributeID>AAB</cbc:AttributeID>
          <cbc:Measure unitCode="KGM">5.00</cbc:Measure>
        </cac:MeasurementDimension>
      </cac:TransportHandlingUnit>
    </cac:Shipment>
  </cac:DespatchLine>
  <cac:DespatchLine>
    <cbc:ID>3A</cbc:ID>
    <cbc:Note>Free text information relating to the despatch line</cbc:Note>
    <cbc:DeliveredQuantity unitCode="KGM">3.0</cbc:DeliveredQuantity>
    <cac:OrderLineReference>
      <cbc:LineID>3</cbc:LineID>
      <cac:OrderReference>
        <cbc:ID>4321</cbc:ID>
      </cac:OrderReference>
    </cac:OrderLineReference>
    <cac:Item>
      <cbc:Name>Item789</cbc:Name>
      <cac:SellersItemIdentification>
        <cbc:ID>010120403</cbc:ID>
      </cac:SellersItemIdentification>
      <cac:ItemInstance>
        <cbc:BestBeforeDate>2021-04-15</cbc:BestBeforeDate>
      </cac:ItemInstance>
    </cac:Item>
    <cac:Shipment>
      <cbc:ID>NA</cbc:ID>
      <cac:TransportHandlingUnit>
        <cbc:ID>173111000000000020</cbc:ID>
        <cbc:TransportHandlingUnitTypeCode>CT</cbc:TransportHandlingUnitTypeCode>
        <cac:MeasurementDimension>
          <cbc:AttributeID>AAB</cbc:AttributeID>
          <cbc:Measure unitCode="KGM">3.1</cbc:Measure>
        </cac:MeasurementDimension>
      </cac:TransportHandlingUnit>
    </cac:Shipment>
  </cac:DespatchLine>
  <cac:DespatchLine>
    <cbc:ID>3B</cbc:ID>
    <cbc:Note>Free text information relating to the despatch line</cbc:Note>
    <cbc:DeliveredQuantity unitCode="KGM">0.975</cbc:DeliveredQuantity>
    <cac:OrderLineReference>
      <cbc:LineID>3</cbc:LineID>
      <cac:OrderReference>
        <cbc:ID>4321</cbc:ID>
      </cac:OrderReference>
    </cac:OrderLineReference>
    <cac:Item>
      <cbc:Name>Item789</cbc:Name>
      <cac:SellersItemIdentification>
        <cbc:ID>010120403</cbc:ID>
      </cac:SellersItemIdentification>
      <cac:ItemInstance>
        <cbc:BestBeforeDate>2021-04-25</cbc:BestBeforeDate>
      </cac:ItemInstance>
    </cac:Item>
    <cac:Shipment>
      <cbc:ID>NA</cbc:ID>
      <cac:TransportHandlingUnit>
        <cbc:ID>173111000000000037</cbc:ID>
        <cbc:TransportHandlingUnitTypeCode>CT</cbc:TransportHandlingUnitTypeCode>
        <cac:MeasurementDimension>
          <cbc:AttributeID>AAB</cbc:AttributeID>
          <cbc:Measure unitCode="KGM">1.0</cbc:Measure>
        </cac:MeasurementDimension>
      </cac:TransportHandlingUnit>
    </cac:Shipment>
  </cac:DespatchLine>
  <cac:DespatchLine>
    <cbc:ID>4</cbc:ID>
    <cbc:Note>Free text information relating to the despatch line</cbc:Note>
    <cbc:DeliveredQuantity unitCode="EA">3</cbc:DeliveredQuantity>
    <cac:OrderLineReference>
      <cbc:LineID>5</cbc:LineID>
      <cac:OrderReference>
        <cbc:ID>4321</cbc:ID>
      </cac:OrderReference>
    </cac:OrderLineReference>
    <cac:Item>
      <cbc:Name>Item987</cbc:Name>
      <cac:StandardItemIdentification>
        <cbc:ID schemeID="0160">7611104117059</cbc:ID>
      </cac:StandardItemIdentification>
      <cac:HazardousItem>
        <cbc:UNDGCode>ADR</cbc:UNDGCode>
        <cbc:HazardClassID>2.3</cbc:HazardClassID>
      </cac:HazardousItem>
      <cac:ItemInstance>
        <cbc:SerialID>OR250RHZ4464</cbc:SerialID>
        <cac:LotIdentification>
          <cbc:LotNumberID>898A129</cbc:LotNumberID>
        </cac:LotIdentification>
      </cac:ItemInstance>
      <cac:ItemInstance>
        <cbc:SerialID>OR250RHZ445</cbc:SerialID>
      </cac:ItemInstance>
      <cac:ItemInstance>
        <cbc:SerialID>OR250RHZ446</cbc:SerialID>
      </cac:ItemInstance>
    </cac:Item>
    <cac:Shipment>
      <cbc:ID>NA</cbc:ID>
      <cac:TransportHandlingUnit>
        <cbc:ID>173111000000000044</cbc:ID>
        <cbc:TransportHandlingUnitTypeCode>PA</cbc:TransportHandlingUnitTypeCode>
        <cbc:HazardousRiskIndicator>true</cbc:HazardousRiskIndicator>
        <cac:MeasurementDimension>
          <cbc:AttributeID>AAB</cbc:AttributeID>
          <cbc:Measure unitCode="KGM">3.60</cbc:Measure>
        </cac:MeasurementDimension>
      </cac:TransportHandlingUnit>
    </cac:Shipment>
  </cac:DespatchLine>
</DespatchAdvice>