<?xml version="1.0" encoding="UTF-8" standalone="no"?>
<M_INVOIC  xmlns:xsi="http://www.w3.org/2001/XMLSchema-instance"
 xsi:noNamespaceSchemaLocation="../schema/INVOIC_D14B_ISO20625.xsd">
	<S_UNH>
		<D_0062>20150483</D_0062>
		<C_S009>
			<D_0065>INVOIC</D_0065>
			<D_0052>D</D_0052>
			<D_0054>14B</D_0054>
			<D_0051>UN</D_0051>
		</C_S009>
	</S_UNH>
	<S_BGM>
		<C_C002>
			<D_1001>380</D_1001>
		</C_C002>
		<C_C106>
			<D_1004>20150483</D_1004>
		</C_C106>
	</S_BGM>
	<S_DTM>
		<C_C507>
			<D_2005>137</D_2005>
			<D_2380>20150401</D_2380>
			<D_2379>102</D_2379>
		</C_C507>
	</S_DTM>
	<S_FTX>
		<D_4451>GEN</D_4451>
		<C_C108>
			<D_4440>Vriendelijk verzoeken wij u ervoor te zorgen dat het bedrag voor de vervaldatum op onze rekening staat onder vermelding vanhet factuurnummer. Het bankrekeningnummer is 37.78.15.500, Rabobank, t.n.v. Bluem te Amersfoort. Reclames gaarne binnen10 dagen. Gelieve bij navraag en correspondentie uw firma naam en factuurnummer vermelden. </D_4440>
		</C_C108>
	</S_FTX>
	<S_FTX>
		<D_4451>DOC</D_4451>
		<C_C107>
			<D_4441>P1</D_4441>
		</C_C107>
		<C_C108>
			<D_4440>urn:cen.eu:en16931:2017</D_4440>
		</C_C108>
	</S_FTX>
	<G_SG1>
		<S_RFF>
			<C_C506>
				<D_1153>CT</D_1153>
				<D_1154>iExpress 20110412</D_1154>
			</C_C506>
		</S_RFF>
	</G_SG1>
	<G_SG1>
		<S_RFF>
			<C_C506>
				<D_1153>PQ</D_1153>
				<D_1154>2015 0483 0000 0000</D_1154>
			</C_C506>
		</S_RFF>
	</G_SG1>
	<G_SG2>
		<S_NAD>
			<D_3035>SE</D_3035>
			<C_C080>
				<D_3036>Bluem BV</D_3036>
			</C_C080>
			<C_C059>
				<D_3042>Lindeboomseweg 41</D_3042>
			</C_C059>
			<D_3164>Amersfoort</D_3164>
			<D_3251>3825 AL</D_3251>
			<D_3207>NL</D_3207>
		</S_NAD>
		<S_FII>
			<D_3035>RB</D_3035>
			<C_C078>
				<D_3194>NL13RABO0377815500</D_3194>
			</C_C078>
			<C_C088>
				<D_3433>RABONL2U</D_3433>
			</C_C088>
		</S_FII>
		<S_FII>
			<D_3035>RB</D_3035>
			<C_C078>
				<D_3194>NL13RABO0377815500</D_3194>
			</C_C078>
		</S_FII>
		<G_SG3>
			<S_RFF>
				<C_C506>
					<D_1153>GN</D_1153>
					<D_1154>32081330 Amersfoort</D_1154>
				</C_C506>
			</S_RFF>
		</G_SG3>
		<G_SG3>
			<S_RFF>
				<C_C506>
					<D_1153>VA</D_1153>
					<D_1154>NL809163160B01</D_1154>
				</C_C506>
			</S_RFF>
		</G_SG3>
		<G_SG5>
			<S_CTA>
				<D_3139>SU</D_3139>
			</S_CTA>
			<S_COM>
				<C_C076>
					<D_3148> 033-4549055</D_3148>
					<D_3155>TE</D_3155>
				</C_C076>
			</S_COM>
			<S_COM>
				<C_C076>
					<D_3148>info@bluem.nl</D_3148>
					<D_3155>EM</D_3155>
				</C_C076>
			</S_COM>
		</G_SG5>
	</G_SG2>
	<G_SG2>
		<S_NAD>
			<D_3035>BY</D_3035>
			<C_C080>
				<D_3036>Provide Verzekeringen</D_3036>
			</C_C080>
			<C_C059>
				<D_3042>Henry Dunantweg 42</D_3042>
			</C_C059>
			<D_3164>Alphen aan den Rijn</D_3164>
			<D_3251>2402 NR</D_3251>
			<D_3207>NL</D_3207>
		</S_NAD>
	</G_SG2>
	<G_SG7>
		<S_CUX>
			<C_C504>
				<D_6347>2</D_6347>
				<D_6345>EUR</D_6345>
			</C_C504>
		</S_CUX>
	</G_SG7>
	<G_SG8>
		<S_PYT>
			<D_4279>1</D_4279>
		</S_PYT>
		<S_DTM>
			<C_C507>
				<D_2005>13</D_2005>
				<D_2380>20150415</D_2380>
				<D_2379>102</D_2379>
			</C_C507>
		</S_DTM>
	</G_SG8>
	<G_SG8>
		<S_PYT>
			<D_4279>1</D_4279>
		</S_PYT>
		<S_PAI>
			<C_C534>
				<D_4461>30</D_4461>
			</C_C534>
		</S_PAI>
	</G_SG8>
	<G_SG27>
		<S_LIN>
			<D_1082>1</D_1082>
		</S_LIN>
		<S_IMD>
			<D_7077>F</D_7077>
			<C_C273>
				<D_7008>IExpress licentiekosten</D_7008>
			</C_C273>
		</S_IMD>
		<S_QTY>
			<C_C186>
				<D_6063>47</D_6063>
				<D_6060>3</D_6060>
				<D_6411>MON</D_6411>
			</C_C186>
		</S_QTY>
		<S_DTM>
			<C_C507>
				<D_2005>167</D_2005>
				<D_2380>20160401</D_2380>
				<D_2379>102</D_2379>
			</C_C507>
		</S_DTM>
		<S_DTM>
			<C_C507>
				<D_2005>168</D_2005>
				<D_2380>20160630</D_2380>
				<D_2379>102</D_2379>
			</C_C507>
		</S_DTM>
		<S_FTX>
			<D_4451>ACF</D_4451>
			<C_C108>
				<D_4440>Verbruikscategorie</D_4440>
				<D_4440_2>Start</D_4440_2>
			</C_C108>
		</S_FTX>
		<G_SG28>
			<S_MOA>
				<C_C516>
					<D_5025>203</D_5025>
					<D_5004>147</D_5004>
				</C_C516>
			</S_MOA>
		</G_SG28>
		<G_SG30>
			<S_PRI>
				<C_C509>
					<D_5125>AAA</D_5125>
					<D_5118>49</D_5118>
					<D_5284>1</D_5284>
					<D_6411>MON</D_6411>
				</C_C509>
			</S_PRI>
		</G_SG30>
		<G_SG35>
			<S_TAX>
				<D_5283>7</D_5283>
				<C_C241>
					<D_5153>VAT</D_5153>
				</C_C241>
				<C_C243>
					<D_5278>21</D_5278>
				</C_C243>
				<D_5305>S</D_5305>
			</S_TAX>
		</G_SG35>
	</G_SG27>
	<S_UNS>
		<D_0081>S</D_0081>
	</S_UNS>
	<G_SG52>
		<S_MOA>
			<C_C516>
				<D_5025>79</D_5025>
				<D_5004>147</D_5004>
			</C_C516>
		</S_MOA>
	</G_SG52>
	<G_SG52>
		<S_MOA>
			<C_C516>
				<D_5025>389</D_5025>
				<D_5004>147</D_5004>
			</C_C516>
		</S_MOA>
	</G_SG52>
	<G_SG52>
		<S_MOA>
			<C_C516>
				<D_5025>176</D_5025>
				<D_5004>30.87</D_5004>
			</C_C516>
		</S_MOA>
	</G_SG52>
	<G_SG52>
		<S_MOA>
			<C_C516>
				<D_5025>388</D_5025>
				<D_5004>177.87</D_5004>
			</C_C516>
		</S_MOA>
	</G_SG52>
	<G_SG52>
		<S_MOA>
			<C_C516>
				<D_5025>9</D_5025>
				<D_5004>177.87</D_5004>
			</C_C516>
		</S_MOA>
	</G_SG52>
	<G_SG54>
		<S_TAX>
			<D_5283>7</D_5283>
			<C_C241>
				<D_5153>VAT</D_5153>
			</C_C241>
			<C_C243>
				<D_5278>21</D_5278>
			</C_C243>
			<D_5305>S</D_5305>
		</S_TAX>
		<S_MOA>
			<C_C516>
				<D_5025>125</D_5025>
				<D_5004>147</D_5004>
			</C_C516>
		</S_MOA>
		<S_MOA>
			<C_C516>
				<D_5025>124</D_5025>
				<D_5004>30.87</D_5004>
			</C_C516>
		</S_MOA>
	</G_SG54>
	<S_UNT>
		<D_0074>40</D_0074>
		<D_0062>20150483</D_0062>
	</S_UNT>
</M_INVOIC>
