<?xml version="1.0" encoding="utf-8"?>
<M_INVOIC  xmlns:xsi="http://www.w3.org/2001/XMLSchema-instance"
 xsi:noNamespaceSchemaLocation="../schema/INVOIC_D14B_ISO20625.xsd">
	<S_UNH>
		<D_0062>INVOICE_test_7</D_0062>
		<C_S009>
			<D_0065>INVOIC</D_0065>
			<D_0052>D</D_0052>
			<D_0054>14B</D_0054>
			<D_0051>UN</D_0051>
		</C_S009>
	</S_UNH>
	<S_BGM>
		<C_C002>
			<D_1001>380</D_1001>
		</C_C002>
		<C_C106>
			<D_1004>INVOICE_test_7</D_1004>
		</C_C106>
	</S_BGM>
	<S_DTM>
		<C_C507>
			<D_2005>137</D_2005>
			<D_2380>20130513</D_2380>
			<D_2379>102</D_2379>
		</C_C507>
	</S_DTM>
	<S_DTM>
		<C_C507>
			<D_2005>167</D_2005>
			<D_2380>20130101</D_2380>
			<D_2379>102</D_2379>
		</C_C507>
	</S_DTM>
	<S_DTM>
		<C_C507>
			<D_2005>168</D_2005>
			<D_2380>20131231</D_2380>
			<D_2379>102</D_2379>
		</C_C507>
	</S_DTM>
	<S_FTX>
		<D_4451>AAB</D_4451>
		<C_C108>
			<D_4440>Payment within 30 days</D_4440>
		</C_C108>
	</S_FTX>
	<S_FTX>
		<D_4451>GEN</D_4451>
		<C_C108>
			<D_4440>Testscenario 7</D_4440>
		</C_C108>
	</S_FTX>
	<S_FTX>
		<D_4451>DOC</D_4451>
		<C_C107>
			<D_4441>P1</D_4441>
		</C_C107>
		<C_C108>
			<D_4440>urn:cen.eu:en16931:2017</D_4440>
		</C_C108>
	</S_FTX>
	<S_FTX>
		<D_4451>AGM</D_4451>
		<C_C108>
			<D_4440>Tax</D_4440>
		</C_C108>
	</S_FTX>
	<G_SG1>
		<S_RFF>
			<C_C506>
				<D_1153>ON</D_1153>
				<D_1154>Order_9988_x</D_1154>
			</C_C506>
		</S_RFF>
	</G_SG1>
	<G_SG2>
		<S_NAD>
			<D_3035>SE</D_3035>
			<C_C082>
				<D_3039>5532331183</D_3039>
			</C_C082>
			<C_C080>
				<D_3036>The Sellercompany Incorporated</D_3036>
				<D_3036_2>Civic Service Centre</D_3036_2>
			</C_C080>
			<C_C059>
				<D_3042>Main street 2, Building 4</D_3042>
			</C_C059>
			<D_3164>Big city</D_3164>
			<D_3251>54321</D_3251>
			<D_3207>SE</D_3207>
		</S_NAD>
		<S_FII>
			<D_3035>RB</D_3035>
			<C_C078>
				<D_3194>SE1212341234123412</D_3194>
			</C_C078>
			<C_C088>
				<D_3433>SEXDABCD</D_3433>
			</C_C088>
		</S_FII>
		<S_FII>
			<D_3035>RB</D_3035>
			<C_C078>
				<D_3194>SE1212341234123412</D_3194>
			</C_C078>
		</S_FII>
		<G_SG5>
			<S_CTA>
				<D_3139>SU</D_3139>
				<C_C056>
					<D_3412>Anthon Larsen</D_3412>
				</C_C056>
			</S_CTA>
			<S_COM>
				<C_C076>
					<D_3148>4698989898</D_3148>
					<D_3155>TE</D_3155>
				</C_C076>
			</S_COM>
			<S_COM>
				<C_C076>
					<D_3148>Anthon@SellerCompany.se</D_3148>
					<D_3155>EM</D_3155>
				</C_C076>
			</S_COM>
		</G_SG5>
	</G_SG2>
	<G_SG2>
		<S_NAD>
			<D_3035>BY</D_3035>
			<C_C080>
				<D_3036>THe Buyercompany</D_3036>
			</C_C080>
			<C_C059>
				<D_3042>Anystreet 8</D_3042>
				<D_3042_2>Back door</D_3042_2>
			</C_C059>
			<D_3164>Anytown</D_3164>
			<C_C819>
				<D_3228>RegionB</D_3228>
			</C_C819>
			<D_3251>101</D_3251>
			<D_3207>SE</D_3207>
		</S_NAD>
		<G_SG5>
			<S_CTA>
				<D_3139>SU</D_3139>
				<C_C056>
					<D_3412>3150bdn</D_3412>
				</C_C056>
			</S_CTA>
			<S_COM>
				<C_C076>
					<D_3148>5121230</D_3148>
					<D_3155>TE</D_3155>
				</C_C076>
			</S_COM>
			<S_COM>
				<C_C076>
					<D_3148>john@buyercompany.no</D_3148>
					<D_3155>EM</D_3155>
				</C_C076>
			</S_COM>
		</G_SG5>
	</G_SG2>
	<G_SG7>
		<S_CUX>
			<C_C504>
				<D_6347>2</D_6347>
				<D_6345>SEK</D_6345>
			</C_C504>
		</S_CUX>
	</G_SG7>
	<G_SG8>
		<S_PYT>
			<D_4279>1</D_4279>
		</S_PYT>
		<S_PAI>
			<C_C534>
				<D_4461>30</D_4461>
			</C_C534>
		</S_PAI>
	</G_SG8>
	<G_SG27>
		<S_LIN>
			<D_1082>1</D_1082>
		</S_LIN>
		<S_PIA>
			<D_4347>5</D_4347>
			<C_C212>
				<D_7140>RT3000</D_7140>
				<D_7143>SA</D_7143>
			</C_C212>
		</S_PIA>
		<S_IMD>
			<D_7077>F</D_7077>
			<C_C273>
				<D_7008>Road tax</D_7008>
			</C_C273>
		</S_IMD>
		<S_IMD>
			<D_7077>A</D_7077>
			<C_C273>
				<D_7008>Weight-based tax, vehicles &gt;3000 KGM</D_7008>
			</C_C273>
		</S_IMD>
		<S_QTY>
			<C_C186>
				<D_6063>47</D_6063>
				<D_6060>1</D_6060>
				<D_6411>C62</D_6411>
			</C_C186>
		</S_QTY>
		<G_SG28>
			<S_MOA>
				<C_C516>
					<D_5025>203</D_5025>
					<D_5004>2500</D_5004>
				</C_C516>
			</S_MOA>
		</G_SG28>
		<G_SG30>
			<S_PRI>
				<C_C509>
					<D_5125>AAA</D_5125>
					<D_5118>2500</D_5118>
				</C_C509>
			</S_PRI>
		</G_SG30>
		<G_SG31>
			<S_RFF>
				<C_C506>
					<D_1153>ON</D_1153>
					<D_1156>1</D_1156>
				</C_C506>
			</S_RFF>
		</G_SG31>
		<G_SG35>
			<S_TAX>
				<D_5283>7</D_5283>
				<C_C241>
					<D_5153>VAT</D_5153>
				</C_C241>
				<C_C243 />
				<D_5305>O</D_5305>
			</S_TAX>
		</G_SG35>
	</G_SG27>
	<G_SG27>
		<S_LIN>
			<D_1082>2</D_1082>
		</S_LIN>
		<S_PIA>
			<D_4347>5</D_4347>
			<C_C212>
				<D_7140>REG</D_7140>
				<D_7143>SA</D_7143>
			</C_C212>
		</S_PIA>
		<S_IMD>
			<D_7077>F</D_7077>
			<C_C273>
				<D_7008>Road Register fee</D_7008>
			</C_C273>
		</S_IMD>
		<S_IMD>
			<D_7077>A</D_7077>
			<C_C273>
				<D_7008>Annual registration fee</D_7008>
			</C_C273>
		</S_IMD>
		<S_QTY>
			<C_C186>
				<D_6063>47</D_6063>
				<D_6060>1</D_6060>
				<D_6411>C62</D_6411>
			</C_C186>
		</S_QTY>
		<G_SG28>
			<S_MOA>
				<C_C516>
					<D_5025>203</D_5025>
					<D_5004>700</D_5004>
				</C_C516>
			</S_MOA>
		</G_SG28>
		<G_SG30>
			<S_PRI>
				<C_C509>
					<D_5125>AAA</D_5125>
					<D_5118>700</D_5118>
				</C_C509>
			</S_PRI>
		</G_SG30>
		<G_SG35>
			<S_TAX>
				<D_5283>7</D_5283>
				<C_C241>
					<D_5153>VAT</D_5153>
				</C_C241>
				<C_C243 />
				<D_5305>O</D_5305>
			</S_TAX>
		</G_SG35>
	</G_SG27>
	<S_UNS>
		<D_0081>S</D_0081>
	</S_UNS>
	<G_SG52>
		<S_MOA>
			<C_C516>
				<D_5025>79</D_5025>
				<D_5004>3200</D_5004>
			</C_C516>
		</S_MOA>
	</G_SG52>
	<G_SG52>
		<S_MOA>
			<C_C516>
				<D_5025>389</D_5025>
				<D_5004>3200</D_5004>
			</C_C516>
		</S_MOA>
	</G_SG52>
	<G_SG52>
		<S_MOA>
			<C_C516>
				<D_5025>388</D_5025>
				<D_5004>3200</D_5004>
			</C_C516>
		</S_MOA>
	</G_SG52>
	<G_SG52>
		<S_MOA>
			<C_C516>
				<D_5025>9</D_5025>
				<D_5004>3200</D_5004>
			</C_C516>
		</S_MOA>
	</G_SG52>
	<G_SG54>
		<S_TAX>
			<D_5283>7</D_5283>
			<C_C241>
				<D_5153>VAT</D_5153>
			</C_C241>
			<C_C243 />
			<D_5305>O</D_5305>
		</S_TAX>
		<S_MOA>
			<C_C516>
				<D_5025>125</D_5025>
				<D_5004>3200</D_5004>
			</C_C516>
		</S_MOA>
		<S_MOA>
			<C_C516>
				<D_5025>124</D_5025>
				<D_5004>0</D_5004>
			</C_C516>
		</S_MOA>
	</G_SG54>
	<S_UNT>
		<D_0074>49</D_0074>
		<D_0062>INVOICE_test_7</D_0062>
	</S_UNT>
</M_INVOIC>