<?xml version="1.0" encoding="UTF-8" standalone="no"?>
<M_INVOIC  xmlns:xsi="http://www.w3.org/2001/XMLSchema-instance"
 xsi:noNamespaceSchemaLocation="../schema/INVOIC_D14B_ISO20625.xsd">
	<S_UNH>
		<D_0062>TOSL110</D_0062>
		<C_S009>
			<D_0065>INVOIC</D_0065>
			<D_0052>D</D_0052>
			<D_0054>14B</D_0054>
			<D_0051>UN</D_0051>
		</C_S009>
	</S_UNH>
	<S_BGM>
		<C_C002>
			<D_1001>380</D_1001>
		</C_C002>
		<C_C106>
			<D_1004>TOSL110</D_1004>
		</C_C106>
	</S_BGM>
	<S_DTM>
		<C_C507>
			<D_2005>137</D_2005>
			<D_2380>20130410</D_2380>
			<D_2379>102</D_2379>
		</C_C507>
	</S_DTM>
	<S_FTX>
		<D_4451>DOC</D_4451>
		<C_C107>
			<D_4441>P1</D_4441>
		</C_C107>
		<C_C108>
			<D_4440>urn:cen.eu:en16931:2017</D_4440>
		</C_C108>
	</S_FTX>
	<G_SG2>
		<S_NAD>
			<D_3035>SE</D_3035>
			<C_C080>
				<D_3036>SellerCompany</D_3036>
			</C_C080>
			<D_3207>DK</D_3207>
		</S_NAD>
		<G_SG3>
			<S_RFF>
				<C_C506>
					<D_1153>VA</D_1153>
					<D_1154>123456789MVA</D_1154>
				</C_C506>
			</S_RFF>
		</G_SG3>
	</G_SG2>
	<G_SG2>
		<S_NAD>
			<D_3035>BY</D_3035>
			<C_C080>
				<D_3036>Buyercompany ltd</D_3036>
			</C_C080>
			<D_3207>DK</D_3207>
		</S_NAD>
	</G_SG2>
	<G_SG7>
		<S_CUX>
			<C_C504>
				<D_6347>2</D_6347>
				<D_6345>DKK</D_6345>
			</C_C504>
		</S_CUX>
	</G_SG7>
	<G_SG8>
		<S_PYT>
			<D_4279>1</D_4279>
		</S_PYT>
		<S_DTM>
			<C_C507>
				<D_2005>13</D_2005>
				<D_2380>20130510</D_2380>
				<D_2379>102</D_2379>
			</C_C507>
		</S_DTM>
	</G_SG8>
	<G_SG27>
		<S_LIN>
			<D_1082>1</D_1082>
		</S_LIN>
		<S_IMD>
			<D_7077>F</D_7077>
			<C_C273>
				<D_7008>Printing paper</D_7008>
			</C_C273>
		</S_IMD>
		<S_QTY>
			<C_C186>
				<D_6063>47</D_6063>
				<D_6060>1000</D_6060>
				<D_6411>C62</D_6411>
			</C_C186>
		</S_QTY>
		<G_SG28>
			<S_MOA>
				<C_C516>
					<D_5025>203</D_5025>
					<D_5004>1000</D_5004>
				</C_C516>
			</S_MOA>
		</G_SG28>
		<G_SG30>
			<S_PRI>
				<C_C509>
					<D_5125>AAA</D_5125>
					<D_5118>1</D_5118>
				</C_C509>
			</S_PRI>
		</G_SG30>
		<G_SG35>
			<S_TAX>
				<D_5283>7</D_5283>
				<C_C241>
					<D_5153>VAT</D_5153>
				</C_C241>
				<C_C243>
					<D_5278>25</D_5278>
				</C_C243>
				<D_5305>S</D_5305>
			</S_TAX>
		</G_SG35>
	</G_SG27>
	<G_SG27>
		<S_LIN>
			<D_1082>2</D_1082>
		</S_LIN>
		<S_IMD>
			<D_7077>F</D_7077>
			<C_C273>
				<D_7008>Parker Pen</D_7008>
			</C_C273>
		</S_IMD>
		<S_QTY>
			<C_C186>
				<D_6063>47</D_6063>
				<D_6060>100</D_6060>
				<D_6411>C62</D_6411>
			</C_C186>
		</S_QTY>
		<G_SG28>
			<S_MOA>
				<C_C516>
					<D_5025>203</D_5025>
					<D_5004>500</D_5004>
				</C_C516>
			</S_MOA>
		</G_SG28>
		<G_SG30>
			<S_PRI>
				<C_C509>
					<D_5125>AAA</D_5125>
					<D_5118>5</D_5118>
				</C_C509>
			</S_PRI>
		</G_SG30>
		<G_SG35>
			<S_TAX>
				<D_5283>7</D_5283>
				<C_C241>
					<D_5153>VAT</D_5153>
				</C_C241>
				<C_C243>
					<D_5278>25</D_5278>
				</C_C243>
				<D_5305>S</D_5305>
			</S_TAX>
		</G_SG35>
	</G_SG27>
	<G_SG27>
		<S_LIN>
			<D_1082>3</D_1082>
		</S_LIN>
		<S_IMD>
			<D_7077>F</D_7077>
			<C_C273>
				<D_7008>American Cookies</D_7008>
			</C_C273>
		</S_IMD>
		<S_QTY>
			<C_C186>
				<D_6063>47</D_6063>
				<D_6060>500</D_6060>
				<D_6411>C62</D_6411>
			</C_C186>
		</S_QTY>
		<G_SG28>
			<S_MOA>
				<C_C516>
					<D_5025>203</D_5025>
					<D_5004>2500</D_5004>
				</C_C516>
			</S_MOA>
		</G_SG28>
		<G_SG30>
			<S_PRI>
				<C_C509>
					<D_5125>AAA</D_5125>
					<D_5118>5</D_5118>
				</C_C509>
			</S_PRI>
		</G_SG30>
		<G_SG35>
			<S_TAX>
				<D_5283>7</D_5283>
				<C_C241>
					<D_5153>VAT</D_5153>
				</C_C241>
				<C_C243>
					<D_5278>12</D_5278>
				</C_C243>
				<D_5305>S</D_5305>
			</S_TAX>
		</G_SG35>
	</G_SG27>
	<S_UNS>
		<D_0081>S</D_0081>
	</S_UNS>
	<G_SG52>
		<S_MOA>
			<C_C516>
				<D_5025>79</D_5025>
				<D_5004>4000</D_5004>
			</C_C516>
		</S_MOA>
	</G_SG52>
	<G_SG52>
		<S_MOA>
			<C_C516>
				<D_5025>389</D_5025>
				<D_5004>4000</D_5004>
			</C_C516>
		</S_MOA>
	</G_SG52>
	<G_SG52>
		<S_MOA>
			<C_C516>
				<D_5025>176</D_5025>
				<D_5004>675</D_5004>
			</C_C516>
		</S_MOA>
	</G_SG52>
	<G_SG52>
		<S_MOA>
			<C_C516>
				<D_5025>388</D_5025>
				<D_5004>4675</D_5004>
			</C_C516>
		</S_MOA>
	</G_SG52>
	<G_SG52>
		<S_MOA>
			<C_C516>
				<D_5025>9</D_5025>
				<D_5004>4675</D_5004>
			</C_C516>
		</S_MOA>
	</G_SG52>
	<G_SG54>
		<S_TAX>
			<D_5283>7</D_5283>
			<C_C241>
				<D_5153>VAT</D_5153>
			</C_C241>
			<C_C243>
				<D_5278>25</D_5278>
			</C_C243>
			<D_5305>S</D_5305>
		</S_TAX>
		<S_MOA>
			<C_C516>
				<D_5025>125</D_5025>
				<D_5004>1500</D_5004>
			</C_C516>
		</S_MOA>
		<S_MOA>
			<C_C516>
				<D_5025>124</D_5025>
				<D_5004>375</D_5004>
			</C_C516>
		</S_MOA>
	</G_SG54>
	<G_SG54>
		<S_TAX>
			<D_5283>7</D_5283>
			<C_C241>
				<D_5153>VAT</D_5153>
			</C_C241>
			<C_C243>
				<D_5278>12</D_5278>
			</C_C243>
			<D_5305>S</D_5305>
		</S_TAX>
		<S_MOA>
			<C_C516>
				<D_5025>125</D_5025>
				<D_5004>2500</D_5004>
			</C_C516>
		</S_MOA>
		<S_MOA>
			<C_C516>
				<D_5025>124</D_5025>
				<D_5004>300</D_5004>
			</C_C516>
		</S_MOA>
	</G_SG54>
	<S_UNT>
		<D_0074>41</D_0074>
		<D_0062>TOSL110</D_0062>
	</S_UNT>
</M_INVOIC>
