<?xml version="1.0" encoding="UTF-8" standalone="no"?>
<M_INVOIC  xmlns:xsi="http://www.w3.org/2001/XMLSchema-instance"
 xsi:noNamespaceSchemaLocation="../schema/INVOIC_D14B_ISO20625.xsd">
	<S_UNH>
		<D_0062>1100512149</D_0062>
		<C_S009>
			<D_0065>INVOIC</D_0065>
			<D_0052>D</D_0052>
			<D_0054>14B</D_0054>
			<D_0051>UN</D_0051>
		</C_S009>
	</S_UNH>
	<S_BGM>
		<C_C002>
			<D_1001>380</D_1001>
		</C_C002>
		<C_C106>
			<D_1004>1100512149</D_1004>
		</C_C106>
	</S_BGM>
	<S_DTM>
		<C_C507>
			<D_2005>137</D_2005>
			<D_2380>20141110</D_2380>
			<D_2379>102</D_2379>
		</C_C507>
	</S_DTM>
	<S_DTM>
		<C_C507>
			<D_2005>167</D_2005>
			<D_2380>20140801</D_2380>
			<D_2379>102</D_2379>
		</C_C507>
	</S_DTM>
	<S_DTM>
		<C_C507>
			<D_2005>168</D_2005>
			<D_2380>20140831</D_2380>
			<D_2379>102</D_2379>
		</C_C507>
	</S_DTM>
	<S_FTX>
		<D_4451>AAB</D_4451>
		<C_C108>
			<D_4440>Enexis brengt wettelijke rente in rekening over te laat betaaldefacturen. Kijk voor informatie op www.enexis.nl/rentenota</D_4440>
		</C_C108>
	</S_FTX>
	<S_FTX>
		<D_4451>GEN</D_4451>
		<C_C108>
			<D_4440>Periodieke afrekeningU vindt een toelichting op uw factuur via www.enexis.nl/factuur_grootzakelijkOp alle diensten en overeenkomsten zijn de algemene voorwaarden aansluiting entransport grootverbruik elektriciteit, respectievelijk gas van toepassingwww.enexis.nl</D_4440>
		</C_C108>
	</S_FTX>
	<S_FTX>
		<D_4451>DOC</D_4451>
		<C_C107>
			<D_4441>P1</D_4441>
		</C_C107>
		<C_C108>
			<D_4440>urn:cen.eu:en16931:2017</D_4440>
		</C_C108>
	</S_FTX>
	<G_SG1>
		<S_RFF>
			<C_C506>
				<D_1153>ATS</D_1153>
			</C_C506>
		</S_RFF>
		<S_GIR>
			<D_7297>14</D_7297>
			<C_C206>
				<D_7402>871694831000290806</D_7402>
			</C_C206>
		</S_GIR>
	</G_SG1>
	<G_SG1>
		<S_RFF>
			<C_C506>
				<D_1153>PQ</D_1153>
				<D_1154>1100512149</D_1154>
			</C_C506>
		</S_RFF>
	</G_SG1>
	<G_SG2>
		<S_NAD>
			<D_3035>SE</D_3035>
			<C_C080>
				<D_3036>Enexis B.V.</D_3036>
				<D_3036_2>Enexis</D_3036_2>
			</C_C080>
			<C_C059>
				<D_3042>Magistratenlaan 116</D_3042>
			</C_C059>
			<D_3164>'S-HERTOGENBOSCH</D_3164>
			<D_3251>5223MB</D_3251>
			<D_3207>NL</D_3207>
		</S_NAD>
		<S_FII>
			<D_3035>RB</D_3035>
			<C_C078>
				<D_3194>NL28RBOS0420242228</D_3194>
			</C_C078>
		</S_FII>
		<S_FII>
			<D_3035>RB</D_3035>
			<C_C078>
				<D_3194>NL28RBOS0420242228</D_3194>
			</C_C078>
		</S_FII>
		<G_SG3>
			<S_RFF>
				<C_C506>
					<D_1153>GN</D_1153>
					<D_1154>17131139</D_1154>
				</C_C506>
			</S_RFF>
		</G_SG3>
		<G_SG3>
			<S_RFF>
				<C_C506>
					<D_1153>VA</D_1153>
					<D_1154>NL809561074B01</D_1154>
				</C_C506>
			</S_RFF>
		</G_SG3>
		<G_SG5>
			<S_CTA>
				<D_3139>SU</D_3139>
			</S_CTA>
			<S_COM>
				<C_C076>
					<D_3148>klantenservice.zakelijk@enexis.nl</D_3148>
					<D_3155>EM</D_3155>
				</C_C076>
			</S_COM>
		</G_SG5>
	</G_SG2>
	<G_SG2>
		<S_NAD>
			<D_3035>BY</D_3035>
			<C_C082>
				<D_3039>1081119</D_3039>
			</C_C082>
			<C_C080>
				<D_3036>Klant</D_3036>
			</C_C080>
			<C_C059>
				<D_3042>Bedrijfslaan 4</D_3042>
			</C_C059>
			<D_3164>ONDERNEMERSTAD</D_3164>
			<D_3251>9999 XX</D_3251>
			<D_3207>NL</D_3207>
		</S_NAD>
	</G_SG2>
	<G_SG2>
		<S_NAD>
			<D_3035>DP</D_3035>
			<C_C059>
				<D_3042>Bedrijfslaan 4,</D_3042>
			</C_C059>
			<D_3164>ONDERNEMERSTAD</D_3164>
			<D_3251>9999 XX</D_3251>
			<D_3207>NL</D_3207>
		</S_NAD>
	</G_SG2>
	<G_SG7>
		<S_CUX>
			<C_C504>
				<D_6347>2</D_6347>
				<D_6345>EUR</D_6345>
			</C_C504>
		</S_CUX>
	</G_SG7>
	<G_SG8>
		<S_PYT>
			<D_4279>1</D_4279>
		</S_PYT>
		<S_DTM>
			<C_C507>
				<D_2005>13</D_2005>
				<D_2380>20141124</D_2380>
				<D_2379>102</D_2379>
			</C_C507>
		</S_DTM>
	</G_SG8>
	<G_SG8>
		<S_PYT>
			<D_4279>1</D_4279>
		</S_PYT>
		<S_PAI>
			<C_C534>
				<D_4461>30</D_4461>
			</C_C534>
		</S_PAI>
	</G_SG8>
	<G_SG27>
		<S_LIN>
			<D_1082>1</D_1082>
		</S_LIN>
		<S_IMD>
			<D_7077>F</D_7077>
			<C_C273>
				<D_7008>Getransporteerde kWh&#146;s</D_7008>
			</C_C273>
		</S_IMD>
		<S_QTY>
			<C_C186>
				<D_6063>47</D_6063>
				<D_6060>16000</D_6060>
				<D_6411>KWH</D_6411>
			</C_C186>
		</S_QTY>
		<S_FTX>
			<D_4451>ACF</D_4451>
			<C_C108>
				<D_4440>contract transportvermogen</D_4440>
				<D_4440_2>132,00 kW</D_4440_2>
			</C_C108>
		</S_FTX>
		<S_FTX>
			<D_4451>ACF</D_4451>
			<C_C108>
				<D_4440>transporttarief</D_4440>
				<D_4440_2>Netvlak MSD Enexis</D_4440_2>
			</C_C108>
		</S_FTX>
		<S_FTX>
			<D_4451>ACF</D_4451>
			<C_C108>
				<D_4440>netvlak</D_4440>
				<D_4440_2>MS-D</D_4440_2>
			</C_C108>
		</S_FTX>
		<S_FTX>
			<D_4451>ACF</D_4451>
			<C_C108>
				<D_4440>correctiefactor</D_4440>
				<D_4440_2>1,0130</D_4440_2>
			</C_C108>
		</S_FTX>
		<G_SG28>
			<S_MOA>
				<C_C516>
					<D_5025>203</D_5025>
					<D_5004>140.8</D_5004>
				</C_C516>
			</S_MOA>
		</G_SG28>
		<G_SG30>
			<S_PRI>
				<C_C509>
					<D_5125>AAA</D_5125>
					<D_5118>0.0088</D_5118>
					<D_5284>1</D_5284>
					<D_6411>KWH</D_6411>
				</C_C509>
			</S_PRI>
		</G_SG30>
		<G_SG35>
			<S_TAX>
				<D_5283>7</D_5283>
				<C_C241>
					<D_5153>VAT</D_5153>
				</C_C241>
				<C_C243>
					<D_5278>21</D_5278>
				</C_C243>
				<D_5305>S</D_5305>
			</S_TAX>
		</G_SG35>
	</G_SG27>
	<G_SG27>
		<S_LIN>
			<D_1082>2</D_1082>
		</S_LIN>
		<S_IMD>
			<D_7077>F</D_7077>
			<C_C273>
				<D_7008>Systeemdiensten</D_7008>
			</C_C273>
		</S_IMD>
		<S_QTY>
			<C_C186>
				<D_6063>47</D_6063>
				<D_6060>16000</D_6060>
				<D_6411>KWH</D_6411>
			</C_C186>
		</S_QTY>
		<S_FTX>
			<D_4451>ACF</D_4451>
			<C_C108>
				<D_4440>contract transportvermogen</D_4440>
				<D_4440_2>132,00 kW</D_4440_2>
			</C_C108>
		</S_FTX>
		<S_FTX>
			<D_4451>ACF</D_4451>
			<C_C108>
				<D_4440>transporttarief</D_4440>
				<D_4440_2>Netvlak MSD Enexis</D_4440_2>
			</C_C108>
		</S_FTX>
		<S_FTX>
			<D_4451>ACF</D_4451>
			<C_C108>
				<D_4440>netvlak</D_4440>
				<D_4440_2>MS-D</D_4440_2>
			</C_C108>
		</S_FTX>
		<S_FTX>
			<D_4451>ACF</D_4451>
			<C_C108>
				<D_4440>correctiefactor</D_4440>
				<D_4440_2>1,0130</D_4440_2>
			</C_C108>
		</S_FTX>
		<G_SG28>
			<S_MOA>
				<C_C516>
					<D_5025>203</D_5025>
					<D_5004>16.16</D_5004>
				</C_C516>
			</S_MOA>
		</G_SG28>
		<G_SG30>
			<S_PRI>
				<C_C509>
					<D_5125>AAA</D_5125>
					<D_5118>0.00101</D_5118>
					<D_5284>1</D_5284>
					<D_6411>KWH</D_6411>
				</C_C509>
			</S_PRI>
		</G_SG30>
		<G_SG35>
			<S_TAX>
				<D_5283>7</D_5283>
				<C_C241>
					<D_5153>VAT</D_5153>
				</C_C241>
				<C_C243>
					<D_5278>21</D_5278>
				</C_C243>
				<D_5305>S</D_5305>
			</S_TAX>
		</G_SG35>
	</G_SG27>
	<G_SG27>
		<S_LIN>
			<D_1082>3</D_1082>
		</S_LIN>
		<S_IMD>
			<D_7077>F</D_7077>
			<C_C273>
				<D_7008>Contract transportvermogen</D_7008>
			</C_C273>
		</S_IMD>
		<S_QTY>
			<C_C186>
				<D_6063>47</D_6063>
				<D_6060>132</D_6060>
				<D_6411>KWT</D_6411>
			</C_C186>
		</S_QTY>
		<S_FTX>
			<D_4451>ACF</D_4451>
			<C_C108>
				<D_4440>contract transportvermogen</D_4440>
				<D_4440_2>132,00 kW</D_4440_2>
			</C_C108>
		</S_FTX>
		<S_FTX>
			<D_4451>ACF</D_4451>
			<C_C108>
				<D_4440>transporttarief</D_4440>
				<D_4440_2>Netvlak MSD Enexis</D_4440_2>
			</C_C108>
		</S_FTX>
		<S_FTX>
			<D_4451>ACF</D_4451>
			<C_C108>
				<D_4440>netvlak</D_4440>
				<D_4440_2>MS-D</D_4440_2>
			</C_C108>
		</S_FTX>
		<S_FTX>
			<D_4451>ACF</D_4451>
			<C_C108>
				<D_4440>correctiefactor</D_4440>
				<D_4440_2>1,0130</D_4440_2>
			</C_C108>
		</S_FTX>
		<G_SG28>
			<S_MOA>
				<C_C516>
					<D_5025>203</D_5025>
					<D_5004>167.64</D_5004>
				</C_C516>
			</S_MOA>
		</G_SG28>
		<G_SG30>
			<S_PRI>
				<C_C509>
					<D_5125>AAA</D_5125>
					<D_5118>15.24</D_5118>
					<D_5284>12</D_5284>
					<D_6411>KWT</D_6411>
				</C_C509>
			</S_PRI>
		</G_SG30>
		<G_SG35>
			<S_TAX>
				<D_5283>7</D_5283>
				<C_C241>
					<D_5153>VAT</D_5153>
				</C_C241>
				<C_C243>
					<D_5278>21</D_5278>
				</C_C243>
				<D_5305>S</D_5305>
			</S_TAX>
		</G_SG35>
	</G_SG27>
	<G_SG27>
		<S_LIN>
			<D_1082>4</D_1082>
		</S_LIN>
		<S_IMD>
			<D_7077>F</D_7077>
			<C_C273>
				<D_7008>Maximaal afgenomen vermogen</D_7008>
			</C_C273>
		</S_IMD>
		<S_QTY>
			<C_C186>
				<D_6063>47</D_6063>
				<D_6060>58</D_6060>
				<D_6411>KWT</D_6411>
			</C_C186>
		</S_QTY>
		<S_FTX>
			<D_4451>ACF</D_4451>
			<C_C108>
				<D_4440>contract transportvermogen</D_4440>
				<D_4440_2>132,00 kW</D_4440_2>
			</C_C108>
		</S_FTX>
		<S_FTX>
			<D_4451>ACF</D_4451>
			<C_C108>
				<D_4440>transporttarief</D_4440>
				<D_4440_2>Netvlak MSD Enexis</D_4440_2>
			</C_C108>
		</S_FTX>
		<S_FTX>
			<D_4451>ACF</D_4451>
			<C_C108>
				<D_4440>netvlak</D_4440>
				<D_4440_2>MS-D</D_4440_2>
			</C_C108>
		</S_FTX>
		<S_FTX>
			<D_4451>ACF</D_4451>
			<C_C108>
				<D_4440>correctiefactor</D_4440>
				<D_4440_2>1,0130</D_4440_2>
			</C_C108>
		</S_FTX>
		<G_SG28>
			<S_MOA>
				<C_C516>
					<D_5025>203</D_5025>
					<D_5004>88.74</D_5004>
				</C_C516>
			</S_MOA>
		</G_SG28>
		<G_SG30>
			<S_PRI>
				<C_C509>
					<D_5125>AAA</D_5125>
					<D_5118>1.53</D_5118>
					<D_5284>1</D_5284>
					<D_6411>KWT</D_6411>
				</C_C509>
			</S_PRI>
		</G_SG30>
		<G_SG35>
			<S_TAX>
				<D_5283>7</D_5283>
				<C_C241>
					<D_5153>VAT</D_5153>
				</C_C241>
				<C_C243>
					<D_5278>21</D_5278>
				</C_C243>
				<D_5305>S</D_5305>
			</S_TAX>
		</G_SG35>
	</G_SG27>
	<G_SG27>
		<S_LIN>
			<D_1082>5</D_1082>
		</S_LIN>
		<S_IMD>
			<D_7077>F</D_7077>
			<C_C273>
				<D_7008>Vastrecht Transportdienst</D_7008>
			</C_C273>
		</S_IMD>
		<S_QTY>
			<C_C186>
				<D_6063>47</D_6063>
				<D_6060>1</D_6060>
				<D_6411>MON</D_6411>
			</C_C186>
		</S_QTY>
		<S_FTX>
			<D_4451>ACF</D_4451>
			<C_C108>
				<D_4440>contract transportvermogen</D_4440>
				<D_4440_2>132,00 kW</D_4440_2>
			</C_C108>
		</S_FTX>
		<S_FTX>
			<D_4451>ACF</D_4451>
			<C_C108>
				<D_4440>transporttarief</D_4440>
				<D_4440_2>Netvlak MSD Enexis</D_4440_2>
			</C_C108>
		</S_FTX>
		<S_FTX>
			<D_4451>ACF</D_4451>
			<C_C108>
				<D_4440>netvlak</D_4440>
				<D_4440_2>MS-D</D_4440_2>
			</C_C108>
		</S_FTX>
		<S_FTX>
			<D_4451>ACF</D_4451>
			<C_C108>
				<D_4440>correctiefactor</D_4440>
				<D_4440_2>1,0130</D_4440_2>
			</C_C108>
		</S_FTX>
		<G_SG28>
			<S_MOA>
				<C_C516>
					<D_5025>203</D_5025>
					<D_5004>36.75</D_5004>
				</C_C516>
			</S_MOA>
		</G_SG28>
		<G_SG30>
			<S_PRI>
				<C_C509>
					<D_5125>AAA</D_5125>
					<D_5118>441</D_5118>
					<D_5284>12</D_5284>
					<D_6411>MON</D_6411>
				</C_C509>
			</S_PRI>
		</G_SG30>
		<G_SG35>
			<S_TAX>
				<D_5283>7</D_5283>
				<C_C241>
					<D_5153>VAT</D_5153>
				</C_C241>
				<C_C243>
					<D_5278>21</D_5278>
				</C_C243>
				<D_5305>S</D_5305>
			</S_TAX>
		</G_SG35>
	</G_SG27>
	<G_SG27>
		<S_LIN>
			<D_1082>6</D_1082>
		</S_LIN>
		<S_IMD>
			<D_7077>F</D_7077>
			<C_C273>
				<D_7008>Vastrecht Aansluitdienst</D_7008>
			</C_C273>
		</S_IMD>
		<S_QTY>
			<C_C186>
				<D_6063>47</D_6063>
				<D_6060>1</D_6060>
				<D_6411>MON</D_6411>
			</C_C186>
		</S_QTY>
		<S_FTX>
			<D_4451>ACF</D_4451>
			<C_C108>
				<D_4440>contract transportvermogen</D_4440>
				<D_4440_2>132,00 kW</D_4440_2>
			</C_C108>
		</S_FTX>
		<S_FTX>
			<D_4451>ACF</D_4451>
			<C_C108>
				<D_4440>transporttarief</D_4440>
				<D_4440_2>Netvlak MSD Enexis</D_4440_2>
			</C_C108>
		</S_FTX>
		<S_FTX>
			<D_4451>ACF</D_4451>
			<C_C108>
				<D_4440>netvlak</D_4440>
				<D_4440_2>MS-D</D_4440_2>
			</C_C108>
		</S_FTX>
		<S_FTX>
			<D_4451>ACF</D_4451>
			<C_C108>
				<D_4440>correctiefactor</D_4440>
				<D_4440_2>1,0130</D_4440_2>
			</C_C108>
		</S_FTX>
		<G_SG28>
			<S_MOA>
				<C_C516>
					<D_5025>203</D_5025>
					<D_5004>56.5</D_5004>
				</C_C516>
			</S_MOA>
		</G_SG28>
		<G_SG30>
			<S_PRI>
				<C_C509>
					<D_5125>AAA</D_5125>
					<D_5118>678</D_5118>
					<D_5284>12</D_5284>
					<D_6411>MON</D_6411>
				</C_C509>
			</S_PRI>
		</G_SG30>
		<G_SG35>
			<S_TAX>
				<D_5283>7</D_5283>
				<C_C241>
					<D_5153>VAT</D_5153>
				</C_C241>
				<C_C243>
					<D_5278>21</D_5278>
				</C_C243>
				<D_5305>S</D_5305>
			</S_TAX>
		</G_SG35>
	</G_SG27>
	<G_SG27>
		<S_LIN>
			<D_1082>7</D_1082>
		</S_LIN>
		<S_IMD>
			<D_7077>F</D_7077>
			<C_C273>
				<D_7008>Huur Transformatoren</D_7008>
			</C_C273>
		</S_IMD>
		<S_QTY>
			<C_C186>
				<D_6063>47</D_6063>
				<D_6060>1</D_6060>
				<D_6411>MON</D_6411>
			</C_C186>
		</S_QTY>
		<G_SG28>
			<S_MOA>
				<C_C516>
					<D_5025>203</D_5025>
					<D_5004>83.34</D_5004>
				</C_C516>
			</S_MOA>
		</G_SG28>
		<G_SG30>
			<S_PRI>
				<C_C509>
					<D_5125>AAA</D_5125>
					<D_5118>83.34</D_5118>
					<D_5284>1</D_5284>
					<D_6411>MON</D_6411>
				</C_C509>
			</S_PRI>
		</G_SG30>
		<G_SG35>
			<S_TAX>
				<D_5283>7</D_5283>
				<C_C241>
					<D_5153>VAT</D_5153>
				</C_C241>
				<C_C243>
					<D_5278>21</D_5278>
				</C_C243>
				<D_5305>S</D_5305>
			</S_TAX>
		</G_SG35>
	</G_SG27>
	<G_SG27>
		<S_LIN>
			<D_1082>8</D_1082>
		</S_LIN>
		<S_IMD>
			<D_7077>F</D_7077>
			<C_C273>
				<D_7008>Huur Schakelinstallaties</D_7008>
			</C_C273>
		</S_IMD>
		<S_QTY>
			<C_C186>
				<D_6063>47</D_6063>
				<D_6060>1</D_6060>
				<D_6411>MON</D_6411>
			</C_C186>
		</S_QTY>
		<G_SG28>
			<S_MOA>
				<C_C516>
					<D_5025>203</D_5025>
					<D_5004>190.31</D_5004>
				</C_C516>
			</S_MOA>
		</G_SG28>
		<G_SG30>
			<S_PRI>
				<C_C509>
					<D_5125>AAA</D_5125>
					<D_5118>190.31</D_5118>
					<D_5284>1</D_5284>
					<D_6411>MON</D_6411>
				</C_C509>
			</S_PRI>
		</G_SG30>
		<G_SG35>
			<S_TAX>
				<D_5283>7</D_5283>
				<C_C241>
					<D_5153>VAT</D_5153>
				</C_C241>
				<C_C243>
					<D_5278>21</D_5278>
				</C_C243>
				<D_5305>S</D_5305>
			</S_TAX>
		</G_SG35>
	</G_SG27>
	<G_SG27>
		<S_LIN>
			<D_1082>9</D_1082>
		</S_LIN>
		<S_IMD>
			<D_7077>F</D_7077>
			<C_C273>
				<D_7008>Huur Overige Apparaten</D_7008>
			</C_C273>
		</S_IMD>
		<S_QTY>
			<C_C186>
				<D_6063>47</D_6063>
				<D_6060>1</D_6060>
				<D_6411>MON</D_6411>
			</C_C186>
		</S_QTY>
		<G_SG28>
			<S_MOA>
				<C_C516>
					<D_5025>203</D_5025>
					<D_5004>64.21</D_5004>
				</C_C516>
			</S_MOA>
		</G_SG28>
		<G_SG30>
			<S_PRI>
				<C_C509>
					<D_5125>AAA</D_5125>
					<D_5118>64.21</D_5118>
					<D_5284>1</D_5284>
					<D_6411>MON</D_6411>
				</C_C509>
			</S_PRI>
		</G_SG30>
		<G_SG35>
			<S_TAX>
				<D_5283>7</D_5283>
				<C_C241>
					<D_5153>VAT</D_5153>
				</C_C241>
				<C_C243>
					<D_5278>21</D_5278>
				</C_C243>
				<D_5305>S</D_5305>
			</S_TAX>
		</G_SG35>
	</G_SG27>
	<G_SG27>
		<S_LIN>
			<D_1082>10</D_1082>
		</S_LIN>
		<S_IMD>
			<D_7077>F</D_7077>
			<C_C273>
				<D_7008>Huur Meterdiensten</D_7008>
			</C_C273>
		</S_IMD>
		<S_QTY>
			<C_C186>
				<D_6063>47</D_6063>
				<D_6060>1</D_6060>
				<D_6411>MON</D_6411>
			</C_C186>
		</S_QTY>
		<G_SG28>
			<S_MOA>
				<C_C516>
					<D_5025>203</D_5025>
					<D_5004>64.46</D_5004>
				</C_C516>
			</S_MOA>
		</G_SG28>
		<G_SG30>
			<S_PRI>
				<C_C509>
					<D_5125>AAA</D_5125>
					<D_5118>64.46</D_5118>
					<D_5284>1</D_5284>
					<D_6411>MON</D_6411>
				</C_C509>
			</S_PRI>
		</G_SG30>
		<G_SG35>
			<S_TAX>
				<D_5283>7</D_5283>
				<C_C241>
					<D_5153>VAT</D_5153>
				</C_C241>
				<C_C243>
					<D_5278>21</D_5278>
				</C_C243>
				<D_5305>S</D_5305>
			</S_TAX>
		</G_SG35>
	</G_SG27>
	<S_UNS>
		<D_0081>S</D_0081>
	</S_UNS>
	<G_SG52>
		<S_MOA>
			<C_C516>
				<D_5025>79</D_5025>
				<D_5004>908.91</D_5004>
			</C_C516>
		</S_MOA>
	</G_SG52>
	<G_SG52>
		<S_MOA>
			<C_C516>
				<D_5025>389</D_5025>
				<D_5004>908.91</D_5004>
			</C_C516>
		</S_MOA>
	</G_SG52>
	<G_SG52>
		<S_MOA>
			<C_C516>
				<D_5025>176</D_5025>
				<D_5004>190.87</D_5004>
			</C_C516>
		</S_MOA>
	</G_SG52>
	<G_SG52>
		<S_MOA>
			<C_C516>
				<D_5025>388</D_5025>
				<D_5004>1099.78</D_5004>
			</C_C516>
		</S_MOA>
	</G_SG52>
	<G_SG52>
		<S_MOA>
			<C_C516>
				<D_5025>9</D_5025>
				<D_5004>1099.78</D_5004>
			</C_C516>
		</S_MOA>
	</G_SG52>
	<G_SG54>
		<S_TAX>
			<D_5283>7</D_5283>
			<C_C241>
				<D_5153>VAT</D_5153>
			</C_C241>
			<C_C243>
				<D_5278>21</D_5278>
			</C_C243>
			<D_5305>S</D_5305>
		</S_TAX>
		<S_MOA>
			<C_C516>
				<D_5025>125</D_5025>
				<D_5004>908.91</D_5004>
			</C_C516>
		</S_MOA>
		<S_MOA>
			<C_C516>
				<D_5025>124</D_5025>
				<D_5004>190.87</D_5004>
			</C_C516>
		</S_MOA>
	</G_SG54>
	<S_UNT>
		<D_0074>119</D_0074>
		<D_0062>1100512149</D_0062>
	</S_UNT>
</M_INVOIC>
