<?xml version="1.0" encoding="UTF-8"?>
<CodeList xmlns="urn:fdc:difi.no:2017:vefa:structure:CodeList-1">
    <Title>VATEX code list</Title>
    <Identifier>vatex</Identifier>
    <Agency>CEF</Agency>

    <Code>
        <Id>VATEX-EU-79-C</Id>
        <Name>Exempt based on article 79, point c of Council Directive 2006/112/EC</Name>
        <Description>Exemptions relating to repayment of expenditures. Remark, Repayment of expenditure is not an exemption in the sense of the VAT Directive but may be handled as such in the context of the EN16931.</Description>
    </Code>  
    <Code>
        <Id>VATEX-EU-132</Id>
        <Name>Exempt based on article 132 of Council Directive 2006/112/EC</Name>
        <Description>Exemptions for certain activities in public interest.</Description>
    </Code>    
	<Code>
        <Id>VATEX-EU-132-1A</Id>
        <Name>Exempt based on article 132, section 1 (a) of Council Directive 2006/112/EC</Name>
        <Description>The supply by the public postal services of services other than passenger
            transport and telecommunications services, and the supply of goods incidental
            thereto.</Description>
    </Code>
    <Code>
        <Id>VATEX-EU-132-1B</Id>
        <Name>Exempt based on article 132, section 1 (b) of Council Directive 2006/112/EC</Name>
        <Description>Hospital and medical care and closely related activities undertaken by bodies
            governed by public law or, under social conditions comparable with those applicable to
            bodies governed by public law, by hospitals, centres for medical treatment or diagnosis
            and other duly recognised establishments of a similar nature</Description>
    </Code>
    <Code>
        <Id>VATEX-EU-132-1C</Id>
        <Name>Exempt based on article 132, section 1 (c) of Council Directive 2006/112/EC</Name>
        <Description>The provision of medical care in the exercise of the medical and paramedical
            professions as defined by the Member State concerned.</Description>
    </Code>
    <Code>
        <Id>VATEX-EU-132-1D</Id>
        <Name>Exempt based on article 132, section 1 (d) of Council Directive 2006/112/EC</Name>
        <Description>The supply of human organs, blood and milk.</Description>
    </Code>
    <Code>
        <Id>VATEX-EU-132-1E</Id>
        <Name>Exempt based on article 132, section 1 (e) of Council Directive 2006/112/EC</Name>
        <Description>The supply of services by dental technicians in their professional capacity and
            the supply of dental prostheses by dentists and dental technicians.</Description>
    </Code>
    <Code>
        <Id>VATEX-EU-132-1F</Id>
        <Name>Exempt based on article 132, section 1 (f) of Council Directive 2006/112/EC</Name>
        <Description>The supply of services by independent groups of persons, who are carrying on an
            activity which is exempt from VAT or in relation to which they are not taxable persons,
            for the purpose of rendering their members the services directly necessary for the
            exercise of that activity, where those groups merely claim from their members exact
            reimbursement of their share of the joint expenses, provided that such exemption is not
            likely to cause distortion of competition.</Description>
    </Code>
    <Code>
        <Id>VATEX-EU-132-1G</Id>
        <Name>Exempt based on article 132, section 1 (g) of Council Directive 2006/112/EC</Name>
        <Description>The supply of services and of goods closely linked to welfare and social
            security work, including those supplied by old people's homes, by bodies governed by
            public law or by other bodies recognised by the Member State concerned as being devoted
            to social wellbeing.</Description>
    </Code>
    <Code>
        <Id>VATEX-EU-132-1H</Id>
        <Name>Exempt based on article 132, section 1 (h) of Council Directive 2006/112/EC</Name>
        <Description>"The supply of services and of goods closely linked to the protection of
            children and young persons by bodies governed by public law or by other organisations
            recognised by the Member State concerned as being devoted to social
            wellbeing"</Description>
    </Code>
    <Code>
        <Id>VATEX-EU-132-1I</Id>
        <Name>Exempt based on article 132, section 1 (i) of Council Directive 2006/112/EC</Name>
        <Description>" The provision of children's or young people's education, school or university
            education, vocational training or retraining, including the supply of services and of
            goods closely related thereto, by bodies governed by public law having such as their aim
            or by other organisations recognised by the Member State concerned as having similar
            objects."</Description>
    </Code>
    <Code>
        <Id>VATEX-EU-132-1J</Id>
        <Name>Exempt based on article 132, section 1 (j) of Council Directive 2006/112/EC</Name>
        <Description>Tuition given privately by teachers and covering school or university
            education.</Description>
    </Code>
    <Code>
        <Id>VATEX-EU-132-1K</Id>
        <Name>Exempt based on article 132, section 1 (k) of Council Directive 2006/112/EC</Name>
        <Description>The supply of staff by religious or philosophical institutions for the purpose
            of the activities referred to in points (b), (g), (h) and (i) and with a view to
            spiritual welfare.</Description>
    </Code>
    <Code>
        <Id>VATEX-EU-132-1L</Id>
        <Name>Exempt based on article 132, section 1 (l) of Council Directive 2006/112/EC</Name>
        <Description>The supply of services, and the supply of goods closely linked thereto, to
            their members in their common interest in return for a subscription fixed in accordance
            with their rules by non-profitmaking organisations with aims of a political,
            trade-union, religious, patriotic, philosophical, philanthropic or civic nature,
            provided that this exemption is not likely to cause distortion of
            competition.</Description>
    </Code>
    <Code>
        <Id>VATEX-EU-132-1M</Id>
        <Name>Exempt based on article 132, section 1 (m) of Council Directive 2006/112/EC</Name>
        <Description>The supply of certain services closely linked to sport or physical education by
            non-profit-making organisations to persons taking part in sport or physical
            education.</Description>
    </Code>
    <Code>
        <Id>VATEX-EU-132-1N</Id>
        <Name>Exempt based on article 132, section 1 (n) of Council Directive 2006/112/EC</Name>
        <Description>The supply of certain cultural services, and the supply of goods closely linked
            thereto, by bodies governed by public law or by other cultural bodies recognised by the
            Member State concerned.</Description>
    </Code>
    <Code>
        <Id>VATEX-EU-132-1O</Id>
        <Name>Exempt based on article 132, section 1 (o) of Council Directive 2006/112/EC</Name>
        <Description>"The supply of services and goods, by organisations whose activities are exempt
            pursuant to points (b), (g), (h), (i), (l), (m) and (n), in connection with fund-raising
            events organised exclusively for their own benefit, provided that exemption is not
            likely to cause distortion of competition."</Description>
    </Code>
    <Code>
        <Id>VATEX-EU-132-1P</Id>
        <Name>Exempt based on article 132, section 1 (p) of Council Directive 2006/112/EC</Name>
        <Description>The supply of transport services for sick or injured persons in vehicles
            specially designed for the purpose, by duly authorised bodies.</Description>
    </Code>
    <Code>
        <Id>VATEX-EU-132-1Q</Id>
        <Name>Exempt based on article 132, section 1 (q) of Council Directive 2006/112/EC</Name>
        <Description>The activities, other than those of a commercial nature, carried out by public
            radio and television bodies.</Description>
    </Code>
    <Code>
        <Id>VATEX-EU-143</Id>
        <Name>Exempt based on article 143 of Council Directive 2006/112/EC</Name>
        <Description>Exemptions on importation.</Description>
    </Code> 	
    <Code>
        <Id>VATEX-EU-143-1A</Id>
        <Name>Exempt based on article 143, section 1 (a) of Council Directive 2006/112/EC</Name>
        <Description>The final importation of goods of which the supply by a taxable person would in
            all circumstances be exempt within their respective territory.</Description>
    </Code>
    <Code>
        <Id>VATEX-EU-143-1B</Id>
        <Name>Exempt based on article 143, section 1 (b) of Council Directive 2006/112/EC</Name>
        <Description>The final importation of goods governed by Council Directives 69/169/EEC (1),
            83/181/EEC (2) and 2006/79/EC (3).</Description>
    </Code>
    <Code>
        <Id>VATEX-EU-143-1C</Id>
        <Name>Exempt based on article 143, section 1 (c) of Council Directive 2006/112/EC</Name>
        <Description>The final importation of goods, in free circulation from a third territory
            forming part of the Community customs territory, which would be entitled to exemption
            under point (b) if they had been imported within the meaning of the first paragraph of
            Article 30</Description>
    </Code>
    <Code>
        <Id>VATEX-EU-143-1D</Id>
        <Name>Exempt based on article 143, section 1 (d) of Council Directive 2006/112/EC</Name>
        <Description>The importation of goods dispatched or transported from a third territory or a
            third country into a Member State other than that in which the dispatch or transport of
            the goods ends, where the supply of such goods by the importer designated or recognised
            under Article 201 as liable for payment of VAT is exempt under Article
            138.</Description>
    </Code>
    <Code>
        <Id>VATEX-EU-143-1E</Id>
        <Name>Exempt based on article 143, section 1 (e) of Council Directive 2006/112/EC</Name>
        <Description>The reimportation, by the person who exported them, of goods in the state in
            which they were exported, where those goods are exempt from customs
            duties.</Description>
    </Code>
    <Code>
        <Id>VATEX-EU-143-1F</Id>
        <Name>Exempt based on article 143, section 1 (f) of Council Directive 2006/112/EC</Name>
        <Description>The importation, under diplomatic and consular arrangements, of goods which are
            exempt from customs duties.</Description>
    </Code>
    <Code>
        <Id>VATEX-EU-143-1FA</Id>
        <Name>Exempt based on article 143, section 1 (fa) of Council Directive 2006/112/EC</Name>
        <Description>"The importation of goods by the European Community, the European Atomic Energy
            Community, the European Central Bank or the European Investment Bank, or by the bodies
            set up by the Communities to which the Protocol of 8 April 1965 on the privileges and
            immunities of the European Communities applies, within the limits and under the
            conditions of that Protocol and the agreements for its implementation or the
            headquarters agreements, in so far as it does not lead to distortion of
            competition"</Description>
    </Code>
    <Code>
        <Id>VATEX-EU-143-1G</Id>
        <Name>Exempt based on article 143, section 1 (g) of Council Directive 2006/112/EC</Name>
        <Description>" The importation of goods by international bodies, other than those referred
            to in point (fa), recognised as such by the public authorities of the host Member State,
            or by members of such bodies, within the limits and under the conditions laid down by
            the international conventions establishing the bodies or by headquarters
            agreements"</Description>
    </Code>
    <Code>
        <Id>VATEX-EU-143-1H</Id>
        <Name>Exempt based on article 143, section 1 (h) of Council Directive 2006/112/EC</Name>
        <Description>The importation of goods, into Member States party to the North Atlantic
            Treaty, by the armed forces of other States party to that Treaty for the use of those
            forces or the civilian staff accompanying them or for supplying their messes or canteens
            where such forces take part in the common defence effort.</Description>
    </Code>
    <Code>
        <Id>VATEX-EU-143-1I</Id>
        <Name>Exempt based on article 143, section 1 (i) of Council Directive 2006/112/EC</Name>
        <Description>The importation of goods by the armed forces of the United Kingdom stationed in
            the island of Cyprus pursuant to the Treaty of Establishment concerning the Republic of
            Cyprus, dated 16 August 1960, which are for the use of those forces or the civilian
            staff accompanying them or for supplying their messes or canteens.</Description>
    </Code>
    <Code>
        <Id>VATEX-EU-143-1J</Id>
        <Name>Exempt based on article 143, section 1 (j) of Council Directive 2006/112/EC</Name>
        <Description>The importation into ports, by sea fishing undertakings, of their catches,
            unprocessed or after undergoing preservation for marketing but before being
            supplied.</Description>
    </Code>
    <Code>
        <Id>VATEX-EU-143-1K</Id>
        <Name>Exempt based on article 143, section 1 (k) of Council Directive 2006/112/EC</Name>
        <Description>The importation of gold by central banks.</Description>
    </Code>
    <Code>
        <Id>VATEX-EU-143-1L</Id>
        <Name>Exempt based on article 143, section 1 (l) of Council Directive 2006/112/EC</Name>
        <Description>The importation of gas through a natural gas system or any network connected to
            such a system or fed in from a vessel transporting gas into a natural gas system or any
            upstream pipeline network, of electricity or of heat or cooling energy through heating
            or cooling networks.</Description>
    </Code>
    <Code>
        <Id>VATEX-EU-144</Id>
        <Name>Exempt based on article 144 of Council Directive 2006/112/EC</Name>
        <Description>Exemptions for services linked to the import of goods</Description>
    </Code>
    <Code>
        <Id>VATEX-EU-146-1E</Id>
        <Name>Exempt based on article 146 section 1 (e) of Council Directive 2006/112/EC</Name>
        <Description>Exempt Exemptions for services linked to the export of goods</Description>
    </Code>
    <Code>
        <Id>VATEX-EU-148</Id>
        <Name>Exempt based on article 148 of Council Directive 2006/112/EC</Name>
        <Description>Exemptions related to international transport.</Description>
    </Code> 	
    <Code>
        <Id>VATEX-EU-148-A</Id>
        <Name>Exempt based on article 148, section (a) of Council Directive 2006/112/EC</Name>
        <Description>Fuel supplies for commercial international transport vessels</Description>
    </Code>
    <Code>
        <Id>VATEX-EU-148-B</Id>
        <Name>Exempt based on article 148, section (b) of Council Directive 2006/112/EC</Name>
        <Description>Fuel supplies for fighting ships in international transport.</Description>
    </Code>
    <Code>
        <Id>VATEX-EU-148-C</Id>
        <Name>Exempt based on article 148, section (c) of Council Directive 2006/112/EC</Name>
        <Description>Maintenance, modification, chartering and hiring of international transport
            vessels.</Description>
    </Code>
    <Code>
        <Id>VATEX-EU-148-D</Id>
        <Name>Exempt based on article 148, section (d) of Council Directive 2006/112/EC</Name>
        <Description>Supply to of other services to commercial international transport
            vessels.</Description>
    </Code>
    <Code>
        <Id>VATEX-EU-148-E</Id>
        <Name>Exempt based on article 148, section (e) of Council Directive 2006/112/EC</Name>
        <Description>Fuel supplies for aircraft on international routes.</Description>
    </Code>
    <Code>
        <Id>VATEX-EU-148-F</Id>
        <Name>Exempt based on article 148, section (f) of Council Directive 2006/112/EC</Name>
        <Description>Maintenance, modification, chartering and hiring of aircraft on international
            routes.</Description>
    </Code>
    <Code>
        <Id>VATEX-EU-148-G</Id>
        <Name>Exempt based on article 148, section (g) of Council Directive 2006/112/EC</Name>
        <Description>Supply to of other services to aircraft on international routes.</Description>
    </Code>
    <Code>
        <Id>VATEX-EU-151</Id>
        <Name>Exempt based on article 151 of Council Directive 2006/112/EC</Name>
        <Description>Exemptions relating to certain Transactions treated as exports.</Description>
    </Code> 	
     <Code>
        <Id>VATEX-EU-151-1A</Id>
        <Name>Exempt based on article 151, section 1 (a) of Council Directive 2006/112/EC</Name>
        <Description>The supply of goods or services under diplomatic and consular
            arrangements.</Description>
    </Code>
    <Code>
        <Id>VATEX-EU-151-1AA</Id>
        <Name>Exempt based on article 151, section 1 (aa) of Council Directive 2006/112/EC</Name>
        <Description>The supply of goods or services to the European Community, the European Atomic
            Energy Community, the European Central Bank or the European Investment Bank, or to the
            bodies set up by the Communities to which the Protocol of 8 April 1965 on the privileges
            and immunities of the European Communities applies, within the limits and under the
            conditions of that Protocol and the agreements for its implementation or the
            headquarters agreements, in so far as it does not lead to distortion of
            competition.</Description>
    </Code>
    <Code>
        <Id>VATEX-EU-151-1B</Id>
        <Name>Exempt based on article 151, section 1 (b) of Council Directive 2006/112/EC</Name>
        <Description>The supply of goods or services to international bodies, other than those
            referred to in point (aa), recognised as such by the public authorities of the host
            Member States, and to members of such bodies, within the limits and under the conditions
            laid down by the international conventions establishing the bodies or by headquarters
            agreements.</Description>
    </Code>
    <Code>
        <Id>VATEX-EU-151-1C</Id>
        <Name>Exempt based on article 151, section 1 (c) of Council Directive 2006/112/EC</Name>
        <Description>The supply of goods or services within a Member State which is a party to the
            North Atlantic Treaty, intended either for the armed forces of other States party to
            that Treaty for the use of those forces, or of the civilian staff accompanying them, or
            for supplying their messes or canteens when such forces take part in the common defence
            effort.</Description>
    </Code>
    <Code>
        <Id>VATEX-EU-151-1D</Id>
        <Name>Exempt based on article 151, section 1 (d) of Council Directive 2006/112/EC</Name>
        <Description>The supply of goods or services to another Member State, intended for the armed
            forces of any State which is a party to the North Atlantic Treaty, other than the Member
            State of destination itself, for the use of those forces, or of the civilian staff
            accompanying them, or for supplying their messes or canteens when such forces take part
            in the common defence effort.</Description>
    </Code>
    <Code>
        <Id>VATEX-EU-151-1E</Id>
        <Name>Exempt based on article 151, section 1 (e) of Council Directive 2006/112/EC</Name>
        <Description>The supply of goods or services to the armed forces of the United Kingdom
            stationed in the island of Cyprus pursuant to the Treaty of Establishment concerning the
            Republic of Cyprus, dated 16 August 1960, which are for the use of those forces, or of
            the civilian staff accompanying them, or for supplying their messes or
            canteens.</Description>
    </Code>
    <Code>
        <Id>VATEX-EU-159</Id>
        <Name>Exempt based on article 159 of Council Directive 2006/112/EC</Name>
        <Description>Exemptions for services linked to supplies of goods intended to be placed under customs warehouses, warehouses other than customs warehouses and similar arrangements.</Description>
    </Code>
    <Code>
        <Id>VATEX-EU-309</Id>
        <Name>Exempt based on article 309 of Council Directive 2006/112/EC</Name>
        <Description>Travel agents performed outside of EU.</Description>
    </Code>
    <Code>
        <Id>VATEX-EU-AE</Id>
        <Name>Reverse charge</Name>
        <Description>Supports EN 16931-1 rule BR-AE-10 - Only use with VAT category code
            AE</Description>
    </Code>
    <Code>
        <Id>VATEX-EU-D</Id>
        <Name>Intra-Community acquisition from second hand means of transport</Name>
        <Description>Second-hand means of transport - Indication that VAT has been paid according to
            the relevant transitional arrangements - Only use with VAT category code E</Description>
    </Code>
    <Code>
        <Id>VATEX-EU-F</Id>
        <Name>Intra-Community acquisition of second hand goods</Name>
        <Description>Second-hand goods - Indication that the VAT margin scheme for second-hand goods
            has been applied. - Only use with VAT category code E</Description>
    </Code>
    <Code>
        <Id>VATEX-EU-G</Id>
        <Name>Export outside the EU</Name>
        <Description>Supports EN 16931-1 rule BR-G-10 - Only use with VAT category code G</Description>
    </Code>
    <Code>
        <Id>VATEX-EU-I</Id>
        <Name>Intra-Community acquisition of works of art</Name>
        <Description>Works of art - Indication that the VAT margin scheme for works of art has been applied. - Only use with VAT category code E</Description>
    </Code>
    <Code>
        <Id>VATEX-EU-IC</Id>
        <Name>Intra-Community supply</Name>
        <Description>Supports EN 16931-1 rule BR-IC-10 - Only use with VAT category code K</Description>
    </Code>
    <Code>
        <Id>VATEX-EU-O</Id>
        <Name>Not subject to VAT</Name>
        <Description>Supports EN 16931-1 rule BR-O-10 - Only use with VAT category code O</Description>
    </Code>
    <Code>
        <Id>VATEX-EU-J</Id>
        <Name>Intra-Community acquisition of collectors items and antiques</Name>
        <Description>Collectors' items and antiques - Indication that the VAT margin scheme for
            collector’s items and antiques has been applied. - Only use with VAT category code
            E</Description>
    </Code>
    <Code>
        <Id>VATEX-FR-FRANCHISE</Id>
        <Name>France domestic VAT franchise in base</Name>
        <Description>For domestic invoicing in France</Description>
    </Code>
    <Code>
        <Id>VATEX-FR-CNWVAT</Id>
        <Name>France domestic Credit Notes without VAT, due to supplier forfeit of VAT for discount</Name>
        <Description>For domestic Credit Notes only in France</Description>
    </Code>
</CodeList>
