<?xml version="1.0" encoding="UTF-8"?>
<!--
******************************************************************************
Title: BIS3_Invoice_Example_DK_Supplier_Master.xml
Author: Charlotte Dahl Skovhus
Created: 20171221
Changed: 20180309: updated after comments and BIS Billing Invoice Publication
		 20180808: Changes to PaymentMeans based on EN/PEPPOL
		 20190204: validated against latest BIS schematron
		 20190516: checked against latest BIS Billing schematron 3.0.3 - valid GLN numbers added and PaymentMeans classes commented out
		 20191105 - checked against latest BIS Billing schematron 3.0.5 - UNSPSC code changed to "TST"

PEPPOL BIS Billing example file - all possible data.
******************************************************************************
-->
<Invoice xmlns:cac="urn:oasis:names:specification:ubl:schema:xsd:CommonAggregateComponents-2" xmlns:cbc="urn:oasis:names:specification:ubl:schema:xsd:CommonBasicComponents-2" xmlns:qdt="urn:oasis:names:specification:ubl:schema:xsd:QualifiedDataTypes-2" xmlns:udt="urn:oasis:names:specification:ubl:schema:xsd:UnqualifiedDataTypes-2" xmlns:ccts="urn:un:unece:uncefact:documentation:2" xmlns="urn:oasis:names:specification:ubl:schema:xsd:Invoice-2" xmlns:xsi="http://www.w3.org/2001/XMLSchema-instance">
	<cbc:CustomizationID>urn:cen.eu:en16931:2017#compliant#urn:fdc:peppol.eu:2017:poacc:billing:3.0</cbc:CustomizationID>
	<cbc:ProfileID>urn:fdc:peppol.eu:2017:poacc:billing:01:1.0</cbc:ProfileID>
	<cbc:ID>20150483</cbc:ID>
	<cbc:IssueDate>2018-04-01</cbc:IssueDate>
	<cbc:DueDate>2018-05-01</cbc:DueDate>
	<cbc:InvoiceTypeCode>380</cbc:InvoiceTypeCode>
	<cbc:Note>Header note example</cbc:Note>
	<cbc:TaxPointDate>2017-11-01</cbc:TaxPointDate>
	<cbc:DocumentCurrencyCode>DKK</cbc:DocumentCurrencyCode>
	<cbc:TaxCurrencyCode>EUR</cbc:TaxCurrencyCode>
	<cbc:AccountingCost>12345678</cbc:AccountingCost>
	<cbc:BuyerReference>9000001234</cbc:BuyerReference>
	<cac:InvoicePeriod>
		<cbc:StartDate>2018-03-01</cbc:StartDate>
		<cbc:EndDate>2018-03-31</cbc:EndDate>
		<!--Value added tax point date code, 3, 35 or 432, TaxPointDate and Value added tax point date code are mutually exclusive-->
		<!--<cbc:DescriptionCode>432</cbc:DescriptionCode>-->
	</cac:InvoicePeriod>
	<cac:OrderReference>
		<cbc:ID>Order-123456</cbc:ID>
		<cbc:SalesOrderID>SalesOrder-123456</cbc:SalesOrderID>
	</cac:OrderReference>
	<cac:BillingReference>
		<cac:InvoiceDocumentReference>
			<cbc:ID>Inv-123456</cbc:ID>
			<cbc:IssueDate>2018-03-01</cbc:IssueDate>
		</cac:InvoiceDocumentReference>
	</cac:BillingReference>
	<cac:DespatchDocumentReference>
		<cbc:ID>DespAdv-1223456</cbc:ID>
	</cac:DespatchDocumentReference>
	<cac:ReceiptDocumentReference>
		<cbc:ID>RecAdv-1223456</cbc:ID>
	</cac:ReceiptDocumentReference>
	<cac:OriginatorDocumentReference>
		<cbc:ID>iExpress 20110412</cbc:ID>
	</cac:OriginatorDocumentReference>
	<cac:ContractDocumentReference>
		<cbc:ID>Contract-1223456</cbc:ID>
	</cac:ContractDocumentReference>
	<!--Invoiced object identifier, codelist 1153-->
	<!-- cac:AdditionalDocumentReference>
		<cbc:ID schemeID="AAA">AdDoc-123456</cbc:ID>
		<cbc:DocumentTypeCode>130</cbc:DocumentTypeCode>
		<cbc:DocumentDescription>desc of doc</cbc:DocumentDescription>
	</cac:AdditionalDocumentReference-->
	<!--Additional supporting documents-->
	<cac:AdditionalDocumentReference>
		<cbc:ID>AdDoc-1234567</cbc:ID>
		<cbc:DocumentDescription>desc of doc</cbc:DocumentDescription>
		<cac:Attachment>
			<cac:ExternalReference>
				<cbc:URI>http://www.test.com/doc.pdf</cbc:URI>
			</cac:ExternalReference>
		</cac:Attachment>
	</cac:AdditionalDocumentReference>
	<cac:AdditionalDocumentReference>
		<cbc:ID>AdDoc-1234567</cbc:ID>
		<cbc:DocumentDescription>desc of doc</cbc:DocumentDescription>
		<cac:Attachment>
			<cbc:EmbeddedDocumentBinaryObject mimeCode="application/vnd.oasis.opendocument.spreadsheet" filename="document.odt">
				aHR0cHM6Ly90ZXN0LXZlZmEuZGlmaS5uby9wZXBwb2xiaXMvcG9hY2MvYmlsbGluZy8zLjAvYmlzLw== 
			</cbc:EmbeddedDocumentBinaryObject>
		</cac:Attachment>
	</cac:AdditionalDocumentReference>
	<cac:ProjectReference>
		<cbc:ID>ProjRef-123456</cbc:ID>
	</cac:ProjectReference>
	<cac:AccountingSupplierParty>
		<cac:Party>
			<cbc:EndpointID schemeID="0088">5798009811578</cbc:EndpointID>
			<cac:PartyIdentification>
				<cbc:ID schemeID="0184">DK12345678</cbc:ID>
			</cac:PartyIdentification>
			<!--Bank assigned creditor identifier-->
			<!--
			<cac:PartyIdentification>
				<cbc:ID schemeID="SEPA">12345678</cbc:ID>
			</cac:PartyIdentification>
			-->
			<cac:PartyName>
				<cbc:Name>Supplier A/S</cbc:Name>
			</cac:PartyName>
			<cac:PostalAddress>
				<cbc:StreetName>Supplier street 6</cbc:StreetName>
				<cbc:AdditionalStreetName>Additional info</cbc:AdditionalStreetName>
				<cbc:CityName>København K</cbc:CityName>
				<cbc:PostalZone>1057</cbc:PostalZone>
				<cbc:CountrySubentity>Region</cbc:CountrySubentity>
				<cac:AddressLine>
					<cbc:Line>3. adr linje</cbc:Line>
				</cac:AddressLine>
				<cac:Country>
					<cbc:IdentificationCode>DK</cbc:IdentificationCode>
				</cac:Country>
			</cac:PostalAddress>
			<cac:PartyTaxScheme>
				<cbc:CompanyID>DK12345678</cbc:CompanyID>
				<cac:TaxScheme>
					<cbc:ID>VAT</cbc:ID>
				</cac:TaxScheme>
			</cac:PartyTaxScheme>
			<cac:PartyLegalEntity>
				<cbc:RegistrationName>Supplier A A/S</cbc:RegistrationName>
				<cbc:CompanyID schemeID="0184">DK32081330</cbc:CompanyID>
				<cbc:CompanyLegalForm>legal information</cbc:CompanyLegalForm>
			</cac:PartyLegalEntity>
			<cac:Contact>
				<cbc:Name>Hans Hansen</cbc:Name>
				<cbc:Telephone>22454905</cbc:Telephone>
				<cbc:ElectronicMail>info@supp.dk</cbc:ElectronicMail>
			</cac:Contact>
		</cac:Party>
	</cac:AccountingSupplierParty>
	<cac:AccountingCustomerParty>
		<cac:Party>
			<cbc:EndpointID schemeID="0088">5798009811578</cbc:EndpointID>
			<cac:PartyIdentification>
				<cbc:ID schemeID="0184">DK12345678</cbc:ID>
			</cac:PartyIdentification>
			<cac:PartyName>
				<cbc:Name>Customer A/S</cbc:Name>
			</cac:PartyName>
			<cac:PostalAddress>
				<cbc:StreetName>Customer vej 7</cbc:StreetName>
				<cbc:AdditionalStreetName>Additional</cbc:AdditionalStreetName>
				<cbc:CityName>København K</cbc:CityName>
				<cbc:PostalZone>1057</cbc:PostalZone>
				<cbc:CountrySubentity>Region</cbc:CountrySubentity>
				<cac:AddressLine>
					<cbc:Line>3. adr linje</cbc:Line>
				</cac:AddressLine>
				<cac:Country>
					<cbc:IdentificationCode>DK</cbc:IdentificationCode>
				</cac:Country>
			</cac:PostalAddress>
			<cac:PartyTaxScheme>
				<cbc:CompanyID>DK12345679</cbc:CompanyID>
				<cac:TaxScheme>
					<cbc:ID>VAT</cbc:ID>
				</cac:TaxScheme>
			</cac:PartyTaxScheme>
			<cac:PartyLegalEntity>
				<cbc:RegistrationName>Customer A A/S</cbc:RegistrationName>
				<cbc:CompanyID schemeID="0184">DK12345678</cbc:CompanyID>
			</cac:PartyLegalEntity>
			<cac:Contact>
				<cbc:Name>Jens Jensen</cbc:Name>
				<cbc:Telephone>11223344</cbc:Telephone>
				<cbc:ElectronicMail>jj@cust.dk</cbc:ElectronicMail>
			</cac:Contact>
		</cac:Party>
	</cac:AccountingCustomerParty>
	<cac:PayeeParty>
<!--	<cac:PartyIdentification>
			<cbc:ID schemeID="0088">5790000012346</cbc:ID>
		</cac:PartyIdentification>
-->		<!--Bank assigned creditor identifier-->
		<cac:PartyIdentification>
			<cbc:ID schemeID="SEPA">12345678</cbc:ID>
		</cac:PartyIdentification>
		<cac:PartyName>
			<cbc:Name>Payee A/S</cbc:Name>
		</cac:PartyName>
		<cac:PartyLegalEntity>
			<cbc:CompanyID schemeID="0184">DK32081332</cbc:CompanyID>
		</cac:PartyLegalEntity>
	</cac:PayeeParty>
	<cac:TaxRepresentativeParty>
		<cac:PartyName>
			<cbc:Name>TaxRep A/S</cbc:Name>
		</cac:PartyName>
		<cac:PostalAddress>
			<cbc:StreetName>Tax street 9</cbc:StreetName>
			<cbc:AdditionalStreetName>Additional</cbc:AdditionalStreetName>
			<cbc:CityName>København K</cbc:CityName>
			<cbc:PostalZone>1057</cbc:PostalZone>
			<cbc:CountrySubentity>Region</cbc:CountrySubentity>
			<cac:AddressLine>
				<cbc:Line>3. adr linje</cbc:Line>
			</cac:AddressLine>
			<cac:Country>
				<cbc:IdentificationCode>DK</cbc:IdentificationCode>
			</cac:Country>
		</cac:PostalAddress>
		<cac:PartyTaxScheme>
			<cbc:CompanyID>DK12345678</cbc:CompanyID>
			<cac:TaxScheme>
				<cbc:ID>VAT</cbc:ID>
			</cac:TaxScheme>
		</cac:PartyTaxScheme>
	</cac:TaxRepresentativeParty>
	<cac:Delivery>
		<cbc:ActualDeliveryDate>2018-03-01</cbc:ActualDeliveryDate>
		<cac:DeliveryLocation>
			<cbc:ID schemeID="0088">5798009811578</cbc:ID>
			<cac:Address>
				<cbc:StreetName>Customer vej 9</cbc:StreetName>
				<cbc:AdditionalStreetName>Additional</cbc:AdditionalStreetName>
				<cbc:CityName>København K</cbc:CityName>
				<cbc:PostalZone>1057</cbc:PostalZone>
				<cbc:CountrySubentity>Region</cbc:CountrySubentity>
				<cac:AddressLine>
					<cbc:Line>3. adr linje</cbc:Line>
				</cac:AddressLine>
				<cac:Country>
					<cbc:IdentificationCode>DK</cbc:IdentificationCode>
				</cac:Country>
			</cac:Address>
		</cac:DeliveryLocation>
		<cac:DeliveryParty>
			<cac:PartyName>
				<cbc:Name>DeliveryParty A/S</cbc:Name>
			</cac:PartyName>
		</cac:DeliveryParty>
	</cac:Delivery>
	<!--Payment cards-->
	<cac:PaymentMeans>
		<!--Possible PaymentMeansCodes: 48, 54 or 55-->
		<cbc:PaymentMeansCode name="Bank Card">48</cbc:PaymentMeansCode>
		<cbc:PaymentID>2015 0483 0000 0000</cbc:PaymentID>
		<cac:CardAccount>
			<!--Mandatory in PEPPOL and OIOUBL-->
			<cbc:PrimaryAccountNumberID>1234</cbc:PrimaryAccountNumberID>
			<!--Mandatory in PEPPOL and OIOUBL-->
			<cbc:NetworkID>Visa</cbc:NetworkID>
			<cbc:HolderName>Peter Petersen</cbc:HolderName>
		</cac:CardAccount>
	</cac:PaymentMeans>
	
	<!--Only one PaymentMeans allowed in PEPPOL-->
	<!--Bank transfer-->
<!--	<cac:PaymentMeans>
		<cbc:PaymentMeansCode name="National Bank Transfer">42</cbc:PaymentMeansCode>
		<cbc:PaymentID>2015 0483 0000 0000</cbc:PaymentID>
		<cac:PayeeFinancialAccount>
			--><!--Mandatory in PEPPOL and OIOUBL--><!--
			<cbc:ID>1234567890</cbc:ID>
			<cbc:Name>Peter Petersen</cbc:Name>
			<cac:FinancialInstitutionBranch>
				--><!--Mandatory in OIOUBL--><!--
				<cbc:ID>1234</cbc:ID>
			</cac:FinancialInstitutionBranch>
		</cac:PayeeFinancialAccount>
	</cac:PaymentMeans>
	<cac:PaymentMeans>
		<cbc:PaymentMeansCode name="Bank Transfer">31</cbc:PaymentMeansCode>
		<cbc:PaymentID>2015 0483 0000 0000</cbc:PaymentID>
		<cac:PayeeFinancialAccount>
			--><!--Mandatory in PEPPOL and OIOUBL--><!--
			<cbc:ID>NO13RABO0377815500</cbc:ID>
			<cbc:Name>Peter Petersen</cbc:Name>
			<cac:FinancialInstitutionBranch>
				--><!--Mandatory in OIOUBL--><!--
				<cbc:ID>DABADKKK</cbc:ID>
			</cac:FinancialInstitutionBranch>
		</cac:PayeeFinancialAccount>
	</cac:PaymentMeans>
	<cac:PaymentMeans>
		<cbc:PaymentMeansCode name="SEPA Bank Transfer">58</cbc:PaymentMeansCode>
		<cbc:PaymentID>2015 0483 0000 0000</cbc:PaymentID>
		<cac:PayeeFinancialAccount>
			--><!--Mandatory in PEPPOL and OIOUBL--><!--
			<cbc:ID>NO13RABO0377815500</cbc:ID>
			<cbc:Name>Peter Petersen</cbc:Name>
		</cac:PayeeFinancialAccount>
	</cac:PaymentMeans>
	--><!--Direct Debit--><!--
	<cac:PaymentMeans>
		<cbc:PaymentMeansCode name="Direct Debit">49</cbc:PaymentMeansCode>
		<cbc:PaymentID>2015 0483 0000 0000</cbc:PaymentID>
		<cac:PaymentMandate>
			<cbc:ID>1234567891234656</cbc:ID>
			<cac:PayerFinancialAccount>
				<cbc:ID>1234567890</cbc:ID>
				--><!-- PEPPOL does not allow for BIC/SWIFT when IBAN is used for Direct Debit - "IBAN Only"--><!--
--><!--			<cac:FinancialInstitutionBranch>
					<cbc:ID>DADKK</cbc:ID>
				</cac:FinancialInstitutionBranch>
--><!--			</cac:PayerFinancialAccount>
		</cac:PaymentMandate>
	</cac:PaymentMeans>
	<cac:PaymentMeans>
		<cbc:PaymentMeansCode name="SEPA Direct Debit">59</cbc:PaymentMeansCode>
		<cbc:PaymentID>2015 0483 0000 0000</cbc:PaymentID>
		<cac:PaymentMandate>
			<cbc:ID>1234567891234656</cbc:ID>
			<cac:PayerFinancialAccount>
				<cbc:ID>1234567890</cbc:ID>
			</cac:PayerFinancialAccount>
		</cac:PaymentMandate>
	</cac:PaymentMeans>
	--><!--NemKonto, Customer agreement--><!--
	<cac:PaymentMeans>
		<cbc:PaymentMeansCode name="Clearing between partners">97</cbc:PaymentMeansCode>
	</cac:PaymentMeans>
	--><!--Post giro--><!--
	<cac:PaymentMeans>
		<cbc:PaymentMeansCode name="Post Giro">50</cbc:PaymentMeansCode>
		<cbc:PaymentID>01#Lang adviserings tekst</cbc:PaymentID>
		<cac:PayeeFinancialAccount>
			<cbc:ID>1234567</cbc:ID>
		</cac:PayeeFinancialAccount>
	</cac:PaymentMeans>
	<cac:PaymentMeans>
		<cbc:PaymentMeansCode name="Post Giro">50</cbc:PaymentMeansCode>
		<cbc:PaymentID>04#1234567890123456</cbc:PaymentID>
		<cac:PayeeFinancialAccount>
			<cbc:ID>1234567</cbc:ID>
		</cac:PayeeFinancialAccount>
	</cac:PaymentMeans>
	<cac:PaymentMeans>
		<cbc:PaymentMeansCode name="Post Giro">50</cbc:PaymentMeansCode>
		<cbc:PaymentID>15#1234567890123456</cbc:PaymentID>
		<cac:PayeeFinancialAccount>
			<cbc:ID>1234567</cbc:ID>
		</cac:PayeeFinancialAccount>
	</cac:PaymentMeans>
	--><!--Bank giro--><!--
	<cac:PaymentMeans>
		<cbc:PaymentMeansCode name="Post Giro">93</cbc:PaymentMeansCode>
		<cbc:PaymentID>71#123456789012345</cbc:PaymentID>
		<cac:PayeeFinancialAccount>
			<cbc:ID>12345678</cbc:ID>
		</cac:PayeeFinancialAccount>
	</cac:PaymentMeans>
	<cac:PaymentMeans>
		<cbc:PaymentMeansCode name="Post Giro">93</cbc:PaymentMeansCode>
		<cbc:PaymentID>73#Lang advisering</cbc:PaymentID>
		<cac:PayeeFinancialAccount>
			<cbc:ID>12345678</cbc:ID>
		</cac:PayeeFinancialAccount>
	</cac:PaymentMeans>
	<cac:PaymentMeans>
		<cbc:PaymentMeansCode name="Post Giro">93</cbc:PaymentMeansCode>
		<cbc:PaymentID>75#1234567890123456</cbc:PaymentID>
		<cac:PayeeFinancialAccount>
			<cbc:ID>12345678</cbc:ID>
		</cac:PayeeFinancialAccount>
	</cac:PaymentMeans>
-->	<cac:PaymentTerms>
		<cbc:Note>payment terms note</cbc:Note>
	</cac:PaymentTerms>
	<!--Non-VAT tax (percentage), use "ZZZ" as ChargeReasonCode, and use DK TaxCategory (code and trext) for ChargeReason -->
	<cac:AllowanceCharge>
		<cbc:ChargeIndicator>true</cbc:ChargeIndicator>
		<cbc:AllowanceChargeReasonCode>ZZZ</cbc:AllowanceChargeReasonCode>
		<cbc:AllowanceChargeReason>3645</cbc:AllowanceChargeReason>
		<!--Note! specified as percentage in BIS3 - not a multiplierFactor-->
		<cbc:MultiplierFactorNumeric>10</cbc:MultiplierFactorNumeric>
		<cbc:Amount currencyID="DKK">157.50</cbc:Amount>
		<cbc:BaseAmount currencyID="DKK">1575.00</cbc:BaseAmount>
		<cac:TaxCategory>
			<cbc:ID>S</cbc:ID>
			<cbc:Percent>25</cbc:Percent>
			<cac:TaxScheme>
				<cbc:ID>VAT</cbc:ID>
			</cac:TaxScheme>
		</cac:TaxCategory>
	</cac:AllowanceCharge>
	<!--Charge (amount)-->
	<cac:AllowanceCharge>
		<cbc:ChargeIndicator>true</cbc:ChargeIndicator>
		<cbc:AllowanceChargeReasonCode>CAW</cbc:AllowanceChargeReasonCode>
		<cbc:AllowanceChargeReason>Product take back fee</cbc:AllowanceChargeReason>
		<cbc:Amount currencyID="DKK">100.00</cbc:Amount>
		<cac:TaxCategory>
			<cbc:ID>Z</cbc:ID>
			<cbc:Percent>0</cbc:Percent>
			<cac:TaxScheme>
				<cbc:ID>VAT</cbc:ID>
			</cac:TaxScheme>
		</cac:TaxCategory>
	</cac:AllowanceCharge>
	<!--Allowance-->
	<cac:AllowanceCharge>
		<cbc:ChargeIndicator>false</cbc:ChargeIndicator>
		<cbc:AllowanceChargeReasonCode>95</cbc:AllowanceChargeReasonCode>
		<cbc:AllowanceChargeReason>Discount</cbc:AllowanceChargeReason>
		<!--Note! specified as percentage in BIS3 - not a multiplierFactor-->
		<cbc:MultiplierFactorNumeric>10</cbc:MultiplierFactorNumeric>
		<cbc:Amount currencyID="DKK">157.50</cbc:Amount>
		<cbc:BaseAmount currencyID="DKK">1575.00</cbc:BaseAmount>
		<cac:TaxCategory>
			<cbc:ID>S</cbc:ID>
			<cbc:Percent>25</cbc:Percent>
			<cac:TaxScheme>
				<cbc:ID>VAT</cbc:ID>
			</cac:TaxScheme>
		</cac:TaxCategory>
	</cac:AllowanceCharge>
	<cac:TaxTotal>
		<cbc:TaxAmount currencyID="DKK">43.75</cbc:TaxAmount>
		<cac:TaxSubtotal>
			<cbc:TaxableAmount currencyID="DKK">175.00</cbc:TaxableAmount>
			<cbc:TaxAmount currencyID="DKK">43.75</cbc:TaxAmount>
			<cac:TaxCategory>
				<cbc:ID>S</cbc:ID>
				<cbc:Percent>25</cbc:Percent>
				<!--Only allowed for TaxCategory E-->
				<!-- 
				<cbc:TaxExemptionReasonCode></cbc:TaxExemptionReasonCode>
				<cbc:TaxExemptionReason></cbc:TaxExemptionReason>
				-->
				<cac:TaxScheme>
					<cbc:ID>VAT</cbc:ID>
				</cac:TaxScheme>
			</cac:TaxCategory>
		</cac:TaxSubtotal>
		<cac:TaxSubtotal>
			<cbc:TaxableAmount currencyID="DKK">1500.00</cbc:TaxableAmount>
			<cbc:TaxAmount currencyID="DKK">0.00</cbc:TaxAmount>
			<cac:TaxCategory>
				<cbc:ID>Z</cbc:ID>
				<cbc:Percent>0</cbc:Percent>
				<!--Only allowed for TaxCategory E-->
				<!--
				<cbc:TaxExemptionReasonCode></cbc:TaxExemptionReasonCode>
				<cbc:TaxExemptionReason>Excempt</cbc:TaxExemptionReason>
				-->				
				<cac:TaxScheme>
					<cbc:ID>VAT</cbc:ID>
				</cac:TaxScheme>
			</cac:TaxCategory>
		</cac:TaxSubtotal>
	</cac:TaxTotal>
	<cac:TaxTotal>
		<cbc:TaxAmount currencyID="EUR">5.88</cbc:TaxAmount>
	</cac:TaxTotal>
	<cac:LegalMonetaryTotal>
		<cbc:LineExtensionAmount currencyID="DKK">1575.00</cbc:LineExtensionAmount>
		<cbc:TaxExclusiveAmount currencyID="DKK">1675.00</cbc:TaxExclusiveAmount>
		<cbc:TaxInclusiveAmount currencyID="DKK">1718.75</cbc:TaxInclusiveAmount>
		<cbc:AllowanceTotalAmount currencyID="DKK">157.50</cbc:AllowanceTotalAmount>
		<cbc:ChargeTotalAmount currencyID="DKK">257.50</cbc:ChargeTotalAmount>
		<cbc:PrepaidAmount currencyID="DKK">100.00</cbc:PrepaidAmount>
		<cbc:PayableRoundingAmount currencyID="DKK">0.25</cbc:PayableRoundingAmount>
		<cbc:PayableAmount currencyID="DKK">1619.00</cbc:PayableAmount>
	</cac:LegalMonetaryTotal>
	<cac:InvoiceLine>
		<cbc:ID>1</cbc:ID>
		<cbc:Note>line note</cbc:Note>
		<cbc:InvoicedQuantity unitCode="C62">3</cbc:InvoicedQuantity>
		<cbc:LineExtensionAmount currencyID="DKK">275.00</cbc:LineExtensionAmount>
		<cbc:AccountingCost>12345678</cbc:AccountingCost>
		<cac:InvoicePeriod>
			<cbc:StartDate>2018-03-01</cbc:StartDate>
			<cbc:EndDate>2018-03-31</cbc:EndDate>
		</cac:InvoicePeriod>
		<cac:OrderLineReference>
			<cbc:LineID>1</cbc:LineID>
		</cac:OrderLineReference>
		<cac:DocumentReference>
			<cbc:ID schemeID="ABZ">line doc ref</cbc:ID>
			<cbc:DocumentTypeCode>130</cbc:DocumentTypeCode>
		</cac:DocumentReference>
		<cac:AllowanceCharge>
			<cbc:ChargeIndicator>true</cbc:ChargeIndicator>
			<cbc:AllowanceChargeReasonCode>CAW</cbc:AllowanceChargeReasonCode>
			<cbc:AllowanceChargeReason>Product takt back fee</cbc:AllowanceChargeReason>
			<!--<cbc:MultiplierFactorNumeric></cbc:MultiplierFactorNumeric>
-->			<cbc:Amount currencyID="DKK">5.00</cbc:Amount>
			<!--<cbc:BaseAmount currencyID="DKK">300.00</cbc:BaseAmount>
-->		</cac:AllowanceCharge>
		<cac:AllowanceCharge>
			<cbc:ChargeIndicator>false</cbc:ChargeIndicator>
			<cbc:AllowanceChargeReasonCode>95</cbc:AllowanceChargeReasonCode>
			<cbc:AllowanceChargeReason>Discount</cbc:AllowanceChargeReason>
			<cbc:MultiplierFactorNumeric>10</cbc:MultiplierFactorNumeric>
			<cbc:Amount currencyID="DKK">30.00</cbc:Amount>
			<cbc:BaseAmount currencyID="DKK">300.00</cbc:BaseAmount>
		</cac:AllowanceCharge>
		<cac:Item>
			<cbc:Description>Long description</cbc:Description>
			<cbc:Name>Product 1</cbc:Name>
			<cac:BuyersItemIdentification>
				<cbc:ID>12345</cbc:ID>
			</cac:BuyersItemIdentification>
			<cac:SellersItemIdentification>
				<cbc:ID>54321</cbc:ID>
			</cac:SellersItemIdentification>
			<cac:StandardItemIdentification>
				<cbc:ID schemeID="0160">5790000000123</cbc:ID>
			</cac:StandardItemIdentification>
			<cac:OriginCountry>
				<cbc:IdentificationCode>DK</cbc:IdentificationCode>
			</cac:OriginCountry>
			<cac:CommodityClassification>
				<cbc:ItemClassificationCode listID="TST" listVersionID="19.05.01">22334455</cbc:ItemClassificationCode>
			</cac:CommodityClassification>
			<cac:ClassifiedTaxCategory>
				<cbc:ID>S</cbc:ID>
				<cbc:Percent>25</cbc:Percent>
				<cac:TaxScheme>
					<cbc:ID>VAT</cbc:ID>
				</cac:TaxScheme>
			</cac:ClassifiedTaxCategory>
			<cac:AdditionalItemProperty>
				<cbc:Name>Colour</cbc:Name>
				<cbc:Value>Blue</cbc:Value>
			</cac:AdditionalItemProperty>
		</cac:Item>
		<cac:Price>
			<cbc:PriceAmount currencyID="DKK">100.00</cbc:PriceAmount>
			<cbc:BaseQuantity unitCode="C62">1</cbc:BaseQuantity>
			<cac:AllowanceCharge>
				<cbc:ChargeIndicator>false</cbc:ChargeIndicator>
				<cbc:Amount currencyID="DKK">10.00</cbc:Amount>
				<cbc:BaseAmount currencyID="DKK">110.00</cbc:BaseAmount>
			</cac:AllowanceCharge>
		</cac:Price>
	</cac:InvoiceLine>
	<cac:InvoiceLine>
		<cbc:ID>2</cbc:ID>
		<cbc:Note>line note</cbc:Note>
		<cbc:InvoicedQuantity unitCode="C62">5</cbc:InvoicedQuantity>
		<cbc:LineExtensionAmount currencyID="DKK">1400.00</cbc:LineExtensionAmount>
		<cbc:AccountingCost>12345678</cbc:AccountingCost>
		<cac:InvoicePeriod>
			<cbc:StartDate>2018-03-01</cbc:StartDate>
			<cbc:EndDate>2018-03-31</cbc:EndDate>
		</cac:InvoicePeriod>
		<cac:OrderLineReference>
			<cbc:LineID>2</cbc:LineID>
		</cac:OrderLineReference>
		<cac:DocumentReference>
			<cbc:ID schemeID="ZZZ">line doc ref</cbc:ID>
			<cbc:DocumentTypeCode>130</cbc:DocumentTypeCode>
		</cac:DocumentReference>
		<cac:AllowanceCharge>
			<cbc:ChargeIndicator>true</cbc:ChargeIndicator>
			<cbc:AllowanceChargeReasonCode>CAW</cbc:AllowanceChargeReasonCode>
			<cbc:AllowanceChargeReason>Product take back fee</cbc:AllowanceChargeReason>
			<cbc:MultiplierFactorNumeric>50</cbc:MultiplierFactorNumeric>
			<cbc:Amount currencyID="DKK">500.00</cbc:Amount>
			<cbc:BaseAmount currencyID="DKK">1000.00</cbc:BaseAmount>
		</cac:AllowanceCharge>
		<cac:AllowanceCharge>
			<cbc:ChargeIndicator>false</cbc:ChargeIndicator>
			<cbc:AllowanceChargeReasonCode>95</cbc:AllowanceChargeReasonCode>
			<cbc:AllowanceChargeReason>Discount</cbc:AllowanceChargeReason>
			<cbc:MultiplierFactorNumeric>10</cbc:MultiplierFactorNumeric>
			<cbc:Amount currencyID="DKK">100.00</cbc:Amount>
			<cbc:BaseAmount currencyID="DKK">1000.00</cbc:BaseAmount>
		</cac:AllowanceCharge>
		<cac:Item>
			<cbc:Description>Long description</cbc:Description>
			<cbc:Name>Product 2</cbc:Name>
			<cac:BuyersItemIdentification>
				<cbc:ID>23456</cbc:ID>
			</cac:BuyersItemIdentification>
			<cac:SellersItemIdentification>
				<cbc:ID>65432</cbc:ID>
			</cac:SellersItemIdentification>
			<cac:StandardItemIdentification>
				<cbc:ID schemeID="0160">5790000000124</cbc:ID>
			</cac:StandardItemIdentification>
			<cac:OriginCountry>
				<cbc:IdentificationCode>DK</cbc:IdentificationCode>
			</cac:OriginCountry>
			<cac:CommodityClassification>
				<cbc:ItemClassificationCode listID="TST" listVersionID="19.05.01">22334455</cbc:ItemClassificationCode>
			</cac:CommodityClassification>
			<cac:ClassifiedTaxCategory>
				<cbc:ID>Z</cbc:ID>
				<cbc:Percent>0</cbc:Percent>
				<cac:TaxScheme>
					<cbc:ID>VAT</cbc:ID>
				</cac:TaxScheme>
			</cac:ClassifiedTaxCategory>
			<cac:AdditionalItemProperty>
				<cbc:Name>Size</cbc:Name>
				<cbc:Value>Small</cbc:Value>
			</cac:AdditionalItemProperty>
		</cac:Item>
		<cac:Price>
			<cbc:PriceAmount currencyID="DKK">200.00</cbc:PriceAmount>
			<cbc:BaseQuantity unitCode="C62">1</cbc:BaseQuantity>
			<cac:AllowanceCharge>
				<cbc:ChargeIndicator>false</cbc:ChargeIndicator>
				<cbc:Amount currencyID="DKK">20.00</cbc:Amount>
				<cbc:BaseAmount currencyID="DKK">220.00</cbc:BaseAmount>
			</cac:AllowanceCharge>
		</cac:Price>
	</cac:InvoiceLine>
	<cac:InvoiceLine>
		<cbc:ID>3</cbc:ID>
		<cbc:Note>line note</cbc:Note>
		<cbc:InvoicedQuantity unitCode="P1">-1</cbc:InvoicedQuantity>
		<cbc:LineExtensionAmount currencyID="DKK">-100.00</cbc:LineExtensionAmount>
		<cbc:AccountingCost>12345678</cbc:AccountingCost>
		<cac:InvoicePeriod>
			<cbc:StartDate>2018-03-01</cbc:StartDate>
			<cbc:EndDate>2018-03-31</cbc:EndDate>
		</cac:InvoicePeriod>
		<cac:OrderLineReference>
			<cbc:LineID>3</cbc:LineID>
		</cac:OrderLineReference>
		<cac:Item>
			<cbc:Description>Long description</cbc:Description>
			<cbc:Name>Product 3</cbc:Name>
			<cac:BuyersItemIdentification>
				<cbc:ID>23456</cbc:ID>
			</cac:BuyersItemIdentification>
			<cac:SellersItemIdentification>
				<cbc:ID>65432</cbc:ID>
			</cac:SellersItemIdentification>
			<cac:StandardItemIdentification>
				<cbc:ID schemeID="0160">5790000000124</cbc:ID>
			</cac:StandardItemIdentification>
			<cac:OriginCountry>
				<cbc:IdentificationCode>DK</cbc:IdentificationCode>
			</cac:OriginCountry>
			<cac:CommodityClassification>
				<cbc:ItemClassificationCode listID="TST" listVersionID="19.05.01">22334455</cbc:ItemClassificationCode>
			</cac:CommodityClassification>
			<cac:ClassifiedTaxCategory>
				<cbc:ID>S</cbc:ID>
				<cbc:Percent>25</cbc:Percent>
				<cac:TaxScheme>
					<cbc:ID>VAT</cbc:ID>
				</cac:TaxScheme>
			</cac:ClassifiedTaxCategory>
		</cac:Item>
		<cac:Price>
			<cbc:PriceAmount currencyID="DKK">100.00</cbc:PriceAmount>
			<cbc:BaseQuantity unitCode="P1">1</cbc:BaseQuantity>
		</cac:Price>
	</cac:InvoiceLine>
</Invoice>
