<?xml version="1.0" encoding="UTF-8"?>
<OrderResponse xmlns="urn:oasis:names:specification:ubl:schema:xsd:OrderResponse-2"
			   xmlns:cac="urn:oasis:names:specification:ubl:schema:xsd:CommonAggregateComponents-2"
			   xmlns:cbc="urn:oasis:names:specification:ubl:schema:xsd:CommonBasicComponents-2">
	<cbc:CustomizationID>urn:fdc:peppol.eu:poacc:trns:order_response_advanced:3</cbc:CustomizationID>
	<cbc:ProfileID>urn:fdc:peppol.eu:poacc:bis:advanced_ordering:3</cbc:ProfileID>
	<cbc:ID>101</cbc:ID>
	<cbc:SalesOrderID>101-111</cbc:SalesOrderID>
	<cbc:IssueDate>2022-04-01</cbc:IssueDate>
	<cbc:IssueTime>06:10:10</cbc:IssueTime>
	<cbc:OrderResponseCode>AP</cbc:OrderResponseCode>
	<cbc:Note>Response message with amendments in the details</cbc:Note>
	<cbc:DocumentCurrencyCode>EUR</cbc:DocumentCurrencyCode>
	<cbc:CustomerReference>ABC-123</cbc:CustomerReference>
	<cac:OrderReference>
		<cbc:ID>11233</cbc:ID>
	</cac:OrderReference>
	<cac:OrderChangeDocumentReference>
    <cbc:ID>c1-11233</cbc:ID>
    </cac:OrderChangeDocumentReference>
	<cac:SellerSupplierParty>
		<cac:Party>
			<cbc:EndpointID schemeID="0088">7598000000128</cbc:EndpointID>
			<cac:PartyIdentification>
				<cbc:ID schemeID="0184">DK12345678</cbc:ID>
			</cac:PartyIdentification>
			<cac:PartyLegalEntity>
				<cbc:RegistrationName>The Supplier AB</cbc:RegistrationName>
			</cac:PartyLegalEntity>
		</cac:Party>
	</cac:SellerSupplierParty>
	<cac:BuyerCustomerParty>
		<cac:Party>
			<cbc:EndpointID schemeID="0088">7590000012347</cbc:EndpointID>
			<cac:PartyIdentification>
				<cbc:ID schemeID="0184">DK55412777</cbc:ID>
			</cac:PartyIdentification>
			<cac:PartyLegalEntity>
				<cbc:RegistrationName>City Hospital</cbc:RegistrationName>
			</cac:PartyLegalEntity>
		</cac:Party>
	</cac:BuyerCustomerParty>
	<cac:OrderLine>
		<cac:LineItem>
			<cbc:ID>1</cbc:ID>
			<cbc:Note>Order line note text</cbc:Note>
			<cbc:LineStatusCode>3</cbc:LineStatusCode>
			<cbc:Quantity unitCode="C62">10</cbc:Quantity>
			<cbc:MaximumBackorderQuantity>3</cbc:MaximumBackorderQuantity>
			<cac:Delivery>
				<cac:PromisedDeliveryPeriod>
					<cbc:StartDate>2022-05-10</cbc:StartDate>
					<cbc:EndDate>2022-05-20</cbc:EndDate>
				</cac:PromisedDeliveryPeriod>
			</cac:Delivery>
			<cac:Price>
				<cbc:PriceAmount currencyID="EUR">1.50</cbc:PriceAmount>
				<cbc:BaseQuantity unitCode="C62">1</cbc:BaseQuantity>
			</cac:Price>
			<cac:Item>
				<cbc:Name>Brown sauce</cbc:Name>
				<cac:BuyersItemIdentification>
					<cbc:ID>123456</cbc:ID>
				</cac:BuyersItemIdentification>
				<cac:SellersItemIdentification>
					<cbc:ID>SN-33</cbc:ID>
				</cac:SellersItemIdentification>
				<cac:StandardItemIdentification>
					<cbc:ID schemeID="0160">7400000001234</cbc:ID>
				</cac:StandardItemIdentification>
			</cac:Item>
		</cac:LineItem>
		<cac:SellerSubstitutedLineItem>
			<cbc:ID>12356</cbc:ID>
			<cac:Item>
				<cbc:Name>Sauce brown, ready</cbc:Name>
				<cac:SellersItemIdentification>
					<cbc:ID>SN-34</cbc:ID>
				</cac:SellersItemIdentification>
				<cac:StandardItemIdentification>
					<cbc:ID schemeID="0160">7400000001235</cbc:ID>
				</cac:StandardItemIdentification>
				<cac:CommodityClassification>
					<cbc:ItemClassificationCode listID="MP" listVersionID="19.0501">12345678</cbc:ItemClassificationCode>
				</cac:CommodityClassification>
				<cac:ClassifiedTaxCategory>
					<cbc:ID>S</cbc:ID>
					<cbc:Percent>25</cbc:Percent>
					<cac:TaxScheme>
						<cbc:ID>VAT</cbc:ID>
					</cac:TaxScheme>
				</cac:ClassifiedTaxCategory>
				<cac:AdditionalItemProperty>
					<cbc:Name>Weight</cbc:Name>
					<cbc:Value>12 gram</cbc:Value>
					<cbc:ValueQuantity unitCode="GRM">12</cbc:ValueQuantity>
					<cbc:ValueQualifier>gram</cbc:ValueQualifier>
				</cac:AdditionalItemProperty>
			</cac:Item>
		</cac:SellerSubstitutedLineItem>
		<cac:OrderLineReference>
			<cbc:LineID>1</cbc:LineID>
		</cac:OrderLineReference>
	</cac:OrderLine>
	<cac:OrderLine>
		<cac:LineItem>
			<cbc:ID>2</cbc:ID>
			<cbc:LineStatusCode>5</cbc:LineStatusCode>
			<cac:Delivery>
				<cac:PromisedDeliveryPeriod>
					<cbc:StartDate>2022-05-10</cbc:StartDate>
					<cbc:EndDate>2022-05-25</cbc:EndDate>
				</cac:PromisedDeliveryPeriod>
			</cac:Delivery>			
			<cac:Item>
				<cbc:Name>White sauce</cbc:Name>
				<cac:SellersItemIdentification>
					<cbc:ID>SN-34</cbc:ID>
				</cac:SellersItemIdentification>
			</cac:Item>
		</cac:LineItem>
		<cac:OrderLineReference>
			<cbc:LineID>2</cbc:LineID>
		</cac:OrderLineReference>
	</cac:OrderLine>
</OrderResponse>
