<?xml version="1.0" encoding="UTF-8" ?> 
<!-- 
******************************************************************************************************************
	PEPPOL BIS Billing 3 - Instance Document: Invoice	Version of this instance document: 1.0

        Testfil Testbolagets ”Ursprunglig faktura” att använda som bilaga, lagd som BASE64-encoded PDF-fil
        Ref: Kammarkollegiet, test av fakturautskrift
	
******************************************************************************************************************
-->
<Invoice xmlns="urn:oasis:names:specification:ubl:schema:xsd:Invoice-2" xmlns:cac="urn:oasis:names:specification:ubl:schema:xsd:CommonAggregateComponents-2" xmlns:cbc="urn:oasis:names:specification:ubl:schema:xsd:CommonBasicComponents-2" xmlns:ccts="urn:un:unece:uncefact:documentation:2" xmlns:qdt="urn:oasis:names:specification:ubl:schema:xsd:QualifiedDatatypes-2" xmlns:udt="urn:un:unece:uncefact:data:specification:UnqualifiedDataTypesSchemaModule:2">
  <cbc:CustomizationID>urn:cen.eu:en16931:2017#compliant#urn:fdc:peppol.eu:2017:poacc:billing:3.0</cbc:CustomizationID>
  <cbc:ProfileID>urn:fdc:peppol.eu:2017:poacc:billing:01:1.0</cbc:ProfileID>
  <cbc:ID>101000010</cbc:ID>
  <cbc:IssueDate>2016-11-14</cbc:IssueDate>
  <cbc:DueDate>2016-12-14</cbc:DueDate>
  <cbc:InvoiceTypeCode>380</cbc:InvoiceTypeCode>
  <cbc:DocumentCurrencyCode>SEK</cbc:DocumentCurrencyCode>
  <cbc:BuyerReference>BEBE</cbc:BuyerReference>
  <cac:InvoicePeriod>
    <cbc:StartDate>2016-10-01</cbc:StartDate>
    <cbc:EndDate>2016-10-31</cbc:EndDate>
  </cac:InvoicePeriod>
  <cac:OrderReference>
    <cbc:ID>TEST1000012345</cbc:ID>
  </cac:OrderReference>
  <cac:ContractDocumentReference>
    <cbc:ID>Avtal-dnr 321/123</cbc:ID>
  </cac:ContractDocumentReference>

  <cac:AdditionalDocumentReference>
    <cbc:ID>101</cbc:ID>
    <cbc:DocumentDescription>AQY Filidentifiering nummer (print)</cbc:DocumentDescription>
  </cac:AdditionalDocumentReference>
  <cac:AdditionalDocumentReference>
    <cbc:ID>3434343434</cbc:ID>
    <cbc:DocumentDescription>IT Säljarens kundnummer</cbc:DocumentDescription>
  </cac:AdditionalDocumentReference>

  <cac:AccountingSupplierParty>
    <cac:Party>
      <cac:PostalAddress>
        <cbc:StreetName>Utställargatan 123 A</cbc:StreetName>
        <cbc:AdditionalStreetName>Utställarbox 1234512</cbc:AdditionalStreetName>
        <cbc:CityName>Utställarby</cbc:CityName>
        <cbc:PostalZone>12345</cbc:PostalZone>
        <cac:Country>
          <cbc:IdentificationCode>SE</cbc:IdentificationCode>
        </cac:Country>
      </cac:PostalAddress>
      <cac:PartyTaxScheme>
        <!-- Svenskt VAT-nummer visas utan redigering vid visning/utskrift: -->
        <cbc:CompanyID>SE123412123401</cbc:CompanyID>
        <cac:TaxScheme>
          <cbc:ID>VAT</cbc:ID>
        </cac:TaxScheme>
      </cac:PartyTaxScheme>
      <cac:PartyTaxScheme>
        <cbc:CompanyID>Godkänd för F-skatt</cbc:CompanyID>
        <cac:TaxScheme>
          <cbc:ID>TAX</cbc:ID>
        </cac:TaxScheme>
      </cac:PartyTaxScheme>
      <cac:PartyLegalEntity>
        <cbc:RegistrationName>Fakturautställarverket</cbc:RegistrationName>
        <!-- Svenskt organisationsnummer redigeras enligt mallen "123456-7890" vid visning/utskrift: -->
        <cbc:CompanyID schemeID="0007">1234121234</cbc:CompanyID>
        <cbc:CompanyLegalForm>Säte: Utställarstaden</cbc:CompanyLegalForm>
      </cac:PartyLegalEntity>
      <cac:Contact>
        <cbc:Name>Filip "Test" Fakturautställare</cbc:Name>
        <cbc:Telephone>010123123</cbc:Telephone>
        <cbc:ElectronicMail>test@fakturautstallarverket.se</cbc:ElectronicMail>
      </cac:Contact>
    </cac:Party>
  </cac:AccountingSupplierParty>

  <cac:AccountingCustomerParty>
    <cac:Party>
      <cac:PostalAddress>
        <cbc:StreetName>Mottagargatan 56</cbc:StreetName>
        <cbc:AdditionalStreetName>Mottagarbox 56789</cbc:AdditionalStreetName>
        <cbc:CityName>Mottagarby</cbc:CityName>
        <cbc:PostalZone>56790</cbc:PostalZone>
        <cac:Country>
          <cbc:IdentificationCode>SE</cbc:IdentificationCode>
        </cac:Country>
      </cac:PostalAddress>
      <cac:PartyLegalEntity>
        <cbc:RegistrationName>Fakturamottagarföretaget AB</cbc:RegistrationName>
        <!-- Svenskt organisationsnummer redigeras enligt mallen "123456-7890" vid visning/utskrift: -->
        <cbc:CompanyID schemeID="0007">5678906789</cbc:CompanyID>
      </cac:PartyLegalEntity>
      <cac:Contact>
        <cbc:Name>Berit "Test" Beställarsson</cbc:Name>
      </cac:Contact>
    </cac:Party>
  </cac:AccountingCustomerParty>

  <cac:Delivery>
    <cbc:ActualDeliveryDate>2017-08-15</cbc:ActualDeliveryDate>
    <cac:DeliveryLocation>
      <cbc:ID schemeID="GLN">7399887766660</cbc:ID>
    </cac:DeliveryLocation>
  </cac:Delivery>
  <cac:PaymentMeans>
    <cbc:PaymentMeansCode>30</cbc:PaymentMeansCode>
    <cbc:PaymentID>1010000105</cbc:PaymentID>
    <cac:PayeeFinancialAccount>
      <!-- Svenskt bankgironummer redigeras enligt mallen "123-4567" eller "1234-5678" vid visning/utskrift: -->
      <cbc:ID>87654321</cbc:ID>
      <cac:FinancialInstitutionBranch>
          <cbc:ID>SE:BANKGIRO</cbc:ID>
      </cac:FinancialInstitutionBranch>
    </cac:PayeeFinancialAccount>
  </cac:PaymentMeans>
  <cac:PaymentTerms>
    <cbc:Note>Efter förfallodagen utgår dröjsmålränta med referensräntan plus 7,5%</cbc:Note>
  </cac:PaymentTerms>
  <cac:TaxTotal>
    <cbc:TaxAmount currencyID="SEK">4790.60</cbc:TaxAmount>
    <cac:TaxSubtotal>
      <cbc:TaxableAmount currencyID="SEK">19162.40</cbc:TaxableAmount>
      <cbc:TaxAmount currencyID="SEK">4790.60</cbc:TaxAmount>
      <cac:TaxCategory>
        <cbc:ID>S</cbc:ID>
        <cbc:Percent>25</cbc:Percent>
        <cac:TaxScheme>
          <cbc:ID>VAT</cbc:ID>
        </cac:TaxScheme>
      </cac:TaxCategory>
    </cac:TaxSubtotal>
  </cac:TaxTotal>
  <cac:LegalMonetaryTotal>
    <cbc:LineExtensionAmount currencyID="SEK">19162.40</cbc:LineExtensionAmount>
    <cbc:TaxExclusiveAmount currencyID="SEK">19162.40</cbc:TaxExclusiveAmount>
    <cbc:TaxInclusiveAmount currencyID="SEK">23953.00</cbc:TaxInclusiveAmount>
    <cbc:PayableAmount currencyID="SEK">23953.00</cbc:PayableAmount>
  </cac:LegalMonetaryTotal>
  <cac:InvoiceLine>
    <cbc:ID>1</cbc:ID>
    <cbc:InvoicedQuantity unitCode="HUR">20</cbc:InvoicedQuantity>
    <cbc:LineExtensionAmount currencyID="SEK">19162.40</cbc:LineExtensionAmount>
    <cac:AllowanceCharge>
      <cbc:ChargeIndicator>false</cbc:ChargeIndicator>
      <cbc:AllowanceChargeReason>Mängdrabatt</cbc:AllowanceChargeReason>
      <cbc:Amount currencyID="SEK">837.60</cbc:Amount>
    </cac:AllowanceCharge>
    <cac:Item>
      <cbc:Name>Tillsyn av e-faktureringstillstånd</cbc:Name>
      <cac:ClassifiedTaxCategory>
        <cbc:ID>S</cbc:ID>
        <cbc:Percent>25</cbc:Percent>
        <cac:TaxScheme>
          <cbc:ID>VAT</cbc:ID>
        </cac:TaxScheme>
      </cac:ClassifiedTaxCategory>
    </cac:Item>
    <cac:Price>
      <cbc:PriceAmount currencyID="SEK">1000</cbc:PriceAmount>
    </cac:Price>
  </cac:InvoiceLine>
</Invoice>