<?xml version="1.0" encoding="UTF-8"?>
<Invoice xmlns:cec="urn:oasis:names:specification:ubl:schema:xsd:CommonExtensionComponents-2" xmlns:cbc="urn:oasis:names:specification:ubl:schema:xsd:CommonBasicComponents-2" xmlns:cac="urn:oasis:names:specification:ubl:schema:xsd:CommonAggregateComponents-2" xmlns="urn:oasis:names:specification:ubl:schema:xsd:Invoice-2">
  <cbc:UBLVersionID>2.1</cbc:UBLVersionID>
  <cbc:CustomizationID>urn:peppol:pint:billing-1@sg-1</cbc:CustomizationID>
  <cbc:ProfileID>urn:peppol:bis:billing</cbc:ProfileID>
  <cbc:ID>0000001</cbc:ID>
  <cbc:UUID>2523149b-cb40-4b32-9004-debca57b80ee</cbc:UUID>
  <cbc:IssueDate>2021-12-21</cbc:IssueDate>
  <cbc:DueDate>2021-12-30</cbc:DueDate>
  <cbc:InvoiceTypeCode>380</cbc:InvoiceTypeCode>
  <cbc:Note>NOTE: 1) Max 254 Characters for Invoice Remarks. 2) The AGD Invoicing Instruction/Purchase Order field uses the Peppol field "cac:OrderReference/cbc:ID". Ensure your customer enquires with their client agency to determine whether they need to bill against an Invoicing Instruction/Purchase Order.</cbc:Note>
  <cbc:DocumentCurrencyCode>SGD</cbc:DocumentCurrencyCode>
  <cbc:BuyerReference>IMDA1</cbc:BuyerReference>
  <cac:OrderReference>
    <cbc:ID>MDA000EPO21009234</cbc:ID>
    <cbc:SalesOrderID>777123123</cbc:SalesOrderID>
  </cac:OrderReference>
  <cac:AccountingSupplierParty>
    <cac:Party>
      <cbc:EndpointID schemeID="0195">SGTSTIMDADEMO01</cbc:EndpointID>
      <cac:PartyIdentification>
        <cbc:ID schemeID="0195">SGTSTIMDADEMO01</cbc:ID>
      </cac:PartyIdentification>
      <cac:PartyName>
        <cbc:Name>Test Vendor Name</cbc:Name>
      </cac:PartyName>
      <cac:PostalAddress>
        <cbc:StreetName>111 Somerset Road</cbc:StreetName>
        <cbc:CityName>Singapore</cbc:CityName>
        <cbc:PostalZone>238164</cbc:PostalZone>
        <cac:Country>
          <cbc:IdentificationCode>SG</cbc:IdentificationCode>
        </cac:Country>
      </cac:PostalAddress>
      <cac:PartyTaxScheme>
        <cbc:CompanyID>SGTSTIMDADEMO01</cbc:CompanyID>
        <cac:TaxScheme>
          <cbc:ID>GST</cbc:ID>
        </cac:TaxScheme>
      </cac:PartyTaxScheme>
      <cac:PartyLegalEntity>
        <cbc:RegistrationName>Test Vendor Name</cbc:RegistrationName>
        <cbc:CompanyID>53201802A</cbc:CompanyID>
      </cac:PartyLegalEntity>
      <cac:Contact>
        <cbc:ElectronicMail>test_vendor@gmail.com</cbc:ElectronicMail>
      </cac:Contact>
    </cac:Party>
  </cac:AccountingSupplierParty>
  <cac:AccountingCustomerParty>
    <cac:Party>
      <cbc:EndpointID schemeID="0195">SGUENT08GA0028A</cbc:EndpointID>
      <cac:PartyIdentification>
        <cbc:ID schemeID="0195">SGUENT08GA0028A</cbc:ID>
      </cac:PartyIdentification>
      <cac:PartyName>
        <cbc:Name>AGD</cbc:Name>
      </cac:PartyName>
      <cac:PostalAddress>
        <cbc:StreetName>Central road 56</cbc:StreetName>
				<cbc:AdditionalStreetName>Second floor</cbc:AdditionalStreetName>
				<cbc:CityName>Singapore</cbc:CityName>
				<cbc:PostalZone>101</cbc:PostalZone>
				<cbc:CountrySubentity>Singapore</cbc:CountrySubentity>
        <cac:Country>
          <cbc:IdentificationCode>SG</cbc:IdentificationCode>
        </cac:Country>
      </cac:PostalAddress>
      <cac:PartyTaxScheme>
        <cbc:CompanyID>T08GA0028A</cbc:CompanyID>
        <cac:TaxScheme>
          <cbc:ID>GST</cbc:ID>
        </cac:TaxScheme>
      </cac:PartyTaxScheme>
      <cac:PartyLegalEntity>
        <cbc:RegistrationName>AGD</cbc:RegistrationName>
        <cbc:CompanyID>T08GA0028A</cbc:CompanyID>
      </cac:PartyLegalEntity>
      <cac:Contact>
        <cbc:Name>AGD Contact</cbc:Name>
      </cac:Contact>
    </cac:Party>
  </cac:AccountingCustomerParty>
  <cac:PaymentTerms>
    <cbc:Note>30D</cbc:Note>
  </cac:PaymentTerms>
  <cac:TaxTotal>
    <cbc:TaxAmount currencyID="SGD">21.00</cbc:TaxAmount>
    <cac:TaxSubtotal>
      <cbc:TaxableAmount currencyID="SGD">300.00</cbc:TaxableAmount>
      <cbc:TaxAmount currencyID="SGD">21.00</cbc:TaxAmount>
      <cac:TaxCategory>
        <cbc:ID>SR</cbc:ID>
        <cbc:Percent>7.00</cbc:Percent>
        <cac:TaxScheme>
          <cbc:ID>GST</cbc:ID>
        </cac:TaxScheme>
      </cac:TaxCategory>
    </cac:TaxSubtotal>
  </cac:TaxTotal>
  <cac:LegalMonetaryTotal>
    <cbc:LineExtensionAmount currencyID="SGD">300.00</cbc:LineExtensionAmount>
    <cbc:TaxExclusiveAmount currencyID="SGD">300.00</cbc:TaxExclusiveAmount>
    <cbc:TaxInclusiveAmount currencyID="SGD">321.00</cbc:TaxInclusiveAmount>
    <cbc:PayableAmount currencyID="SGD">321.00</cbc:PayableAmount>
  </cac:LegalMonetaryTotal>
  <cac:InvoiceLine>
    <cbc:ID>1</cbc:ID>
    <cbc:InvoicedQuantity unitCode="EA">1</cbc:InvoicedQuantity>
    <cbc:LineExtensionAmount currencyID="SGD">100.00</cbc:LineExtensionAmount>
    <cac:OrderLineReference>
      <cbc:LineID>2</cbc:LineID>
    </cac:OrderLineReference>
    <cac:Item>
      <cbc:Name>Red Pen [Max 254 characters]</cbc:Name>
      <cac:ClassifiedTaxCategory>
        <cbc:ID>SR</cbc:ID>
        <cbc:Percent>7.00</cbc:Percent>
        <cac:TaxScheme>
          <cbc:ID>GST</cbc:ID>
        </cac:TaxScheme>
      </cac:ClassifiedTaxCategory>
    </cac:Item>
    <cac:Price>
      <cbc:PriceAmount currencyID="SGD">100</cbc:PriceAmount>
    </cac:Price>
  </cac:InvoiceLine>
  <cac:InvoiceLine>
    <cbc:ID>2</cbc:ID>
    <cbc:InvoicedQuantity unitCode="EA">2</cbc:InvoicedQuantity>
    <cbc:LineExtensionAmount currencyID="SGD">200.00</cbc:LineExtensionAmount>
    <cac:OrderLineReference>
      <cbc:LineID>3</cbc:LineID>
    </cac:OrderLineReference>
    <cac:Item>
      <cbc:Name>Green Pen [Max 254 characters]</cbc:Name>
      <cac:ClassifiedTaxCategory>
        <cbc:ID>SR</cbc:ID>
        <cbc:Percent>7.00</cbc:Percent>
        <cac:TaxScheme>
          <cbc:ID>GST</cbc:ID>
        </cac:TaxScheme>
      </cac:ClassifiedTaxCategory>
    </cac:Item>
    <cac:Price>
      <cbc:PriceAmount currencyID="SGD">100</cbc:PriceAmount>
    </cac:Price>
  </cac:InvoiceLine>
</Invoice>