<StandardBusinessDocument xmlns="http://www.unece.org/cefact/namespaces/StandardBusinessDocumentHeader">
  <StandardBusinessDocumentHeader>
    <HeaderVersion>1.0</HeaderVersion>
    <Sender>
      <Identifier Authority="iso6523-actorid-upis">9998:sender</Identifier>
    </Sender>
    <Receiver>
      <Identifier Authority="iso6523-actorid-upis">9998:receiver</Identifier>
    </Receiver>
    <DocumentIdentification>
      <Standard>urn:oasis:names:specification:ubl:schema:xsd:Invoice-2</Standard>
      <TypeVersion>2.1</TypeVersion>
      <InstanceIdentifier>e07a2352-83cf-11ee-8459-74563c4a6461</InstanceIdentifier>
      <Type>Invoice</Type>
      <CreationDateAndTime>2023-11-15T16:58:54.263385</CreationDateAndTime>
    </DocumentIdentification>
    <BusinessScope>
      <Scope>
        <Type>DOCUMENTID</Type>
        <InstanceIdentifier>urn:oasis:names:specification:ubl:schema:xsd:Invoice-2::Invoice##urn:cen.eu:en16931:2017#compliant#urn:fdc:peppol.eu:2017:poacc:billing:3.0::2.1</InstanceIdentifier>
        <Identifier>busdox-docid-qns</Identifier>
      </Scope>
      <Scope>
        <Type>PROCESSID</Type>
        <InstanceIdentifier>urn:fdc:peppol.eu:2017:poacc:billing:01:1.0</InstanceIdentifier>
        <Identifier>cenbii-procid-ubl</Identifier>
      </Scope>
      <Scope>
        <Type>COUNTRY_C1</Type>
        <InstanceIdentifier>NL</InstanceIdentifier>
      </Scope>
      <Scope>
        <Type>MLS_TO</Type>
        <InstanceIdentifier>02XX:12345-1</InstanceIdentifier>
        <Identifier>iso6523-actorid-upis</Identifier>
      </Scope>
    </BusinessScope>
  </StandardBusinessDocumentHeader>
  <doc:Invoice xmlns:doc="urn:oasis:names:specification:ubl:schema:xsd:Invoice-2" xmlns:cbc="urn:oasis:names:specification:ubl:schema:xsd:CommonBasicComponents-2" xmlns:cac="urn:oasis:names:specification:ubl:schema:xsd:CommonAggregateComponents-2">
    <!-- Actual invoice content omitted -->
  </doc:Invoice>
</StandardBusinessDocument>
