<?xml version="1.0" encoding="UTF-8"?>
<OrderResponse xmlns:xs="http://www.w3.org/2001/XMLSchema"
    xmlns="urn:oasis:names:specification:ubl:schema:xsd:OrderResponse-2"
    xmlns:cac="urn:oasis:names:specification:ubl:schema:xsd:CommonAggregateComponents-2"
    xmlns:cbc="urn:oasis:names:specification:ubl:schema:xsd:CommonBasicComponents-2">
  <cbc:CustomizationID>urn:fdc:peppol.eu:poacc:trns:order_response:3</cbc:CustomizationID>
  <cbc:ProfileID>urn:fdc:peppol.eu:poacc:bis:ordering:3</cbc:ProfileID>
  <cbc:ID>4552</cbc:ID>
  <cbc:IssueDate>2013-07-01</cbc:IssueDate>
  <cbc:IssueTime>06:10:10</cbc:IssueTime>
  <cbc:OrderResponseCode>RE</cbc:OrderResponseCode>
  <cbc:Note>No available translators</cbc:Note>
  <cbc:DocumentCurrencyCode listID="ISO4217">EUR</cbc:DocumentCurrencyCode>
  <cbc:CustomerReference>123abc</cbc:CustomerReference>
  <cac:OrderReference>
    <cbc:ID>5</cbc:ID>
  </cac:OrderReference>
  <cac:SellerSupplierParty>
    <cac:Party>
      <cbc:EndpointID schemeID="0192">987654325</cbc:EndpointID>
      <cac:PartyIdentification>
        <cbc:ID schemeID="0192">987654325</cbc:ID>
      </cac:PartyIdentification>
    </cac:Party>
  </cac:SellerSupplierParty>
  <cac:BuyerCustomerParty>
      <cac:Party>
        <cbc:EndpointID schemeID="0088">7300010000001</cbc:EndpointID>
      <cac:PartyIdentification>
        <cbc:ID  schemeID="0088">7300010000001</cbc:ID>
      </cac:PartyIdentification>
    </cac:Party>
  </cac:BuyerCustomerParty>
  </OrderResponse>
