<?xml version="1.0" encoding="UTF-8"?>
<testSet xmlns="http://difi.no/xsd/vefa/validator/1.0" configuration="peppolbis-en16931-base-3.0-cii">
    <assert>
        <description>Verify format of ChargeIndicator</description>
        <scope>PEPPOL-EN16931-R043</scope>
    </assert>
    <test>
        <assert>
            <success>PEPPOL-EN16931-R043</success>
        </assert>
        <CrossIndustryInvoice
                xmlns:udt="urn:un:unece:uncefact:data:standard:UnqualifiedDataType:100"
                xmlns:ram="urn:un:unece:uncefact:data:standard:ReusableAggregateBusinessInformationEntity:100"
                xmlns="urn:un:unece:uncefact:data:standard:CrossIndustryInvoice:100">

            <SupplyChainTradeTransaction>
                <ram:ApplicableHeaderTradeSettlement>
                    <ram:SpecifiedTradeAllowanceCharge>
                        <ram:ChargeIndicator>
													<udt:Indicator>false</udt:Indicator>
                        </ram:ChargeIndicator>
                    </ram:SpecifiedTradeAllowanceCharge>
                </ram:ApplicableHeaderTradeSettlement>
            </SupplyChainTradeTransaction>

        </CrossIndustryInvoice>
    </test>
    <test>
        <assert>
            <error>PEPPOL-EN16931-R043</error>
        </assert>
        <CrossIndustryInvoice
                xmlns:udt="urn:un:unece:uncefact:data:standard:UnqualifiedDataType:100"
                xmlns:ram="urn:un:unece:uncefact:data:standard:ReusableAggregateBusinessInformationEntity:100"
                xmlns="urn:un:unece:uncefact:data:standard:CrossIndustryInvoice:100">

            <SupplyChainTradeTransaction>
                <ram:ApplicableHeaderTradeSettlement>
                    <ram:SpecifiedTradeAllowanceCharge>
                        <ram:ChargeIndicator>
													<udt:Indicator>0</udt:Indicator>
                        </ram:ChargeIndicator>
                    </ram:SpecifiedTradeAllowanceCharge>
                </ram:ApplicableHeaderTradeSettlement>
            </SupplyChainTradeTransaction>

        </CrossIndustryInvoice>
    </test>

 <test>
        <assert>
            <success>PEPPOL-EN16931-R043</success>
        </assert>
        <CrossIndustryInvoice
                xmlns:udt="urn:un:unece:uncefact:data:standard:UnqualifiedDataType:100"
                xmlns:ram="urn:un:unece:uncefact:data:standard:ReusableAggregateBusinessInformationEntity:100"
                xmlns="urn:un:unece:uncefact:data:standard:CrossIndustryInvoice:100">

            <SupplyChainTradeTransaction>
							<ram:IncludedSupplyChainTradeLineItem>
                <ram:SpecifiedLineTradeSettlement>
                    <ram:SpecifiedTradeAllowanceCharge>
                        <ram:ChargeIndicator>
													<udt:Indicator>false</udt:Indicator>
                        </ram:ChargeIndicator>
                    </ram:SpecifiedTradeAllowanceCharge>
                </ram:SpecifiedLineTradeSettlement>
							</ram:IncludedSupplyChainTradeLineItem>
            </SupplyChainTradeTransaction>

        </CrossIndustryInvoice>
    </test>
    <test>
        <assert>
            <error>PEPPOL-EN16931-R043</error>
        </assert>
        <CrossIndustryInvoice
                xmlns:udt="urn:un:unece:uncefact:data:standard:UnqualifiedDataType:100"
                xmlns:ram="urn:un:unece:uncefact:data:standard:ReusableAggregateBusinessInformationEntity:100"
                xmlns="urn:un:unece:uncefact:data:standard:CrossIndustryInvoice:100">

            <SupplyChainTradeTransaction>
							<ram:IncludedSupplyChainTradeLineItem>
                <ram:SpecifiedLineTradeSettlement>
                    <ram:SpecifiedTradeAllowanceCharge>
                        <ram:ChargeIndicator>
													<udt:Indicator>0</udt:Indicator>
                        </ram:ChargeIndicator>
                    </ram:SpecifiedTradeAllowanceCharge>
                </ram:SpecifiedLineTradeSettlement>
							</ram:IncludedSupplyChainTradeLineItem>
            </SupplyChainTradeTransaction>

        </CrossIndustryInvoice>
    </test>    
     <test>
        <assert>
            <success>PEPPOL-EN16931-R043</success>
        </assert>
        <CrossIndustryInvoice
                xmlns:udt="urn:un:unece:uncefact:data:standard:UnqualifiedDataType:100"
                xmlns:ram="urn:un:unece:uncefact:data:standard:ReusableAggregateBusinessInformationEntity:100"
                xmlns="urn:un:unece:uncefact:data:standard:CrossIndustryInvoice:100">

            <SupplyChainTradeTransaction>
							<ram:IncludedSupplyChainTradeLineItem>
                <ram:SpecifiedLineTradeAgreement>
									<ram:GrossPriceProductTradePrice>
                    <ram:AppliedTradeAllowanceCharge>
                        <ram:ChargeIndicator>
													<udt:Indicator>false</udt:Indicator>
                        </ram:ChargeIndicator>
                    </ram:AppliedTradeAllowanceCharge>
									</ram:GrossPriceProductTradePrice>
                </ram:SpecifiedLineTradeAgreement>
							</ram:IncludedSupplyChainTradeLineItem>
            </SupplyChainTradeTransaction>

        </CrossIndustryInvoice>
    </test>
    <test>
        <assert>
            <error>PEPPOL-EN16931-R043</error>
        </assert>
        <CrossIndustryInvoice
                xmlns:udt="urn:un:unece:uncefact:data:standard:UnqualifiedDataType:100"
                xmlns:ram="urn:un:unece:uncefact:data:standard:ReusableAggregateBusinessInformationEntity:100"
                xmlns="urn:un:unece:uncefact:data:standard:CrossIndustryInvoice:100">

            <SupplyChainTradeTransaction>
							<ram:IncludedSupplyChainTradeLineItem>
                <ram:SpecifiedLineTradeAgreement>
									<ram:GrossPriceProductTradePrice>
                    <ram:AppliedTradeAllowanceCharge>
                        <ram:ChargeIndicator>
													<udt:Indicator>0</udt:Indicator>
                        </ram:ChargeIndicator>
                    </ram:AppliedTradeAllowanceCharge>
									</ram:GrossPriceProductTradePrice>
                </ram:SpecifiedLineTradeAgreement>
							</ram:IncludedSupplyChainTradeLineItem>
            </SupplyChainTradeTransaction>

        </CrossIndustryInvoice>
    </test>   
    
</testSet>
