<?xml version="1.0" encoding="UTF-8"?>
<CodeList xmlns="urn:fdc:difi.no:2017:vefa:structure:CodeList-1">

    <Title>Mime code (IANA Subset)</Title>
    <Identifier>MimeCode</Identifier>
    <Version>1.0</Version>
    <Agency>IANA</Agency>
    <Subset>OpenPEPPOL</Subset>



    <Code>
        <Id>application/pdf</Id>
        <Name>application/pdf</Name>
    </Code>

    <Code>
        <Id>image/png</Id>
        <Name>image/png</Name>
    </Code>

    <Code>
        <Id>image/jpeg</Id>
        <Name>image/jpeg</Name>
    </Code>

    <Code>
        <Id>image/tiff</Id>
        <Name>image/tiff</Name>
    </Code>

    <Code>
        <Id>application/acad</Id>
        <Name>application/acad</Name>
    </Code>


    <Code>
        <Id>application/dwg</Id>
        <Name>application/dwg</Name>
    </Code>

    <Code>
        <Id>drawing/dwg</Id>
        <Name>drawing/dwg</Name>
    </Code>

    <Code>
        <Id>application/vnd.openxmlformats-officedocument.spreadsheetml.sheet</Id>
        <Name>application/vnd.openxmlformats-officedocument.spreadsheetml.sheet</Name>
    </Code>

    <Code>
        <Id>application/vnd.oasis.opendocument.spreadsheet</Id>
        <Name>application/vnd.oasis.opendocument.spreadsheet</Name>
    </Code>
</CodeList>
