<?xml version="1.0" encoding="UTF-8"?>
<!DOCTYPE properties
  SYSTEM "http://java.sun.com/dtd/properties.dtd">
<properties version="1.0"><entry key="RF01"> Regime ordinario</entry><entry key="RF02">Regime dei contribuenti minimi (art. 1,c.96-117, L. 244/2007)</entry><entry key="RF03">Regime delle nuove iniziative produttive (art. 13, L. 388/2000)</entry><entry key="RF04">Agricoltura e attività connesse e pesca (artt. 34 e 34-bis, D.P.R. 633/1972)</entry><entry key="RF05">Vendita sali e tabacchi (art. 74, c.1, D.P.R. 633/1972)</entry><entry key="RF06">Commercio dei fiammiferi (art. 74, c.1, D.P.R. 633/1972)</entry><entry key="RF07">Editoria (art. 74, c.1, D.P.R. 633/1972)</entry><entry key="RF08">Gestione di servizi di telefonia pubblica (art. 74, c.1, D.P.R. 633/1972)</entry><entry key="RF09">Rivendita di documenti di trasporto pubblico e di sosta (art. 74, c.1, D.P.R. 633/1972)</entry><entry key="RF10">Intrattenimenti, giochi e altre attività	di cui alla tariffa allegata al D.P.R. 640/72 (art. 74, c.6, D.P.R. 633/1972)
					</entry><entry key="RF11">Agenzie di viaggi e turismo (art. 74-ter, D.P.R. 633/1972)</entry><entry key="RF12">Agriturismo (art. 5, c.2, L. 413/1991)</entry><entry key="RF13">Vendite a domicilio (art. 25-bis, c.6, D.P.R. 600/1973)</entry><entry key="RF14">Rivendita di beni usati, di oggetti	d’arte, d’antiquariato o da collezione (art.	36, D.L. 41/1995)</entry><entry key="RF15">Agenzie di vendite all’asta di oggetti d’arte, antiquariato o da collezione (art. 40-bis, D.L. 41/1995)</entry><entry key="RF16">IVA per cassa P.A. (art. 6, c.5, D.P.R. 633/1972)</entry><entry key="RF17">IVA per cassa soggetti con volume d’affari inferiore ad euro 200.000 (art. 7, D.L. 185/2008)</entry><entry key="RF18">Altro</entry></properties>