<?xml version="1.0" encoding="UTF-8"?>
<OrderResponse xmlns:xs="http://www.w3.org/2001/XMLSchema"
    xmlns="urn:oasis:names:specification:ubl:schema:xsd:OrderResponse-2"
    xmlns:cac="urn:oasis:names:specification:ubl:schema:xsd:CommonAggregateComponents-2"
    xmlns:cbc="urn:oasis:names:specification:ubl:schema:xsd:CommonBasicComponents-2">
  <cbc:CustomizationID>urn:fdc:peppol.eu:poacc:trns:order_response:3</cbc:CustomizationID>
  <cbc:ProfileID>urn:fdc:peppol.eu:poacc:bis:ordering:3</cbc:ProfileID>
  <cbc:ID>101</cbc:ID>
  <cbc:IssueDate>2013-07-01</cbc:IssueDate>
  <cbc:IssueTime>14:23:26</cbc:IssueTime>
  <cbc:OrderResponseCode>CA</cbc:OrderResponseCode>
  <cbc:Note>Response message with item identifiers</cbc:Note>
  <cbc:DocumentCurrencyCode listID="ISO4217">EUR</cbc:DocumentCurrencyCode>
  <cbc:CustomerReference>92487ksdhfj</cbc:CustomerReference>
  <cac:OrderReference>
    <cbc:ID>1</cbc:ID>
  </cac:OrderReference>
  <cac:SellerSupplierParty>
    <cac:Party>
      <cbc:EndpointID  schemeID="0088">7300010000001</cbc:EndpointID>
      <cac:PartyIdentification>
        <cbc:ID schemeID="0088">7300010000001</cbc:ID>
      </cac:PartyIdentification>
    </cac:Party>
  </cac:SellerSupplierParty>
   <cac:BuyerCustomerParty>
    <cac:Party>
      <cbc:EndpointID schemeID="0192">987654325</cbc:EndpointID>
      <cac:PartyIdentification>
        <cbc:ID schemeID="0192">987654325</cbc:ID>
      </cac:PartyIdentification>
      <cac:PartyLegalEntity>
        <cbc:RegistrationName>City Hospital</cbc:RegistrationName>
      </cac:PartyLegalEntity>
    </cac:Party>
  </cac:BuyerCustomerParty>
  <cac:Delivery>
    <cac:PromisedDeliveryPeriod>
      <cbc:StartDate>2013-07-15</cbc:StartDate>
      <cbc:EndDate>2013-07-16</cbc:EndDate>
    </cac:PromisedDeliveryPeriod>
  </cac:Delivery>
  <cac:OrderLine>
    <cac:LineItem>
      <cbc:ID>1</cbc:ID>
      <cbc:LineStatusCode>5</cbc:LineStatusCode>
	  <cac:Item>
			<cbc:Name>Item 1, color red, size 43</cbc:Name>
			<cac:SellersItemIdentification>
			  <cbc:ID>4545423</cbc:ID>
			</cac:SellersItemIdentification>
			<cac:StandardItemIdentification>
			  <cbc:ID schemeID="0160">05432167890984</cbc:ID>
			</cac:StandardItemIdentification>
		</cac:Item>
      </cac:LineItem>
      <cac:OrderLineReference>
		  <cbc:LineID>1</cbc:LineID>
      </cac:OrderLineReference>
  </cac:OrderLine>
  <cac:OrderLine>
    <cac:LineItem>
      <cbc:ID>2</cbc:ID>
      <cbc:LineStatusCode>5</cbc:LineStatusCode>
      <cac:Item>
			<cbc:Name>Item 2, color yellow, size 36</cbc:Name>
			<cac:SellersItemIdentification>
			  <cbc:ID>64534543</cbc:ID>
			</cac:SellersItemIdentification>
			<cac:StandardItemIdentification>
			  <cbc:ID schemeID="0160">05476154389097</cbc:ID>
			</cac:StandardItemIdentification>
		</cac:Item>
      </cac:LineItem>
      <cac:OrderLineReference>
		  <cbc:LineID>2</cbc:LineID>
      </cac:OrderLineReference>
  </cac:OrderLine>
  </OrderResponse>
