<?xml version="1.0" encoding="UTF-8" ?> 
<!-- 
***************************************************************************
	PEPPOL BIS Billing 3 - Instance Document: Invoice

        Faktura som ska konverteras & skickas till mottagarens internetbank
        Ref: Kammarkollegiet, test av fakturautskrift
	
***************************************************************************
-->

<Invoice
 xmlns="urn:oasis:names:specification:ubl:schema:xsd:Invoice-2"
 xmlns:cac="urn:oasis:names:specification:ubl:schema:xsd:CommonAggregateComponents-2"
 xmlns:cbc="urn:oasis:names:specification:ubl:schema:xsd:CommonBasicComponents-2"
 xmlns:ccts="urn:un:unece:uncefact:documentation:2"
 xmlns:qdt="urn:oasis:names:specification:ubl:schema:xsd:QualifiedDatatypes-2"
 xmlns:udt="urn:un:unece:uncefact:data:specification:UnqualifiedDataTypesSchemaModule:2">

  <cbc:CustomizationID>urn:cen.eu:en16931:2017#compliant#urn:fdc:peppol.eu:2017:poacc:billing:3.0</cbc:CustomizationID>
  <cbc:ProfileID>urn:fdc:peppol.eu:2017:poacc:billing:01:1.0</cbc:ProfileID>
  <cbc:ID>7005190</cbc:ID>
  <cbc:IssueDate>2008-07-08</cbc:IssueDate>
  <cbc:DueDate>2008-08-07</cbc:DueDate>
  <cbc:InvoiceTypeCode>380</cbc:InvoiceTypeCode>
  <cbc:Note>Kommentarer: Den här Svefakturan är avsedd att skickas till mottagarens internetbank. Den skapas av utställaren i format BIS Billing 3 men konvertering till bankernas format ska ske i fakturautställarens fakturaväxel, enligt uppdrag. Fakturans ska slltså INTE skickas externt i PEPPOL-format.
Notera speciella regler för mottagarens/köparens partsID och AdditionalDocumentReference/ID vid DocumentDescription=AQY.
  </cbc:Note> 
  <cbc:DocumentCurrencyCode>SEK</cbc:DocumentCurrencyCode>
  <cbc:BuyerReference>REF99</cbc:BuyerReference>
  <cac:ContractDocumentReference>
    <cbc:ID>AVTALSNR-12345</cbc:ID>
  </cac:ContractDocumentReference>

  <cac:AdditionalDocumentReference>
    <cbc:ID>P01</cbc:ID>
    <cbc:DocumentDescription>AQY Filidentifiering nummer (print)</cbc:DocumentDescription>
  </cac:AdditionalDocumentReference>

  <cac:AccountingSupplierParty>
    <cac:Party>
      <cac:PostalAddress>
        <cbc:StreetName>Utställargatan 123 A</cbc:StreetName>
        <cbc:AdditionalStreetName>Utställarbox 1234512</cbc:AdditionalStreetName>
        <cbc:CityName>Utställarby</cbc:CityName>
        <cbc:PostalZone>12345</cbc:PostalZone>
        <cac:Country>
          <cbc:IdentificationCode>SE</cbc:IdentificationCode>
        </cac:Country>
      </cac:PostalAddress>
      <cac:PartyTaxScheme>
        <cbc:CompanyID>SE556677889901</cbc:CompanyID>
        <cac:TaxScheme>
          <cbc:ID>VAT</cbc:ID>
        </cac:TaxScheme>
      </cac:PartyTaxScheme>
      <cac:PartyTaxScheme>
        <cbc:CompanyID>Godkänd för F-skatt</cbc:CompanyID>
        <cac:TaxScheme>
          <cbc:ID>TAX</cbc:ID>
        </cac:TaxScheme>
      </cac:PartyTaxScheme>
      <cac:PartyLegalEntity>
        <cbc:RegistrationName>Fakturautställarverket</cbc:RegistrationName>
        <cbc:CompanyID schemeID="0007">5566778899</cbc:CompanyID>
        <cbc:CompanyLegalForm>Säte: Utställarstaden</cbc:CompanyLegalForm>
      </cac:PartyLegalEntity>
      <cac:Contact>
	<cbc:Telephone>081234500</cbc:Telephone>
	<cbc:ElectronicMail>info@registerservice.se</cbc:ElectronicMail>
      </cac:Contact>
    </cac:Party>
  </cac:AccountingSupplierParty>

  <cac:AccountingCustomerParty>
    <cac:Party>
      <cac:PartyIdentification>
        <cbc:ID>196505030004.NB.SE</cbc:ID> <!-- Köparens FMI -->
      </cac:PartyIdentification>
      <cac:PostalAddress>
        <cbc:StreetName>Mottagargatan 56</cbc:StreetName>
        <cbc:CityName>Östersund</cbc:CityName>
        <cbc:PostalZone>83100</cbc:PostalZone>
        <cac:Country>
          <cbc:IdentificationCode>SE</cbc:IdentificationCode>
        </cac:Country>
      </cac:PostalAddress>
      <cac:PartyLegalEntity>
         <cbc:RegistrationName>A Persson</cbc:RegistrationName>
         <cbc:CompanyID schemeID="0007">6505030004</cbc:CompanyID>
      </cac:PartyLegalEntity>
    </cac:Party>
  </cac:AccountingCustomerParty>

  <cac:PaymentMeans>
    <cbc:PaymentMeansCode>30</cbc:PaymentMeansCode>
    <cbc:PaymentID>7000023711438</cbc:PaymentID>
    <cac:PayeeFinancialAccount>
      <cbc:ID>87654321</cbc:ID>
      <cac:FinancialInstitutionBranch>
        <cbc:ID>SE:BANKGIRO</cbc:ID>
      </cac:FinancialInstitutionBranch>
    </cac:PayeeFinancialAccount>
  </cac:PaymentMeans>

  <cac:PaymentTerms>
    <cbc:Note>30 dagar, dröjsmålsränta 5% över referensräntan.</cbc:Note>
  </cac:PaymentTerms>

  <cac:TaxTotal>
    <cbc:TaxAmount currencyID="SEK">273</cbc:TaxAmount>
    <cac:TaxSubtotal>
      <cbc:TaxableAmount currencyID="SEK">1092</cbc:TaxableAmount>
      <cbc:TaxAmount currencyID="SEK">273</cbc:TaxAmount>
      <cac:TaxCategory>
        <cbc:ID>S</cbc:ID>
        <cbc:Percent>25</cbc:Percent>
        <cac:TaxScheme>
          <cbc:ID>VAT</cbc:ID>
        </cac:TaxScheme>
      </cac:TaxCategory>
    </cac:TaxSubtotal>
  </cac:TaxTotal>

  <cac:LegalMonetaryTotal>
    <cbc:LineExtensionAmount currencyID="SEK">1092</cbc:LineExtensionAmount>
    <cbc:TaxExclusiveAmount currencyID="SEK">1092</cbc:TaxExclusiveAmount>
    <cbc:TaxInclusiveAmount currencyID="SEK">1365</cbc:TaxInclusiveAmount>
    <cbc:PayableAmount currencyID="SEK">1365</cbc:PayableAmount>
  </cac:LegalMonetaryTotal>

  <cac:InvoiceLine>
    <cbc:ID>1</cbc:ID>
    <cbc:InvoicedQuantity unitCode="EA">1</cbc:InvoicedQuantity>
    <cbc:LineExtensionAmount currencyID="SEK">500</cbc:LineExtensionAmount>
    <cac:Item>
      <cbc:Name>Årsabonnemang Näringslivsregistret</cbc:Name>
      <cac:ClassifiedTaxCategory>
        <cbc:ID>S</cbc:ID>
        <cbc:Percent>25</cbc:Percent>
        <cac:TaxScheme>
          <cbc:ID>VAT</cbc:ID>
        </cac:TaxScheme>
      </cac:ClassifiedTaxCategory>
    </cac:Item>
    <cac:Price>
      <cbc:PriceAmount currencyID="SEK">500</cbc:PriceAmount>
    </cac:Price>
  </cac:InvoiceLine>

  <cac:InvoiceLine>
    <cbc:ID>2</cbc:ID>
    <cbc:Note>Juni 2008</cbc:Note>
    <cbc:InvoicedQuantity unitCode="EA">24</cbc:InvoicedQuantity>
    <cbc:LineExtensionAmount currencyID="SEK">192</cbc:LineExtensionAmount>
    <cac:Item>
      <cbc:Name>Bolagssökning</cbc:Name>
      <cac:ClassifiedTaxCategory>
        <cbc:ID>S</cbc:ID>
        <cbc:Percent>25</cbc:Percent>
        <cac:TaxScheme>
          <cbc:ID>VAT</cbc:ID>
        </cac:TaxScheme>
      </cac:ClassifiedTaxCategory>
    </cac:Item>
    <cac:Price>
      <cbc:PriceAmount currencyID="SEK">8</cbc:PriceAmount> 
    </cac:Price>
  </cac:InvoiceLine>

  <cac:InvoiceLine>
    <cbc:ID>3</cbc:ID>
    <cbc:Note>Juni 2008</cbc:Note>
    <cbc:InvoicedQuantity unitCode="EA">10</cbc:InvoicedQuantity>
    <cbc:LineExtensionAmount currencyID="SEK">400</cbc:LineExtensionAmount>
    <cac:Item>
      <cbc:Name>Redovisning, års-/delårs-</cbc:Name>
      <cac:ClassifiedTaxCategory>
        <cbc:ID>S</cbc:ID>
        <cbc:Percent>25</cbc:Percent>
        <cac:TaxScheme>
          <cbc:ID>VAT</cbc:ID>
        </cac:TaxScheme>
      </cac:ClassifiedTaxCategory>
    </cac:Item>
    <cac:Price>
      <cbc:PriceAmount currencyID="SEK">40</cbc:PriceAmount> 
    </cac:Price>
  </cac:InvoiceLine>

</Invoice>
