<?xml version="1.0" encoding="ISO-8859-1"?>
<Catalogue xmlns:cac="urn:oasis:names:specification:ubl:schema:xsd:CommonAggregateComponents-2"
    xmlns:cbc="urn:oasis:names:specification:ubl:schema:xsd:CommonBasicComponents-2"
    xmlns="urn:oasis:names:specification:ubl:schema:xsd:Catalogue-2">
    <cbc:CustomizationID>urn:fdc:peppol.eu:poacc:trns:catalogue:3</cbc:CustomizationID>
    <cbc:ProfileID>urn:fdc:peppol.eu:poacc:bis:catalogue_only:3</cbc:ProfileID>
    <cbc:ID>1387</cbc:ID>
	<!-- tag::actioncode[] -->
	<cbc:ActionCode>Replace</cbc:ActionCode>
	<!-- end::actioncode[] -->
	<cbc:IssueDate>2016-08-01</cbc:IssueDate>
    <cac:ValidityPeriod>
        <cbc:EndDate>2016-08-31</cbc:EndDate>
    </cac:ValidityPeriod>
    <cac:ReferencedContract>
        <cbc:ID>CRT1387</cbc:ID>
    </cac:ReferencedContract>
    <cac:ProviderParty>
		<!-- tag::endpointid-dk[] -->
        <cbc:EndpointID schemeID="0184">96567899</cbc:EndpointID>
		<!-- end::endpointid-dk[] -->
		<!-- tag::partyid-gln[] -->
        <cac:PartyIdentification>
            <cbc:ID schemeID="0088">5790000435951</cbc:ID>
        </cac:PartyIdentification>
		<!-- end::partyid-gln[] -->
        <cac:PartyLegalEntity>
            <cbc:RegistrationName>Supplier ASA</cbc:RegistrationName>
        </cac:PartyLegalEntity>
    </cac:ProviderParty>
    <cac:ReceiverParty>
        <cbc:EndpointID schemeID="0192">987654325</cbc:EndpointID>
        <cac:PartyIdentification>
            <cbc:ID schemeID="0088">5790000435944</cbc:ID>
        </cac:PartyIdentification>
        <cac:PartyLegalEntity>
            <cbc:RegistrationName>DEF Customer Ltd.</cbc:RegistrationName>
        </cac:PartyLegalEntity>
    </cac:ReceiverParty>
    <!-- tag::config[] -->
    <cac:CatalogueLine>
        <cbc:ID>1</cbc:ID>
        <!-- end::config[] -->
        <cac:LineValidityPeriod>
            <cbc:StartDate>2014-12-31</cbc:StartDate>
        </cac:LineValidityPeriod>
        <!-- tag::config[] -->

        <!-- Code omitted for clarity -->

        <cac:RequiredItemLocationQuantity>
            <cac:Price>
                <cbc:PriceAmount currencyID="EUR">1000.00</cbc:PriceAmount>
                <cbc:BaseQuantity unitCode="C62">1</cbc:BaseQuantity>
            </cac:Price>
        </cac:RequiredItemLocationQuantity>
        <!-- end::config[] -->
        <cac:Item>
            <cbc:Description>One Personal Computer package with a monitor and setup service</cbc:Description>
            <cbc:Name>PC computer package</cbc:Name>
            <!-- tag::config[] -->

            <!-- Code omitted for clarity -->

            <cac:SellersItemIdentification>
                <cbc:ID>PC01</cbc:ID>
            </cac:SellersItemIdentification>
            <!-- end::config[] -->
            <cac:ManufacturersItemIdentification>
                <cbc:ID>PC01349087993</cbc:ID>
            </cac:ManufacturersItemIdentification>
            <cac:StandardItemIdentification>
                <cbc:ID schemeID="0160">1234567890123</cbc:ID>
            </cac:StandardItemIdentification>
            <cac:ItemSpecificationDocumentReference>
                <cbc:ID>PC01image.jpg</cbc:ID>
                <cbc:DocumentTypeCode>4</cbc:DocumentTypeCode><!--1-->
                <cac:Attachment>
                    <cbc:EmbeddedDocumentBinaryObject mimeCode="image/jpeg" filename="computer-image.pdf"
                        >UjBsR09EbGhjZ0dTQUxNQUFBUUNBRU1tQ1p0dU1GUXhEUzhi</cbc:EmbeddedDocumentBinaryObject>
                </cac:Attachment>
            </cac:ItemSpecificationDocumentReference>
            <cac:OriginCountry>
                <cbc:IdentificationCode>CH</cbc:IdentificationCode>
            </cac:OriginCountry>
            <cac:CommodityClassification>
                <cbc:ItemClassificationCode listID="STI">43211508</cbc:ItemClassificationCode>
            </cac:CommodityClassification>
            <!-- tag::vat-line[] -->
            <cac:ClassifiedTaxCategory>
                <cbc:ID>S</cbc:ID> <!--1-->
                <cbc:Percent>18</cbc:Percent><!--2-->
                <cac:TaxScheme>
                    <cbc:ID>VAT</cbc:ID><!-- 3-->
                </cac:TaxScheme>
            </cac:ClassifiedTaxCategory>
            <!-- end::vat-line[] -->
            <cac:AdditionalItemProperty>
                <cbc:Name>ServiceIndicator</cbc:Name>
                <cbc:Value>false</cbc:Value>
            </cac:AdditionalItemProperty>
            <cac:AdditionalItemProperty>
                <cbc:Name>RAM memory</cbc:Name>
                <cbc:Value>16 GB</cbc:Value>
                <cbc:ValueQuantity unitCode="AD">16000000</cbc:ValueQuantity>
            </cac:AdditionalItemProperty>
            <cac:Certificate>
                <cbc:ID>EU Ecolabel</cbc:ID>
                <cbc:CertificateTypeCode>NA</cbc:CertificateTypeCode>
                <cbc:CertificateType>NA</cbc:CertificateType>
                <cac:IssuerParty>
                    <cac:PartyName>
                        <cbc:Name>NA</cbc:Name>
                    </cac:PartyName>
                </cac:IssuerParty>
            </cac:Certificate>
            <!-- tag::config[] -->

            <!-- Code omitted for clarity -->

        </cac:Item>
    </cac:CatalogueLine>

    <!-- An item that is part of the configured product -->
    <cac:CatalogueLine>
        <cbc:ID>2</cbc:ID>
        <cac:RequiredItemLocationQuantity>
            <cac:Price>
                <cbc:PriceAmount currencyID="EUR">1100.00</cbc:PriceAmount>
                <cbc:BaseQuantity unitCode="C62">1</cbc:BaseQuantity>
            </cac:Price>
        </cac:RequiredItemLocationQuantity>
        <!-- end::config[] -->
        <cac:Item>
            <cbc:Description>21 inch monitor.</cbc:Description>
            <cbc:Name>Monitor</cbc:Name>
            <!-- tag::config[] -->

            <!-- Code omitted for clarity -->

            <cac:SellersItemIdentification>
                <cbc:ID>12345</cbc:ID>
            </cac:SellersItemIdentification>
            <!-- end::config[] -->
            <cac:ManufacturersItemIdentification>
                <cbc:ID>MNTR01349087993</cbc:ID>
            </cac:ManufacturersItemIdentification>
            <cac:StandardItemIdentification>
                <cbc:ID schemeID="0160">1234567890124</cbc:ID>
            </cac:StandardItemIdentification>
            <cac:CommodityClassification>
                <cbc:ItemClassificationCode listID="STI">20101601</cbc:ItemClassificationCode>
            </cac:CommodityClassification>
            <cac:ClassifiedTaxCategory>
                <cbc:ID>S</cbc:ID>
                <cbc:Percent>18</cbc:Percent>
                <cac:TaxScheme>
                    <cbc:ID>VAT</cbc:ID>
                </cac:TaxScheme>
            </cac:ClassifiedTaxCategory>
            <!-- tag::config[] -->

            <!-- Code omitted for clarity -->

            <cac:AdditionalItemProperty>
                <cbc:Name>PartOf</cbc:Name>
                <cbc:Value>PC01</cbc:Value>
            </cac:AdditionalItemProperty>
        </cac:Item>
    </cac:CatalogueLine>

    <!-- Another item, two of which are part of the configured product -->
    <cac:CatalogueLine>
        <cbc:ID>3</cbc:ID>
        <cac:RequiredItemLocationQuantity>
            <cac:Price>
                <cbc:PriceAmount currencyID="EUR">20.00</cbc:PriceAmount>
            </cac:Price>
        </cac:RequiredItemLocationQuantity>
        <!-- end::config[] -->
        <cac:Item>
            <cbc:Description>Linux installation service.</cbc:Description>
            <cbc:Name>Installation service</cbc:Name>
            <!-- tag::config[] -->

            <!-- Code omitted for clarity -->

            <cac:SellersItemIdentification>
                <cbc:ID>6789</cbc:ID>
            </cac:SellersItemIdentification>
            <!-- end::config[] -->
            <cac:ClassifiedTaxCategory>
                <cbc:ID>S</cbc:ID>
                <cbc:Percent>8</cbc:Percent>
                <cac:TaxScheme>
                    <cbc:ID>VAT</cbc:ID>
                </cac:TaxScheme>
            </cac:ClassifiedTaxCategory>
            <!-- tag::config[] -->

            <!-- Code omitted for clarity -->

            <cac:AdditionalItemProperty>
                <cbc:Name>PartOf</cbc:Name>
                <cbc:Value>PC01</cbc:Value>
            </cac:AdditionalItemProperty>

            <!-- Code omitted for clarity -->

            <!-- end::config[] -->
            <cac:AdditionalItemProperty>
                <cbc:Name>ServiceIndicator</cbc:Name>
                <cbc:Value>true</cbc:Value>
            </cac:AdditionalItemProperty>
        </cac:Item>
    </cac:CatalogueLine>
</Catalogue>
