<?xml version="1.0" encoding="UTF-8"?>

<!--
******************************************************************************************************************

		OIOUBL Schematron

		publisher:          NemHandel / Erhvervsstyrelsen
        Repository path:    $HeadURL$
        File version:       $Revision$
        Last changed by:    $Author$
        Last changed date:  $Date$

		Description:        This document is produced as part of the OIOUBL schematron package
		Rights:             It can be used following the Common Creative Licence

		all terms derived from http://dublincore.org/documents/dcmi-terms/

		For more information, see www.oioubl.info or email support@nemhandel.dk

******************************************************************************************************************
-->

<sch:pattern xmlns:sch="http://purl.oclc.org/dsdl/schematron" name="AbstractRules2" id="abstracts2">


	<!-- ********************************************************** -->
	<!-- Revideret 20100915 af Finn Christensen.                    -->
	<!-- Notes:                                                     -->
	<!-- 1. The following codelists are NOT complete:               -->
	<!--       CountrySub                                           -->
	<!-- 2. A codevalue of 'rule' means the check is rule based     -->
	<!-- 3. A codevalue of 'xsd' means the check is done by UBL xsd -->
	<!-- ********************************************************** -->


	<!-- Codelists -->
	<sch:let name="AccountType"			value="',1,2,3,'"/>
	<sch:let name="AccountType_listID"		value="'urn:oioubl:codelist:accounttypecode-1.1'"/>
	<sch:let name="AccountType_agencyID"		value="'320'"/>

	<sch:let name="UN_AddressFormat"		value="',1,2,3,4,5,6,7,8,9,'"/>
	<sch:let name="UN_AddressFormat_listID"		value="'UN/ECE 3477'"/>
	<sch:let name="UN_AddressFormat_agencyID"	value="'6'"/>

	<sch:let name="AddressFormat"			value="',StructuredDK,StructuredID,StructuredLax,StructuredRegion,Unstructured,'"/>
	<sch:let name="AddressFormat_listID"		value="'urn:oioubl:codelist:addressformatcode-1.1'"/>
	<sch:let name="AddressFormat_agencyID"		value="'320'"/>

	<sch:let name="AddressType"			value="',Home,Business,'"/>
	<sch:let name="AddressType_listID"		value="'urn:oioubl:codelist:addresstypecode-1.1'"/>
	<sch:let name="AddressType_agencyID"		value="'320'"/>

	<sch:let name="Allowance"			value="',1,2,3,4,5,6,7,8,9,10,11,12,13,14,15,16,17,18,19,20,21,22,23,24,25,26,27,28,29,30,31,32,33,34,35,36,37,38,39,40,41,42,43,44,45,46,47,48,49,50,51,52,53,54,55,56,57,58,59,60,61,62,63,64,65,66,67,68,69,70,71,72,73,ZZZ,'"/>
	<sch:let name="Allowance_listID"		value="'UN/ECE 4465'"/>
	<sch:let name="Allowance_agencyID"		value="'6'"/>

	<sch:let name="CatDocType"			value="',Brochure,Drawing,Picture,ProductSheet,'"/>
	<sch:let name="CatDocType_listID"		value="'urn:oioubl:codelist:cataloguedocumenttypecode-1.1'"/>
	<sch:let name="CatDocType_agencyID"		value="'320'"/>

	<sch:let name="CatDocType2"			value="',Brochure,Drawing,Picture,ProductSheet,PictureURL,'"/>
	<sch:let name="CatDocType2_listID2"		value="'urn:oioubl:codelist:cataloguedocumenttypecode-1.2'"/>
	<!-- sch:let name="CatDocType2_agencyID"		value="'320'"/ -->

	<sch:let name="CatAction"			value="',Update,Delete,Add,'"/>
	<sch:let name="CatAction_listID"		value="'urn:oioubl:codelist:catalogueactioncode-1.1'"/>
	<sch:let name="CatAction_agencyID"		value="'320'"/>

    <!-- https://bugs.softwareborsen.dk/show_bug.cgi?id=1795 -->
    <!-- http://docs.oasis-open.org/ubl/os-UBL-2.1/cl/gc/default/CountryIdentificationCode-2.1.gc -->
	<sch:let name="CountryCode"			value="',AD,AE,AF,AG,AI,AL,AM,AO,AQ,AR,AS,AT,AU,AW,AX,AZ,BA,BB,BD,BE,BF,BG,BH,BI,BJ,BM,BN,BO,BQ,BR,BS,BT,BV,BW,BY,BZ,CA,CC,CD,CF,CG,CH,CI,CK,CL,CM,CN,CO,CR,CU,CV,CW,CX,CY,CZ,DE,DJ,DK,DM,DO,DZ,EC,EE,EG,EH,ER,ES,ET,FI,FJ,FK,FM,FO,FR,GA,GB,GD,GE,GF,GG,GH,GI,GL,GM,GN,GP,GQ,GR,GS,GT,GU,GW,GY,HK,HM,HN,HR,HT,HU,ID,IE,IL,IM,IN,IO,IQ,IR,IS,IT,JE,JM,JO,JP,KE,KG,KH,KI,KM,KN,KP,KR,KW,KY,KZ,LA,LB,LC,LI,LK,LR,LS,LT,LU,LV,LY,MA,MC,MD,ME,MG,MH,MK,ML,MM,MN,MO,MP,MQ,MR,MS,MT,MU,MV,MW,MX,MY,MZ,NA,NC,NE,NF,NG,NI,NL,NO,NP,NR,NU,NZ,OM,PA,PE,PF,PG,PH,PK,PL,PM,PN,PR,PS,PT,PW,PY,QA,RE,RO,RS,RU,RW,SA,SB,SC,SD,SE,SG,SH,SI,SJ,SK,SL,SM,SN,SO,SR,SS,ST,SV,SX,SY,SZ,TC,TD,TF,TG,TH,TJ,TK,TL,TM,TN,TO,TR,TT,TV,TW,TZ,UA,UG,UM,US,UY,UZ,VA,VC,VE,VG,VI,VN,VU,WF,WS,YE,YT,ZA,ZM,ZW,'"/>
	<sch:let name="CountryCode_listID"		value="'ISO3166-2'"/>
	<sch:let name="CountryCode_agencyID"		value="'6'"/>

	<sch:let name="CountrySub"			value="',DK-81,'"/>
	<sch:let name="CountrySub_listID"		value="'ISO 3166-2'"/>
	<sch:let name="CountrySub_agencyID"		value="'6'"/>

	<sch:let name="CurrencyCode"			value="',EUR,AFA,DZD,ADP,ARS,AMD,AWG,AUD,AZM,BSD,BHD,THB,PAB,BBD,BYB,BYR,BEF,BZD,BMD,VEB,BOB,BRL,BND,BGN,BIF,CAD,CVE,KYD,GHC,XOF,XAF,XPF,CLP,COP,KMF,BAM,NIO,CRC,HRK,CUP,CYP,CZK,GMD,DKK,MKD,DEM,DJF,STD,DOP,VND,GRD,XCD,EGP,SVC,ETB,FKP,FJD,HUF,CDF,FRF,GIP,HTG,PYG,GNF,GWP,GYD,HKD,UAH,ISK,INR,IRR,IQD,IEP,ITL,JMD,JOD,KES,PGK,LAK,EEK,KWD,MWK,ZMK,AOA,MMK,GEL,LVL,LBP,ALL,HNL,SLL,ROL,BGL,LRD,LYD,SZL,LTL,LSL,LUF,MGF,MYR,MTL,TMM,FIM,MUR,MZM,MXN,MXV,MDL,MAD,BOV,NGN,ERN,NAD,NPR,ANG,NLG,ILS,TWD,NZD,BTN,KPW,NOK,PEN,MRO,TOP,PKR,MOP,UYU,PHP,PTE,GBP,BWP,QAR,GTQ,ZAR,OMR,KHR,MVR,IDR,RUB,RUR,RWF,SHP,SAR,ATS,XDR,SCR,SGD,SKK,SBD,KGS,SOS,ESP,LKR,SDD,SRG,SEK,CHF,SYP,TJR,BDT,WST,TZS,KZT,TPE,SIT,TTD,MNT,TND,TRL,AED,UGX,CLF,USD,UZS,VUV,KRW,YER,JPY,CNY,YUM,ZWD,PLN,AFA,DZD,ADP,ARS,AMD,AWG,AUD,AZM,BSD,BHD,THB,PAB,BBD,BYB,BYR,BEF,BZD,BMD,VEB,BOB,BRL,BND,BGN,'"/>
	<sch:let name="CurrencyCode_listID"		value="'ISO 4217 Alpha'"/>
	<sch:let name="CurrencyCode_agencyID"		value="'6'"/>

	<sch:let name="Discrepancy"			value="',Billing1,Billing2,Billing3,Condition1,Condition2,Condition3,Condition4,Condition5,Condition6,Delivery1,Delivery2,Delivery3,Quality1,Quality2,ZZZ,'"/>
	<sch:let name="Discrepancy_listID"		value="'urn:oioubl:codelist:discrepancyresponsecode-1.1'"/>
	<sch:let name="Discrepancy_agencyID"		value="'320'"/>

	<sch:let name="DocTypeCode"			value="'rule'"/>
	<sch:let name="DocTypeCode_listID"		value="'UN/ECE 1001'"/>
	<sch:let name="DocTypeCode_agencyID"		value="'6'"/>

	<sch:let name="InvTypeCode"			value="',325,380,393,'"/>
	<sch:let name="InvTypeCode_listID"		value="'urn:oioubl:codelist:invoicetypecode-1.1'"/>
	<sch:let name="InvTypeCode_agencyID"		value="'320'"/>

	<sch:let name="InvTypeCode2"			value="',325,380,390,393,'"/>
	<sch:let name="InvTypeCode2_listID"		value="'urn:oioubl:codelist:invoicetypecode-1.2'"/>
	<!-- sch:let name="InvTypeCode2_agencyID"		value="'320'"/ -->

	<sch:let name="UNSPSC"				value="'rule'"/>
	<sch:let name="UNSPSC_listID"			value="'UNSPSC'"/>
	<sch:let name="UNSPSC_agencyID"			value="'113'"/>

	<sch:let name="LifeCycle"			value="',Available,DeletedAnnouncement,ItemDeleted,NewAnnouncement,NewAvailable,ItemTemporarilyUnavailable,'"/>
	<sch:let name="LifeCycle_listID"		value="'urn:oioubl:codelist:lifecyclestatuscode-1.1'"/>
	<sch:let name="LifeCycle_agencyID"		value="'320'"/>

	<sch:let name="LineResponse"			value="',BusinessAccept,BusinessReject,'"/>
	<sch:let name="LineResponse_listID"		value="'urn:oioubl:codelist:lineresponsecode-1.1'"/>
	<sch:let name="LineResponse_agencyID"		value="'320'"/>

	<sch:let name="LineStatus"			value="',Added,Cancelled,Disputed,NoStatus,Revised,'"/>
	<sch:let name="LineStatus_listID"		value="'urn:oioubl:codelist:linestatuscode-1.1'"/>
	<sch:let name="LineStatus_agencyID"		value="'320'"/>

	<sch:let name="LossRisk"			value="',FOB,'"/>
	<sch:let name="LossRisk_listID"			value="'urn:oioubl:codelist:lossriskresponsibilitycode-1.1'"/>
	<sch:let name="LossRisk_agencyID"		value="'320'"/>

	<sch:let name="PaymentChannel"			value="',BBAN,DK:BANK,DK:FIK,DK:GIRO,DK:NEMKONTO,FI:BANK,FI:GIRO,GB:BACS,GB:BANK,GB:GIRO,IBAN,IS:BANK,IS:GIRO,IS:IK66,IS:RB,NO:BANK,SE:BANKGIRO,SE:PLUSGIRO,SWIFTUS,ZZZ,'"/>
	<sch:let name="PaymentChannel_listID"		value="'urn:oioubl:codelist:paymentchannelcode-1.1'"/>
	<sch:let name="PaymentChannel_agencyID"		value="'320'"/>

	<sch:let name="PriceType"			value="',AAA,AAB,AAC,AAD,AAE,AAF,AAG,AAH,AAI,AAJ,AAK,AAL,AAM,AAN,AAO,AAP,AAQ,AAR,AAS,AAT,AAU,AAV,AAW,AAX,AAY,AAZ,ABA,ABB,ABC,ABD,ABE,ABF,ABG,ABH,ABI,ABJ,ABK,ABL,ABM,ABN,ABO,ABP,ABQ,ABR,ABS,ABT,ABU,ABV,AI,ALT,AP,BR,CAT,CDV,CON,CP,CU,CUP,CUS,DAP,DIS,DPR,DR,DSC,EC,ES,EUP,FCR,GRP,INV,LBL,MAX,MIN,MNR,MSR,MXR,NE,NQT,NTP,NW,OCR,OFR,PAQ,PBQ,PPD,PPR,PRO,PRP,PW,QTE,RES,RTP,SHD,SRP,SW,TB,TRF,TU,TW,WH,'"/>
	<sch:let name="PriceType_listID"		value="'UN/ECE 5387'"/>
	<sch:let name="PriceType_agencyID"		value="'6'"/>

	<sch:let name="PriceListStat"			value="',Original,Copy,Revision,Cancellation,'"/>
	<!-- [Release 20111201] Correction to codelist added according to issue: http://bugs.softwareborsen.dk/show_bug.cgi?id=698 -->
	<sch:let name="PriceListStat_listID"		value="'urn:oioubl.codelist:priceliststatuscode-1.1,urn:oioubl:codelist:priceliststatuscode-1.1'"/>
	<sch:let name="PriceListStat_agencyID"		value="'320'"/>

	<sch:let name="RemType"				value="',Reminder,Advis,'"/>
	<!-- [Release 20111201] Correction to codelist added according to issue: http://bugs.softwareborsen.dk/show_bug.cgi?id=662 -->
	<sch:let name="RemType_listID"			value="',urn:oioubl.codelist:remindertypecode-1.1,urn:oioubl:codelist:remindertypecode-1.1,'"/>
	<sch:let name="RemType_agencyID"		value="'320'"/>

	<sch:let name="RemAlc"				value="',PenaltyFee,PenaltyRate,'"/>
	<sch:let name="RemAlc_listID"			value="'urn:oioubl:codelist:reminderallowancechargereasoncode-1.0'"/>
	<sch:let name="RemAlc_agencyID"			value="'320'"/>

	<sch:let name="Response"			value="',BusinessAccept,BusinessReject,ProfileAccept,ProfileReject,TechnicalAccept,TechnicalReject,'"/>
	<sch:let name="Response_listID"			value="'urn:oioubl:codelist:responsecode-1.1'"/>
	<sch:let name="Response_agencyID"		value="'320'"/>

	<sch:let name="ResponseDocType"			value="',ApplicationResponse,Catalogue,CatalogueDeletion,CatalogueItemSpecificationUpdate,CatalogueItemUpdate,CataloguePricingUpdate,CataloguePriceUpdate,CatalogueRequest,CreditNote,Invoice,Order,OrderCancellation,OrderChange,OrderResponse,OrderResponseSimple,Reminder,Statement,Payment,PersonalSecure,ZZZ,'"/>
	<sch:let name="ResponseDocType_listID"		value="'urn:oioubl:codelist:responsedocumenttypecode-1.1'"/>
	<sch:let name="ResponseDocType_agencyID"	value="'320'"/>

	<sch:let name="ResponseDocType2"		value="',ApplicationResponse,Catalogue,CatalogueDeletion,CatalogueItemSpecificationUpdate,CatalogueItemUpdate,CataloguePricingUpdate,CataloguePriceUpdate,CatalogueRequest,CreditNote,Invoice,Order,OrderCancellation,OrderChange,OrderResponse,OrderResponseSimple,Reminder,Statement,Payment,UtilityStatement,PersonalSecure,ZZZ,'"/>
	<sch:let name="ResponseDocType2_listID"		value="'urn:oioubl:codelist:responsedocumenttypecode-1.2'"/>
	<sch:let name="ResponseDocType2_agencyID"	value="'320'"/>

	<sch:let name="SubStatus"			value="',DeliveryDateChanged,DeliveryDateNotPossible,DeliveryPartyUnknown,ItemDeleted,ItemNotFound,ItemNotInAssortment,ItemReplaced,ItemTemporarilyUnavailable,NewAnnouncement,OrderedQuantityChanged,OrderLineRejected,Original,SeasonalItemUnavailable,Substitution,'"/>
	<sch:let name="SubStatus_listID"		value="'urn:oioubl:codelist:substitutionstatuscode-1.1'"/>
	<sch:let name="SubStatus_agencyID"		value="'320'"/>

	<sch:let name="TaxExemption"			value="',AAA,AAB,AAC,AAE,AAF,AAG,AAH,AAI,AAJ,AAK,AAL,AAM,AAN,AAO,'"/>
	<sch:let name="TaxExemption_listID"		value="'CWA 15577'"/>
	<sch:let name="TaxExemption_agencyID"		value="'CEN'"/>

	<sch:let name="TaxType"				value="',StandardRated,ZeroRated,'"/>
	<sch:let name="TaxType_listID"			value="'urn:oioubl:codelist:taxtypecode-1.1'"/>
	<sch:let name="TaxType_agencyID"		value="'320'"/>

	<sch:let name="TaxType2"				value="',StandardRated,ZeroRated,ReverseCharge,'"/>
	<sch:let name="TaxType_listID2"			value="'urn:oioubl:codelist:taxtypecode-1.2'"/>
	<!--sch:let name="TaxType_agencyID"		value="'320'"/ -->

	<sch:let name="UnitMeasure"			value="'xsd'"/>
	<sch:let name="UnitMeasure_listID"		value="'UN/ECE rec 20'"/>
	<sch:let name="UnitMeasure_agencyID"		value="'6'"/>

	<sch:let name="UtilityStatType"			value="',MultiSettlement,Internet,Television,Fibernet,Lighting,OutdoorLighting,Cooling,DistantCooling,ChimneySweep,Antenna,Drain,Waste,Sewage,WasteWater,Water,Heating,DistrictHeating,Electricity,Tele,TeleExtended,Gas,Oil,Goods,Sprinkler,Assorted,'"/>
	<sch:let name="UtilityStatType_listID"		value="'urn:oioubl:codelist:utilitystatementtypecode-1.0'"/>
	<sch:let name="UtilityStatType_agencyID"	value="'320'"/>

	<sch:let name="UtilityPrivacyCode"		value="',CompanyLevel,UserLevel,NotRelevant,'"/>
	<sch:let name="UtilityPrivacyCode_listID"	value="'urn:oioubl:codelist:privacycode-1.0'"/>
	<sch:let name="UtilityPrivacyCode_agencyID"	value="'320'"/>

	<sch:let name="UtilityTeleCatCode"		value="',Subscription,OneTime,Consumption,Service900,SpecialServices,Assorted,'"/>
	<sch:let name="UtilityTeleCatCode_listID"	value="'urn:oioubl:codelist:telecategorycode-1.0'"/>
	<sch:let name="UtilityTeleCatCode_agencyID"	value="'320'"/>

	<sch:let name="UtilityTeleSupTypeCode"		value="',Tele,Internet,Television,Assorted,'"/>
	<sch:let name="UtilityTeleSupTypeCode_listID"	value="'urn:oioubl:codelist:telecommunicationssupplytypecode-1.0'"/>
	<sch:let name="UtilityTeleSupTypeCode_agencyID"	value="'320'"/>

	<sch:let name="UtilityTeleCallCode"		value="',CallAttempt,Freephone,SwitchedCall,ZoneCall,ServiceNumber,Services,Streaming,Roaming,TastSelv,Data,Mobile,WiredPhone,FAX,SMS,MMS,WAP,GPRS,Assorted,'"/>
	<sch:let name="UtilityTeleCallCode_listID"	value="'urn:oioubl:codelist:telecallcode-1.0'"/>
	<sch:let name="UtilityTeleCallCode_agencyID"	value="'320'"/>

	<sch:let name="UtilityDutyCode"			value="',CallAttempt,ConnectionFee,InternationalConnection,Freephone,ZoneCall,Roaming,Donation,Service900,SpecialServices,ServiceNumber,Services,TastSelv,Switched,Routed,ConsumptionFee,ConsumptionInternational,ConsumptionSpecialRate,Streaming,Charge,Discount,Assorted,'"/>
	<sch:let name="UtilityDutyCode_listID"		value="'urn:oioubl:codelist:dutycode-1.0'"/>
	<sch:let name="UtilityDutyCode_agencyID"	value="'320'"/>

	<sch:let name="UtilitySpecTypeCode"		value="',Onaccount,YearlyStatement,FinalSettlement,Statement,MonthlyStatement,QuarterlyStatement,SixMonthStatement,CurrentStatement,RelocationSettlement,ExtraordinaryStatement,Regulation,Cancellation,Assorted,'"/>
	<sch:let name="UtilitySpecTypeCode_listID"	value="'urn:oioubl:codelist:specificationtypecode-1.0'"/>
	<sch:let name="UtilitySpecTypeCode_agencyID"	value="'320'"/>

	<sch:let name="UtilitySubIDTypeCode"		value="',APL,DPA,DSH,DX,ERH,FKR,FLX,FRS,IP,ISP,IWA,KPM,KT1,KT2,KT3,MOB,NAV,PBS,SIK,SUS,TIP,TKA,TLF,VAG,VSS,GSM,CDA,PBX,ISP,ZZZ,'"/>
	<sch:let name="UtilitySubIDTypeCode_listID"	value="'urn:oioubl:codelist:subscriberidtypecode-1.0'"/>
	<sch:let name="UtilitySubIDTypeCode_agencyID"	value="'320'"/>

	<sch:let name="UtilityMeterConCode"		value="',Factor,'"/>
	<sch:let name="UtilityMeterConCode_listID"	value="'urn:oioubl:codelist:meterconstantcode-1.0'"/>
	<sch:let name="UtilityMeterConCode_agencyID"	value="'320'"/>

	<sch:let name="UtilityReaMetCode"		value="',Remote,ReadByInspector,Card,SMS,PDA,VoiceResponse,WEB,Estimated,EstimatedAutomatic,EstimatedOfficer,EstimatedAfterError,Reset,PieceCount,HourlyAmount,Manual,CustomerService,Calculated,Unknown,'"/>
	<sch:let name="UtilityReaMetCode_listID"	value="'urn:oioubl:codelist:meterreadingmethodcode-1.0'"/>
	<sch:let name="UtilityReaMetCode_agencyID"	value="'320'"/>

	<sch:let name="UtilityMRTypeCode"		value="',Electricity,Water,Heating,Gas,Oil,Sewage,WasteWater,RefuseDisposal,DistantCooling,Assorted,'"/>
	<sch:let name="UtilityMRTypeCode_listID"	value="'urn:oioubl:codelist:meterreadingtypecode-1.0'"/>
	<sch:let name="UtilityMRTypeCode_agencyID"	value="'320'"/>

	<sch:let name="UtilityConTypeCode"		value="',Subscription,Consumption,Service900,SpecialServices,Assorted,'"/>
	<sch:let name="UtilityConTypeCode_listID"	value="'urn:oioubl:codelist:consumptiontypecode-1.0'"/>
	<sch:let name="UtilityConTypeCode_agencyID"	value="'320'"/>

	<sch:let name="UtilityCELCode"			value="',A,B,C,D,E,F,G,'"/>
	<sch:let name="UtilityCELCode_listID"		value="'urn:oioubl:codelist:consumersenergylevelcode-1.0'"/>
	<sch:let name="UtilityCELCode_agencyID"		value="'320'"/>

	<sch:let name="UtilityResTypeCode"		value="',House,Apartment,IndustriProperty,Assorted,'"/>
	<sch:let name="UtilityResTypeCode_listID"	value="'urn:oioubl:codelist:residencetypecode-1.0'"/>
	<sch:let name="UtilityResTypeCode_agencyID"	value="'320'"/>

	<sch:let name="UtilityHeaTypeCode"		value="',Electricity,Gas,Oil,Coal,DistrictHeating,DistantCooling,SolarEnergy,WindEnergy,Wood,GeothermalHeat,Assorted,'"/>
	<sch:let name="UtilityHeaTypeCode_listID"	value="'urn:oioubl:codelist:heatingtypecode-1.0'"/>
	<sch:let name="UtilityHeaTypeCode_agencyID"	value="'320'"/>

	<sch:let name="UtilityCorTypeCode"		value="',HeatingCorrection,GasCorrection,OtherCorrection,'"/>
	<sch:let name="UtilityCorTypeCode_listID"	value="'urn:oioubl:codelist:correctiontypecode-1.0'"/>
	<sch:let name="UtilityCorTypeCode_agencyID"	value="'320'"/>

	<sch:let name="UtilityCCTypeCode"		value="',SubcriptionType1,SubcriptionType2,SubcriptionType3,ShortTermSubscription,ServiceSubscription,24HourServiceType1,24HourServiceType2,BasicService,3HourService,DeliveryService,CallInServiceType1,CallInServiceType2,RentalType1,RentalType2,Leasing,TeleTime,Attempt,Discount,EmployeeInternet,SalesSector,Sales,Administration,ShopService,Assorted,'"/>
	<sch:let name="UtilityCCTypeCode_listID"	value="'urn:oioubl:codelist:currentchargetypecode-1.0'"/>
	<sch:let name="UtilityCCTypeCode_agencyID"	value="'320'"/>

	<sch:let name="UtilityOTCTypeCode"		value="',InstallationCharge,ReInstallationCharge,Opening,ReOpening,Assumption,Installation,Connection,Change,NumberChange,Conversion,BuyBack,Reception,Relocation,Upgrade,Repair,Debugging,Compensation,MinConsumption,Charge,Discount,ServiceInformation,SpecialService,Blocking,Termination,Sealing,GoodsPayment,Assorted,'"/>
	<sch:let name="UtilityOTCTypeCode_listID"	value="'urn:oioubl:codelist:onetimechargetypecode-1.0'"/>
	<sch:let name="UtilityOTCTypeCode_agencyID"	value="'320'"/>





	<!-- IDs -->
	<sch:let name="Delivery_1"			value="',EXW,FCA,FAS,FOB,CFR,CIF,CPT,CIP,DAF,DES,DEQ,DDU,DDP,'"/>
	<sch:let name="Delivery_1_schemeID"		value="'INCOTERMS 2000'"/>
	<sch:let name="Delivery_1_agencyID"		value="'NES'"/>

	<sch:let name="Delivery_2"			value="',001 EXW,002 FCA,003 FAS,004 FOB,005 FCA,006 CPT,007 CIP,008 CFR,009 CIF,010 CPT,011 CIP,012 CPT,013 CIP,014 CPT,015 CIP,016 DES,017 DRQ,018 DAF,019 DDU,021 DDP,022 DDU,023 DDP,'"/>
	<sch:let name="Delivery_2_schemeID"		value="'COMBITERMS 2000'"/>
	<sch:let name="Delivery_2_agencyID"		value="'NES'"/>

	<sch:let name="Dimension"			value="',A,AAA,AAB,AAC,AAD,AAE,AAF,AAJ,AAK,AAL,AAM,AAN,AAO,AAP,AAQ,AAR,AAS,AAT,AAU,AAV,AAW,AAX,AAY,AAZ,ABA,ABB,ABC,ABD,ABE,ABJ,ABS,ABX,ABY,ABZ,ACA,ACE,ACG,ACN,ACP,ACS,ACV,ACW,ACX,ADR,ADS,ADT,ADU,ADV,ADW,ADX,ADY,ADZ,AEA,AEB,AEC,AED,AEE,AEF,AEG,AEH,AEI,AEJ,AEK,AEM,AEN,AEO,AEP,AEQ,AER,AET,AEU,AEV,AEW,AEX,AEY,AEZ,AF,AFA,AFB,AFC,AFD,AFE,AFF,AFG,AFH,AFI,AFJ,AFK,B,BL,BMY,BMZ,BNA,BNB,BNC,BND,BNE,BNF,BNG,BNH,BNI,BNJ,BNK,BNL,BNM,BNN,BNO,BNP,BNQ,BNR,BNS,BNT,BR,BRA,BRE,BS,BSW,BW,CHN,CM,CT,CV,CZ,D,DI,DL,DN,DP,DR,DS,DW,E,EA,F,FI,FL,FN,FV,G,GG,GW,HF,HM,HT,IB,ID,L,LM,LN,LND,M,MO,MW,N,OD,PRS,PTN,RA,RF,RJ,RMW,RP,RUN,RY,SQ,T,TC,TH,TN,TT,U,VH,VW,WA,WD,WM,WT,WU,XH,XQ,XZ,YS,ZAL,ZAS,ZB,ZBI,ZC,ZCA,ZCB,ZCE,ZCL,ZCO,ZCR,ZCU,ZFE,ZFS,ZGE,ZH,ZK,ZMG,ZMN,ZMO,ZN,ZNA,ZNB,ZNI,ZO,ZP,ZPB,ZS,ZSB,ZSE,ZSI,ZSL,ZSN,ZTA,ZTE,ZTI,ZV,ZW,ZWA,ZZN,ZZR,ZZZ,'"/>
	<sch:let name="Dimension_schemeID"		value="'UN/ECE 6313'"/>
	<sch:let name="Dimension_agencyID"		value="'6'"/>

	<sch:let name="BIC"				value="'rule'"/>
	<sch:let name="BIC_schemeID"			value="'BIC'"/>
	<sch:let name="BIC_agencyID"			value="'17'"/>

	<sch:let name="IBAN"				value="'rule'"/>
	<sch:let name="IBAN_schemeID"			value="'IBAN'"/>
	<sch:let name="IBAN_agencyID"			value="'17'"/>

	<sch:let name="LocID"				value="'rule'"/>
	<sch:let name="LocID_schemeID"			value="'UN/ECE rec 16'"/>
	<sch:let name="LocID_agencyID"			value="'6'"/>

	<sch:let name="PaymentID"			value="',01,04,15,71,73,75,'"/>
	<sch:let name="PaymentID_schemeID"		value="'urn:oioubl:id:paymentid-1.1'"/>
	<sch:let name="PaymentID_agencyID"		value="'320'"/>

	<sch:let name="Profile1"			value="',NONE,Procurement-BilSim-1.0,Procurement-BilSimR-1.0,Procurement-PayBas-1.0,Procurement-PayBasR-1.0,Procurement-OrdSim-BilSim-1.0,Procurement-OrdSimR-BilSim-1.0,Procurement-OrdSim-BilSimR-1.0,Procurement-OrdSimR-BilSimR-1.0,Procurement-OrdAdv-BilSim-1.0,Procurement-OrdAdv-BilSimR-1.0,Procurement-OrdAdvR-BilSim-1.0,Procurement-OrdAdvR-BilSimR-1.0,Procurement-OrdSel-BilSim-1.0,Procurement-OrdSel-BilSimR-1.0,Catalogue-CatBas-1.0,Catalogue-CatBasR-1.0,Catalogue-CatSim-1.0,Catalogue-CatSimR-1.0,Catalogue-CatExt-1.0,Catalogue-CatExtR-1.0,Catalogue-CatAdv-1.0,Catalogue-CatAdvR-1.0,urn:www.nesubl.eu:profiles:profile1:ver1.0,urn:www.nesubl.eu:profiles:profile2:ver1.0,urn:www.nesubl.eu:profiles:profile5:ver1.0,urn:www.nesubl.eu:profiles:profile7:ver1.0,urn:www.nesubl.eu:profiles:profile8:ver1.0,'"/>
	<sch:let name="Profile1_schemeID"		value="'urn:oioubl:id:profileid-1.1'"/>
	<sch:let name="Profile1_agencyID"		value="'320'"/>

	<sch:let name="Profile2"			value="',NONE,Procurement-BilSim-1.0,Procurement-BilSimR-1.0,Procurement-PayBas-1.0,Procurement-PayBasR-1.0,Procurement-OrdSim-BilSim-1.0,Procurement-OrdSimR-BilSim-1.0,Procurement-OrdSim-BilSimR-1.0,Procurement-OrdSimR-BilSimR-1.0,Procurement-OrdAdv-BilSim-1.0,Procurement-OrdAdv-BilSimR-1.0,Procurement-OrdAdvR-BilSim-1.0,Procurement-OrdAdvR-BilSimR-1.0,Procurement-OrdSel-BilSim-1.0,Procurement-OrdSel-BilSimR-1.0,Catalogue-CatBas-1.0,Catalogue-CatBasR-1.0,Catalogue-CatSim-1.0,Catalogue-CatSimR-1.0,Catalogue-CatExt-1.0,Catalogue-CatExtR-1.0,Catalogue-CatAdv-1.0,Catalogue-CatAdvR-1.0,urn:www.nesubl.eu:profiles:profile1:ver1.0,urn:www.nesubl.eu:profiles:profile2:ver1.0,urn:www.nesubl.eu:profiles:profile5:ver1.0,urn:www.nesubl.eu:profiles:profile7:ver1.0,urn:www.nesubl.eu:profiles:profile8:ver1.0,urn:www.nesubl.eu:profiles:profile1:ver2.0,urn:www.nesubl.eu:profiles:profile2:ver2.0,urn:www.nesubl.eu:profiles:profile5:ver2.0,urn:www.nesubl.eu:profiles:profile7:ver2.0,urn:www.nesubl.eu:profiles:profile8:ver2.0,'"/>
	<sch:let name="Profile2_schemeID"		value="'urn:oioubl:id:profileid-1.2'"/>
	<!-- sch:let name="Profile2_agencyID"		value="'320'"/ -->

	<sch:let name="Profile3"			value="',NONE,Procurement-BilSim-1.0,Procurement-BilSimR-1.0,Procurement-PayBas-1.0,Procurement-PayBasR-1.0,Procurement-OrdSim-BilSim-1.0,Procurement-OrdSimR-BilSim-1.0,Procurement-OrdSim-BilSimR-1.0,Procurement-OrdSimR-BilSimR-1.0,Procurement-OrdAdv-BilSim-1.0,Procurement-OrdAdv-BilSimR-1.0,Procurement-OrdAdvR-BilSim-1.0,Procurement-OrdAdvR-BilSimR-1.0,Procurement-OrdSel-BilSim-1.0,Procurement-OrdSel-BilSimR-1.0,Catalogue-CatBas-1.0,Catalogue-CatBasR-1.0,Catalogue-CatSim-1.0,Catalogue-CatSimR-1.0,Catalogue-CatExt-1.0,Catalogue-CatExtR-1.0,Catalogue-CatAdv-1.0,Catalogue-CatAdvR-1.0,urn:www.nesubl.eu:profiles:profile1:ver1.0,urn:www.nesubl.eu:profiles:profile2:ver1.0,urn:www.nesubl.eu:profiles:profile5:ver1.0,urn:www.nesubl.eu:profiles:profile7:ver1.0,urn:www.nesubl.eu:profiles:profile8:ver1.0,urn:www.nesubl.eu:profiles:profile1:ver2.0,urn:www.nesubl.eu:profiles:profile2:ver2.0,urn:www.nesubl.eu:profiles:profile5:ver2.0,urn:www.nesubl.eu:profiles:profile7:ver2.0,urn:www.nesubl.eu:profiles:profile8:ver2.0,Reference-Utility-1.0,Reference-UtilityR-1.0,'"/>
	<sch:let name="Profile3_schemeID"		value="'urn:oioubl:id:profileid-1.3'"/>
	<!-- sch:let name="Profile3_agencyID"		value="'320'"/ -->

    <!-- [Release 20140915] Added new profile according to issue: https://bugs.softwareborsen.dk/show_bug.cgi?id=1364,  -->
    <!-- [Release 20140915] Added new profile according to issue: https://bugs.softwareborsen.dk/show_bug.cgi?id=1412,  -->
    <sch:let name="Profile4"			value="',NONE,Procurement-BilSim-1.0,Procurement-BilSimR-1.0,Procurement-PayBas-1.0,Procurement-PayBasR-1.0,Procurement-OrdSim-1.0,Procurement-OrdSimR-1.0,Procurement-OrdSim-BilSim-1.0,Procurement-OrdSimR-BilSim-1.0,Procurement-OrdSim-BilSimR-1.0,Procurement-OrdSimR-BilSimR-1.0,Procurement-OrdAdv-BilSim-1.0,Procurement-OrdAdv-BilSimR-1.0,Procurement-OrdAdvR-BilSim-1.0,Procurement-OrdAdvR-BilSimR-1.0,Procurement-OrdSel-BilSim-1.0,Procurement-OrdSel-BilSimR-1.0,Catalogue-CatBas-1.0,Catalogue-CatBasR-1.0,Catalogue-CatSim-1.0,Catalogue-CatSimR-1.0,Catalogue-CatExt-1.0,Catalogue-CatExtR-1.0,Catalogue-CatAdv-1.0,Catalogue-CatAdvR-1.0,urn:www.nesubl.eu:profiles:profile1:ver1.0,urn:www.nesubl.eu:profiles:profile2:ver1.0,urn:www.nesubl.eu:profiles:profile5:ver1.0,urn:www.nesubl.eu:profiles:profile7:ver1.0,urn:www.nesubl.eu:profiles:profile8:ver1.0,urn:www.nesubl.eu:profiles:profile1:ver2.0,urn:www.nesubl.eu:profiles:profile2:ver2.0,urn:www.nesubl.eu:profiles:profile3:ver2.0,urn:www.nesubl.eu:profiles:profile5:ver2.0,urn:www.nesubl.eu:profiles:profile7:ver2.0,urn:www.nesubl.eu:profiles:profile8:ver2.0,Reference-Utility-1.0,Reference-UtilityR-1.0,urn:www.cenbii.eu:profile:bii30:ver2.0,Procurement-TecRes-1.0,Catalogue-CatPriUpd-1.0,Catalogue-CatPriUpdR-1.0,'"/>
	<sch:let name="Profile4_schemeID"		value="'urn:oioubl:id:profileid-1.4'"/>

    <!-- [Release 20150915] Added new profile according to issue: https://bugs.softwareborsen.dk/show_bug.cgi?id=1495  -->
    <sch:let name="Profile5"			value="',NONE,Procurement-BilSim-1.0,Procurement-BilSimR-1.0,Procurement-PayBas-1.0,Procurement-PayBasR-1.0,Procurement-OrdSim-1.0,Procurement-OrdSimR-1.0,Procurement-OrdSim-BilSim-1.0,Procurement-OrdSimR-BilSim-1.0,Procurement-OrdSim-BilSimR-1.0,Procurement-OrdSimR-BilSimR-1.0,Procurement-OrdAdv-BilSim-1.0,Procurement-OrdAdv-BilSimR-1.0,Procurement-OrdAdvR-BilSim-1.0,Procurement-OrdAdvR-BilSimR-1.0,Procurement-OrdSel-BilSim-1.0,Procurement-OrdSel-BilSimR-1.0,Catalogue-CatBas-1.0,Catalogue-CatBasR-1.0,Catalogue-CatSim-1.0,Catalogue-CatSimR-1.0,Catalogue-CatExt-1.0,Catalogue-CatExtR-1.0,Catalogue-CatAdv-1.0,Catalogue-CatAdvR-1.0,urn:www.nesubl.eu:profiles:profile1:ver1.0,urn:www.nesubl.eu:profiles:profile2:ver1.0,urn:www.nesubl.eu:profiles:profile5:ver1.0,urn:www.nesubl.eu:profiles:profile7:ver1.0,urn:www.nesubl.eu:profiles:profile8:ver1.0,urn:www.nesubl.eu:profiles:profile1:ver2.0,urn:www.nesubl.eu:profiles:profile2:ver2.0,urn:www.nesubl.eu:profiles:profile3:ver2.0,urn:www.nesubl.eu:profiles:profile5:ver2.0,urn:www.nesubl.eu:profiles:profile7:ver2.0,urn:www.nesubl.eu:profiles:profile8:ver2.0,Reference-Utility-1.0,Reference-UtilityR-1.0,urn:www.cenbii.eu:profile:bii30:ver2.0,Procurement-TecRes-1.0,Catalogue-CatPriUpd-1.0,Catalogue-CatPriUpdR-1.0,Procurement-OrdRes-1.0,'"/>
    <sch:let name="Profile5_schemeID"		value="'urn:oioubl:id:profileid-1.5'"/>

    <!-- [Release 20180915] Added new profile according to issue: https://bugs.softwareborsen.dk/show_bug.cgi?id=2040  -->
    <sch:let name="Profile6"			value="',NONE,Procurement-BilSim-1.0,Procurement-BilSimR-1.0,Procurement-PayBas-1.0,Procurement-PayBasR-1.0,Procurement-OrdSim-1.0,Procurement-OrdSimR-1.0,Procurement-OrdSim-BilSim-1.0,Procurement-OrdSimR-BilSim-1.0,Procurement-OrdSim-BilSimR-1.0,Procurement-OrdSimR-BilSimR-1.0,Procurement-OrdAdv-BilSim-1.0,Procurement-OrdAdv-BilSimR-1.0,Procurement-OrdAdvR-BilSim-1.0,Procurement-OrdAdvR-BilSimR-1.0,Procurement-OrdSel-BilSim-1.0,Procurement-OrdSel-BilSimR-1.0,Catalogue-CatBas-1.0,Catalogue-CatBasR-1.0,Catalogue-CatSim-1.0,Catalogue-CatSimR-1.0,Catalogue-CatExt-1.0,Catalogue-CatExtR-1.0,Catalogue-CatAdv-1.0,Catalogue-CatAdvR-1.0,urn:www.nesubl.eu:profiles:profile1:ver1.0,urn:www.nesubl.eu:profiles:profile2:ver1.0,urn:www.nesubl.eu:profiles:profile5:ver1.0,urn:www.nesubl.eu:profiles:profile7:ver1.0,urn:www.nesubl.eu:profiles:profile8:ver1.0,urn:www.nesubl.eu:profiles:profile1:ver2.0,urn:www.nesubl.eu:profiles:profile2:ver2.0,urn:www.nesubl.eu:profiles:profile3:ver2.0,urn:www.nesubl.eu:profiles:profile5:ver2.0,urn:www.nesubl.eu:profiles:profile7:ver2.0,urn:www.nesubl.eu:profiles:profile8:ver2.0,Reference-Utility-1.0,Reference-UtilityR-1.0,urn:www.cenbii.eu:profile:bii30:ver2.0,Procurement-TecRes-1.0,Catalogue-CatPriUpd-1.0,Catalogue-CatPriUpdR-1.0,Procurement-OrdRes-1.0,Procurement-BilSimReminderOnly-1.0,'"/>
    <sch:let name="Profile6_schemeID"		value="'urn:oioubl:id:profileid-1.6'"/>

  <!-- Contries that are part o SEPA, and therefore can use IBAN only -->
  <sch:let name="IbanOnly"			value="',AT,BE,CY,EE,FI,FR,DE,GR,IE,IT,LV,LT,LU,MT,NL,PT,SK,SI,ES,BG,HR,CZ,DK,HU,PL,RO,SE,GB,IS,LI,NO,MC,SM,CH,'"/>

	<sch:let name="TaxCategory1"			value="',ZeroRated,StandardRated,ReverseCharge,Excise,3010,3020,3021,3022,3023,3024,3025,3030,3040,3041,3048,3049,3050,3051,3052,3053,3054,3055,3056,3057,3058,3059,3060,3061,3062,3063,3064,3065,3066,3067,3068,3070,3071,3072,3073,3075,3080,3081,3082,3083,3084,3085,3086,3090,3091,3092,3093,3094,3095,3096,3100,3101,3102,3120,3121,3122,3123,3130,3140,3141,3160,3161,3162,3163,3170,3171,3240,3241,3242,3245,3246,3247,3250,3251,3260,3271,3272,3273,3276,3277,3280,3281,3282,3283,3290,3291,3292,3293,3294,3295,3296,3297,3300,3301,3302,3303,3304,3305,3310,3311,3320,3321,3330,3331,3340,3341,3350,3351,3360,3370,3380,3400,3403,3404,3405,3406,3410,3420,3430,3440,3441,3451,3452,3453,3500,3501,3502,3503,3600,3620,3621,3622,3623,3624,3630,3631,3632,3633,3634,3635,3636,3637,3638,3640,3641,3645,3650,3660,3661,3670,3671,'"/>
	<sch:let name="TaxCategory1_schemeID"		value="'urn:oioubl:id:taxcategoryid-1.1'"/>
	<sch:let name="TaxCategory1_agencyID"		value="'320'"/>

	<!-- [Release 20111201] Added new codes (3077, 310301, 310302, 310303, 310304, 310305, 310306, 310307, 3104) according to issue: http://bugs.softwareborsen.dk/show_bug.cgi?id=809 -->
	<sch:let name="TaxCategory2"			value="',ZeroRated,StandardRated,ReverseCharge,Excise,3010,3020,3021,3022,3023,3024,3025,3030,3040,3041,3048,3049,3050,3051,3052,3053,3054,3055,3056,3057,3058,3059,3060,3061,3062,3063,3064,3065,3066,3067,3068,3070,3071,3072,3073,3075,3077,3080,3081,3082,3083,3084,3085,3086,3090,3091,3092,3093,3094,3095,3096,3100,3101,3102,3104,3120,3121,3122,3123,3130,3140,3141,3160,3161,3162,3163,3170,3171,3240,3241,3242,3245,3246,3247,3250,3251,3260,3271,3272,3273,3276,3277,3280,3281,3282,3283,3290,3291,3292,3293,3294,3295,3296,3297,3300,3301,3302,3303,3304,3305,3310,3311,3320,3321,3330,3331,3340,3341,3350,3351,3360,3370,3380,3400,3403,3404,3405,3406,3410,3420,3430,3440,3441,3451,3452,3453,3500,3501,3502,3503,3600,3620,3621,3622,3623,3624,3630,3631,3632,3633,3634,3635,3636,3637,3638,3640,3641,3645,3650,3660,3661,3670,3671,310301,310302,310303,310304,310305,310306,310307,'"/>
	<!-- [Release 20120315] Added new schemeID according to issue: https://bugs.softwareborsen.dk/show_bug.cgi?id=841 -->
	<sch:let name="TaxCategory2_schemeID"		value="'urn:oioubl:id:taxcategoryid-1.2'"/>
	<sch:let name="TaxCategory2_agencyID"		value="'320'"/>

	<!-- [Release 20170915] https://bugs.softwareborsen.dk/show_bug.cgi?id=1834 -->
	<sch:let name="TaxCategory3"           value="',ZeroRated,StandardRated,ReverseCharge,Excise,3010,3020,3021,3022,3023,3024,3025,3030,3031,3032,3033,3034,3040,3041,3048,3049,3050,3051,3052,3053,3054,3055,3056,3057,3058,3059,3060,3061,3062,3063,3064,3065,3066,3067,3068,3070,3071,3072,3073,3075,3077,3080,3081,3082,3083,3084,3085,3086,3090,3091,3092,3093,3094,3095,3096,3100,3101,3102,3103,3104,3120,3121,3122,3123,3130,3140,3141,3160,3161,3162,3163,3170,3171,3240,3241,3242,3245,3246,3247,3250,3251,3260,3271,3272,3273,3276,3277,3280,3281,3282,3283,3290,3291,3292,3293,3294,3295,3296,3297,3300,3301,3302,3303,3304,3305,3310,3311,3320,3321,3330,3331,3340,3341,3350,3351,3360,3370,3380,3400,3403,3404,3405,3406,3410,3420,3430,3440,3441,3451,3452,3453,3500,3501,3502,3503,3600,3620,3621,3622,3623,3624,3630,3631,3632,3633,3634,3635,3636,3637,3638,3639,3640,3641,3645,3650,3660,3661,310301,310302,310303,310304,310305,310306,310307,'"/>
	<sch:let name="TaxCategory3_schemeID"  value="'urn:oioubl:id:taxcategoryid-1.3'"/>
	<sch:let name="TaxCategory3_agencyID"  value="'320'"/>

	<sch:let name="TaxScheme"			value="',9,10,11,16,17,18,19,21,24,25,27,28,30,31,32,33,39,40,41,53,54,56,57,61,62,63,69,70,71,72,75,76,77,79,85,86,87,91,94,95,97,98,99,100,108,109,110,111,127,128,130,133,134,135,136,137,138,139,140,142,146,151,152,VAT,0,'"/>
	<sch:let name="TaxScheme_schemeID"		value="'urn:oioubl:id:taxschemeid-1.1'"/>
	<sch:let name="TaxScheme_agencyID"		value="'320'"/>

	<sch:let name="TaxScheme2"			value="',9,10,11,16,17,18,19,21,21a,21b,21c,21d,21e,21f,24,25,27,28,30,31,32,33,39,40,41,53,54,56,57,61,61a,62,63,69,70,71,72,75,76,77,79,85,86,87,91,94,94a,95,97,98,99,99a,100,108,109,110,110a,110b,110c,111,112,112a,112b,112c,112d,112e,112f,127,127a,127b,127c,128,130,133,134,135,136,137,138,139,140,142,146,151,152,VAT,0,'"/>
	<sch:let name="TaxScheme2_schemeID"		value="'urn:oioubl:id:taxschemeid-1.2'"/>
	<sch:let name="TaxScheme2_agencyID"		value="'320'"/>

	<!-- [Release 20130315] New codelist according to issue: https://bugs.softwareborsen.dk/show_bug.cgi?id=1107 -->
	<!-- (Added code 68 and 171. Removed code 94a) -->
	<sch:let name="TaxScheme4"			value="',9,10,11,16,17,18,19,21,21a,21b,21c,21d,21e,21f,24,25,27,28,30,31,32,33,39,40,41,53,54,56,57,61,61a,62,63,68,69,70,71,72,75,76,77,79,85,86,87,91,94,95,97,98,99,99a,100,108,109,110,110a,110b,110c,111,112,112a,112b,112c,112d,112e,112f,127,127a,127b,127c,128,130,133,134,135,136,137,138,139,140,142,146,151,152,171,VAT,0,'"/>
	<sch:let name="TaxScheme4_schemeID"		value="'urn:oioubl:id:taxschemeid-1.4'"/>
	<sch:let name="TaxScheme4_agencyID"		value="'320'"/>

    <!-- [Release 20130315] New codelist according to issue: https://bugs.softwareborsen.dk/show_bug.cgi?id=1834 -->
	<sch:let name="TaxScheme5"			value="',9,10,16,17,18,19,21,21a,21b,21c,21d,21e,21f,24,25,27,30,31,32,33,39,40,54,56,57,61,61a,63,68,69,70,71,72,75,76,77,79,85,87,91,94,95,97,98,100,108,109,110,110a,110b,110c,111,127,127a,127b,127c,128,130,133,134,135,136,137,138,139,142,146,151,152,156,160,161,162,163,164,167,168,184,185,186,VAT,0,'"/>
	<sch:let name="TaxScheme5_schemeID"		value="'urn:oioubl:id:taxschemeid-1.5'"/>
	<sch:let name="TaxScheme5_agencyID"		value="'320'"/>

	<!-- schemeIDs -->
	<!-- [Release 20120615] Codelist changed according to issue: https://bugs.softwareborsen.dk/show_bug.cgi?id=957 -->
	<!-- [Release 20130315] Codelist changed. Removed ISO 6523 according to issue: https://bugs.softwareborsen.dk/show_bug.cgi?id=1155 -->
	<!-- 191121: NH1140 -->
	<!-- NH-2571 [Q4 2023] Remove CPR -->
	<sch:let name="EndpointID_schemeID"			value="',GLN,DUNS,DK:P,DK:CVR,DK:SE,DK:VANS,FR:SIRET,SE:ORGNR,SE:VAT,FI:OVT,FI:ORGNR,FI:VAT,IT:FTI,IT:SIA,IT:SECETI,IT:VAT,IT:CF,NO:ORGNR,NO:VAT,HU:VAT,EU:VAT,EU:REID,AT:VAT,AT:GOV,AT:CID,IS:KT,IBAN,AT:KUR,ES:VAT,IT:IPA,AD:VAT,AL:VAT,BA:VAT,BE:VAT,BG:VAT,CH:VAT,CY:VAT,CZ:VAT,DE:VAT,EE:VAT,GB:VAT,GR:VAT,HR:VAT,IE:VAT,LI:VAT,LT:VAT,LU:VAT,LV:VAT,MC:VAT,ME:VAT,MK:VAT,MT:VAT,NL:VAT,PL:VAT,PT:VAT,RO:VAT,RS:VAT,SI:VAT,SK:VAT,SM:VAT,TR:VAT,VA:VAT,'"/>
	<!-- [Release 20120615] Codelist changed according to issue: https://bugs.softwareborsen.dk/show_bug.cgi?id=957 -->
	<!-- [Release 20130315] Codelist changed. Removed ISO 6523 according to issue: https://bugs.softwareborsen.dk/show_bug.cgi?id=1155 -->
    <!-- [Release 20190315] Codelist changed. Add 'SEPA' according to issue: https://bugs.softwareborsen.dk/show_bug.cgi?id=2130 -->
	<!-- 191121: NH1140 -->
	<!-- NH-2571 [Q4 2023] Remove CPR -->
	<sch:let name="PartyID_schemeID"				value="',GLN,DUNS,DK:P,DK:CVR,DK:SE,DK:CPR,FR:SIRET,ZZZ,DK:TELEFON,FI:ORGNR,IS:VSKNR,NO:EFO,NO:NOBB,NO:NODI,NO:ORGNR,NO:VAT,SE:VAT,SE:ORGNR,FI:OVT,FI:ORGNR,FI:VAT,IT:FTI,IT:SIA,IT:SECETI,IT:VAT,IT:CF,HU:VAT,EU:VAT,EU:REID,AT:VAT,AT:GOV,AT:CID,IS:KT,IBAN,AT:KUR,ES:VAT,IT:IPA,AD:VAT,AL:VAT,BA:VAT,BE:VAT,BG:VAT,CH:VAT,CY:VAT,CZ:VAT,DE:VAT,EE:VAT,GB:VAT,GR:VAT,HR:VAT,IE:VAT,LI:VAT,LT:VAT,LU:VAT,LV:VAT,MC:VAT,ME:VAT,MK:VAT,MT:VAT,NL:VAT,PL:VAT,PT:VAT,RO:VAT,RS:VAT,SI:VAT,SK:VAT,SM:VAT,TR:VAT,VA:VAT,SEPA,'"/>
	<!-- NH-2571 [Q4 2023] Remove CPR -->
	<sch:let name="PartyLegalID"			value="',DK:CVR,ZZZ,'"/>
	<sch:let name="PartyTaxID"			value="',DK:SE,ZZZ,'"/>

	<sch:let name="UtilityCPointID"			value="',GSRN,ZZZ,'"/>

	<!-- [Release 20130315] Codelist added according to issue: https://bugs.softwareborsen.dk/show_bug.cgi?id=964 -->
	<sch:let name="Quantity_unitCode" value="',04,05,08,10,11,13,14,15,16,17,18,19,20,21,22,23,24,25,26,27,28,29,30,31,32,33,34,35,36,37,38,40,41,43,44,45,46,47,48,53,54,56,57,58,59,60,61,62,63,64,66,69,71,72,73,74,76,77,78,80,81,84,85,87,89,90,91,92,93,94,95,96,97,98,1A,1B,1C,1D,1E,1F,1G,1H,1I,1J,1K,1L,1M,1X,2A,2B,2C,2I,2J,2K,2L,2M,2N,2P,2Q,2R,2U,2V,2W,2X,2Y,2Z,3B,3C,3E,3G,3H,3I,4A,4B,4C,4E,4G,4H,4K,4L,4M,4N,4O,4P,4Q,4R,4T,4U,4W,4X,5A,5B,5C,5E,5F,5G,5H,5I,5J,5K,5P,5Q,A1,A10,A11,A12,A13,A14,A15,A16,A17,A18,A19,A2,A20,A21,A22,A23,A24,A25,A26,A27,A28,A29,A3,A30,A31,A32,A33,A34,A35,A36,A37,A38,A39,A4,A40,A41,A42,A43,A44,A45,A47,A48,A49,A5,A50,A51,A52,A53,A54,A55,A56,A57,A58,A6,A60,A61,A62,A63,A64,A65,A66,A67,A68,A69,A7,A70,A71,A73,A74,A75,A76,A77,A78,A79,A8,A80,A81,A82,A83,A84,A85,A86,A87,A88,A89,A9,A90,A91,A93,A94,A95,A96,A97,A98,AA,AB,ACR,AD,AE,AH,AI,AJ,AK,AL,AM,AMH,AMP,ANN,AP,APZ,AQ,AR,ARE,AS,ASM,ASU,ATM,ATT,AV,AW,AY,AZ,B0,B1,B11,B12,B13,B14,B15,B16,B18,B2,B20,B21,B22,B23,B24,B25,B26,B27,B28,B29,B3,B31,B32,B33,B34,B35,B36,B37,B38,B39,B4,B40,B41,B42,B43,B44,B45,B46,B47,B48,B49,B5,B50,B51,B52,B53,B54,B55,B56,B57,B58,B59,B6,B60,B61,B62,B63,B64,B65,B66,B67,B69,B7,B70,B71,B72,B73,B74,B75,B76,B77,B78,B79,B8,B81,B83,B84,B85,B86,B87,B88,B89,B9,B90,B91,B92,B93,B94,B95,B96,B97,B98,B99,BAR,BB,BD,BE,BFT,BG,BH,BHP,BIL,BJ,BK,BL,BLD,BLL,BO,BP,BQL,BR,BT,BTU,BUA,BUI,BW,BX,BZ,C0,C1,C10,C11,C12,C13,C14,C15,C16,C17,C18,C19,C2,C20,C22,C23,C24,C25,C26,C27,C28,C29,C3,C30,C31,C32,C33,C34,C35,C36,C38,C39,C4,C40,C41,C42,C43,C44,C45,C46,C47,C48,C49,C5,C50,C51,C52,C53,C54,C55,C56,C57,C58,C59,C6,C60,C61,C62,C63,C64,C65,C66,C67,C68,C69,C7,C70,C71,C72,C73,C75,C76,C77,C78,C8,C80,C81,C82,C83,C84,C85,C86,C87,C88,C89,C9,C90,C91,C92,C93,C94,C95,C96,C97,C98,C99,CA,CCT,CDL,CEL,CEN,CG,CGM,CH,CJ,CK,CKG,CL,CLF,CLT,CMK,CMQ,CMT,CNP,CNT,CO,COU,CQ,CR,CS,CT,CTM,CU,CUR,CV,CWA,CWI,CY,CZ,D1,D10,D12,D13,D14,D15,D16,D17,D18,D19,D2,D20,D21,D22,D23,D24,D25,D26,D27,D28,D29,D30,D31,D32,D33,D34,D35,D37,D38,D39,D40,D41,D42,D43,D44,D45,D46,D47,D48,D49,D5,D50,D51,D52,D53,D54,D55,D56,D57,D58,D59,D6,D60,D61,D62,D63,D64,D65,D66,D67,D69,D7,D70,D71,D72,D73,D74,D75,D76,D77,D79,D8,D80,D81,D82,D83,D85,D86,D87,D88,D89,D9,D90,D91,D92,D93,D94,D95,D96,D97,D98,D99,DAA,DAD,DAY,DB,DC,DD,DE,DEC,DG,DI,DJ,DLT,DMK,DMQ,DMT,DN,DPC,DPR,DPT,DQ,DR,DRA,DRI,DRL,DRM,DS,DT,DTN,DU,DWT,DX,DY,DZN,DZP,E2,E3,E4,E5,EA,EB,EC,EP,EQ,EV,F1,F9,FAH,FAR,FB,FC,FD,FE,FF,FG,FH,FL,FM,FOT,FP,FR,FS,FTK,FTQ,G2,G3,G7,GB,GBQ,GC,GD,GE,GF,GFI,GGR,GH,GIA,GII,GJ,GK,GL,GLD,GLI,GLL,GM,GN,GO,GP,GQ,GRM,GRN,GRO,GRT,GT,GV,GW,GWH,GY,GZ,H1,H2,HA,HAR,HBA,HBX,HC,HD,HE,HF,HGM,HH,HI,HIU,HJ,HK,HL,HLT,HM,HMQ,HMT,HN,HO,HP,HPA,HS,HT,HTZ,HUR,HY,IA,IC,IE,IF,II,IL,IM,INH,INK,INQ,IP,IT,IU,IV,J2,JB,JE,JG,JK,JM,JO,JOU,JR,K1,K2,K3,K5,K6,KA,KB,KBA,KD,KEL,KF,KG,KGM,KGS,KHZ,KI,KJ,KJO,KL,KMH,KMK,KMQ,KNI,KNS,KNT,KO,KPA,KPH,KPO,KPP,KR,KS,KSD,KSH,KT,KTM,KTN,KUR,KVA,KVR,KVT,KW,KWH,KWT,KX,L2,LA,LBR,LBT,LC,LD,LE,LEF,LF,LH,LI,LJ,LK,LM,LN,LO,LP,LPA,LR,LS,LTN,LTR,LUM,LUX,LX,LY,M0,M1,M4,M5,M7,M9,MA,MAL,MAM,MAW,MBE,MBF,MBR,MC,MCU,MD,MF,MGM,MHZ,MIK,MIL,MIN,MIO,MIU,MK,MLD,MLT,MMK,MMQ,MMT,MON,MPA,MQ,MQH,MQS,MSK,MT,MTK,MTQ,MTR,MTS,MV,MVA,MWH,N1,N2,N3,NA,NAR,NB,NBB,NC,NCL,ND,NE,NEW,NF,NG,NH,NI,NIU,NJ,NL,NMI,NMP,NN,NPL,NPR,NPT,NQ,NR,NRL,NT,NTT,NU,NV,NX,NY,OA,OHM,ON,ONZ,OP,OT,OZ,OZA,OZI,P0,P1,P2,P3,P4,P5,P6,P7,P8,P9,PA,PAL,PB,PD,PE,PF,PG,PGL,PI,PK,PL,PM,PN,PO,PQ,PR,PS,PT,PTD,PTI,PTL,PU,PV,PW,PY,PZ,Q3,QA,QAN,QB,QD,QH,QK,QR,QT,QTD,QTI,QTL,QTR,R1,R4,R9,RA,RD,RG,RH,RK,RL,RM,RN,RO,RP,RPM,RPS,RS,RT,RU,S3,S4,S5,S6,S7,S8,SA,SAN,SCO,SCR,SD,SE,SEC,SET,SG,SHT,SIE,SK,SL,SMI,SN,SO,SP,SQ,SR,SS,SST,ST,STI,STN,SV,SW,SX,T0,T1,T3,T4,T5,T6,T7,T8,TA,TAH,TC,TD,TE,TF,TI,TJ,TK,TL,TN,TNE,TP,TPR,TQ,TQD,TR,TRL,TS,TSD,TSH,TT,TU,TV,TW,TY,U1,U2,UA,UB,UC,UD,UE,UF,UH,UM,VA,VI,VLT,VQ,VS,W2,W4,WA,WB,WCD,WE,WEB,WEE,WG,WH,WHR,WI,WM,WR,WSD,WTT,WW,X1,YDK,YDQ,YL,YRD,YT,Z1,Z2,Z3,Z4,Z5,Z6,Z8,ZP,ZZ,'"/>


  	<!-- [Release 20160916] New codelist according to issue: https://bugs.softwareborsen.dk/show_bug.cgi?id=1704 -->
	<sch:let name="PersonalSecure"			value="',1,2,'"/>
	<sch:let name="PersonalSecure_schemeID"		value="'urn:oioubl:id:personalsecure-1.0'"/>
	<sch:let name="PersonalSecure_agencyID"		value="'320'"/>

	<!-- 151221 NH-1205 - New code list for environment labling -->
	<sch:let name = "Environment_Value" value = "',100_PERCENT_CANADIAN_MILK,100_PERCENT_VEGANSKT,3PMSF,ACMI,ADCCPA,AFIA_PET_FOOD_FACILITY,AGENCE_BIO,AGRI_CONFIANCE,AGRI_NATURA,AGRICULTURE_BIOLOGIQUE,AHAM,AISE,AISE_2005,AISE_2010,AISE_2020_BRAND,AISE_2020_COMPANY,AKC_PEACH_KOSHER,ALENTEJO_SUSTAINABILITY_PROGRAMME,ALIMENTATION_DU_TOUT_PETIT,ALIMENTS_BIO_PREPARES_AU_QUEBEC,ALIMENTS_DU_QUEBEC,ALIMENTS_DU_QUEBEC_BIO,ALIMENTS_PREPARES_AU_QUEBEC,ALPINAVERA,ALUMINIUM_GESAMTVERBAND_DER_ALUMINIUMINDUSTRIE,AMA_GENUSSREGION,AMA_ORGANIC_SEAL,AMA_ORGANIC_SEAL_BLACK,AMA_SEAL_OF_APPROVAL,AMERICAN_DENTAL_ASSOCIATION,AMERICAN_HEART_ASSOCIATION_CERTIFIED,ANIMAL_WELFARE_APPROVED_GRASSFED,AOP,APPELLATION_ORIGINE_CONTROLEE,APPROVED_BY_ASTHMA_AND_ALLERGY_ASSOC,AQUA_GAP,AQUACULTURE_STEWARDSHIP_COUNCIL,ARGE_GENTECHNIK_FREI,ARGENCERT,ARLA_FARMER_OWNED,ASCO,ASMI,ASTHMA_AND_ALLERGY_FOUNDATION_OF_AMERICA,ATG,AUS_KAUP_ESTONIA,AUSTRALIAN_CERTIFIED_ORGANIC,AUSTRIA_BIO_GARANTIE,AUSTRIAN_ECO_LABEL,BCARA_ORGANIC,BDIH_LOGO,BEBAT,BEDRE_DYREVELFAERD_1HEART,BEDRE_DYREVELFAERD_2HEART,BEDRE_DYREVELFAERD_3HEART,BEE_FRIENDLY,BELGAQUA,BENOR,BERCHTESGADENER_LAND,BEST_AQUACULTURE_PRACTICES,BEST_AQUACULTURE_PRACTICES_2_STARS,BEST_AQUACULTURE_PRACTICES_3_STARS,BEST_AQUACULTURE_PRACTICES_4_STARS,BETER_LEVEN_1_STER,BETER_LEVEN_2_STER,BETER_LEVEN_3_STER,BETTER_BUSINESS_BUREAU_ACCREDITED,BETTER_COTTON_INITIATIVE,BEVEG,BEWUSST_TIROL,BEWUSTE_KEUZE,BIKO_TIROL,BIO_AUSTRIA_LABEL,BIO_BAYERN_WITH_CERTIFICATE_PROVENANCE,BIO_BAYERN_WITHOUT_CERTIFICATE_PROVENANCE,BIO_BUD_SEAL,BIO_BUD_SEAL_TRANSITION,BIO_CZECH_LABEL,BIO_FISCH,BIO_GOURMET_BUD,BIO_LABEL_BADEN_WURTTENBERG,BIO_LABEL_GERMAN,BIO_LABEL_HESSEN,BIO_PARTENAIRE,BIO_RING_ALLGAEU,BIO_SOLIDAIRE,BIO_SUISSE_BUD_SEAL,BIO_SUISSE_BUD_SEAL_TRANSITION,BIOCHECKED_NON_GLYPHOSATE_CERTIFIED,BIOCHECKED_NON_GMO_VERIFIED,BIODEGRADABLE,BIODEGRADABLE_PRODUCTS_INSTITUTE,BIODYNAMIC_CERTIFICATION,BIODYNAMISCH,BIOGARANTIE,BIOKREIS,BIOLAND,BIOLAND_ENNSTAL,BIOPARK,BIOS_KONTROLLE,BIRD_FRIENDLY_COFFEE_SMITHSONIAN_CERTIFICATION,BK_CHECK_VAAD_HAKASHRUS_OF_BUFFALO,BLEU_BLANC_COEUR,BLUE_ANGEL,BLUE_RIBBON_KOSHER,BLUESIGN,BODEGAS_ARGENTINA_SUSTAINABILITY_PROTOCOL,BONSUCRO,BORD_BIA_APPROVED,BORD_BIA_APPROVED_MEAT,BRA_MILJOVAL_LABEL_SWEDISH,BRC_GLOBAL_STANDARDS,BREATHEWAY,BRITISH_DENTAL_HEALTH,BRITISH_RETAIL_CONSORTIUM_CERTIFICATION,BSCI,BULLFROG,CA_BEEF,CA_BOTH_DOM_IMPORT,CA_BULK,CA_CANNED,CA_DISTILLED,CA_IMPORT,CA_INGREDIENT,CA_MADE,CA_MUSTARD_SEEDS,CA_OATS,CA_PREPARED,CA_PROCESSED,CA_PRODUCT,CA_PROUD,CA_REFINED,CA_ROASTED_BLENDED,CAC_ABSENCE_EGG_MILK,CAC_ABSENCE_EGG_MILK_PEANUTS,CAC_ABSENCE_OF_ALMOND,CAC_ABSENCE_OF_EGG,CAC_ABSENCE_OF_MILK,CAC_ABSENCE_OF_PEANUT,CAC_ABSENCE_PEANUT_ALMOND,CAFE_PRACTICES,CAN_BNQ_CERTIFIED,CANADA_GAP,CANADIAN_AGRICULTURAL_PRODUCTS,CANADIAN_ASSOCIATION_FIRE_CHIEFS_APPROVED,CANADIAN_CERTIFIED_COMPOSTABLE,CANADIAN_DERMATOLOGY_ASSOCIATION_SKIN_HEALTH,CANADIAN_DERMATOLOGY_ASSOCIATION_SUN_PROTECTION,CARBON_FOOTPRINT_STANDARD,CARBON_NEUTRAL,CARBON_NEUTRAL_NCOS_CERTIFIED,CARBON_NEUTRAL_PACKAGING,CARIBBEAN_KOSHER,CCA_GLUTEN_FREE,CCC,CCF_RABBIT,CCOF,CCSW,CEBEC,CEL,CELIAC_SPRUE_ASSOCIATION,CENTRAL_RABBINICAL_CONGRESS_KOSHER,CERTIFIE_TERROIR_CHARLEVOIX,CERTIFIED_ANGUS_BEEF,CERTIFIED_B_CORPORATION,CERTIFIED_CARBON_FREE,CERTIFIED_HUMANE_ORGANISATION,CERTIFIED_NATURALLY_GROWN,CERTIFIED_OE_100,CERTIFIED_ORGANIC_BAYSTATE_ORGANIC_CERTIFIERS,CERTIFIED_ORGANIC_BY_ORGANIC_CERTIFIERS,CERTIFIED_PALEO,CERTIFIED_PALEO_FRIENDLY,CERTIFIED_PLANT_BASED,CERTIFIED_SUSTAINABLE_WINE_CHILE,CERTIFIED_WBENC,CERTIFIED_WILDLIFE_FRIENDLY,CFG_PROCESSED_EGG,CFIA,CFIA_DAIRY,CFIA_FISH,CFIA_GRADE_A,CFIA_GRADE_C,CFIA_ORGANIC,CFIA_UTILITY_POULTRY_EGG,CHASSEURS_DE_FRANCE,CHEESE_WORLD_CHAMPION_CHEESE_CONTEST,CHES_K,CHICAGO_RABBINICAL_COUNCIL,CINCINNATI_KOSHER,CLARO_FAIR_TRADE,CLIMATE_NEUTRAL,CLIMATE_NEUTRAL_PARTNER,CNG,CO2_REDUCERET_EMBALLAGE,CO2LOGIC_CO2_NEUTRAL_CERTIFIED,COCOA_HORIZONS,COCOA_LIFE,COMPOSTABLE_DIN_CERTCO,COMTE_GREEN_BELL,CONFORMITE_EUROPEENNE,CONSUMER_CHOICE_AWARD,COR_DETROIT,COR_KOSHER,CORRUGATED_RECYCLES,COSMEBIO,COSMEBIO_COSMOS_NATURAL,COSMEBIO_COSMOS_ORGANIC,COTTON_MADE_IN_AFRICA,CPE_SCHARREL_EIEREN,CPE_VRIJE_UITLOOP_EIEREN,CRADLE_TO_CRADLE,CROSSED_GRAIN_SYMBOL,CROWN_CHK,CRUELTY_FREE_PETA,CSA_INTERNATIONAL,CSA_NCA_GLUTEN_FREE,CSI,CULINARIUM,CULTIVUP_EXIGENCE,CULTIVUP_RESPONSABLE,CZECH_FOOD,DALLAS_KOSHER,DANSK_IP_KVALITET,DANSK_MAELK,DEBIO,DELINAT,DEMETER_LABEL,DESIGN_FOR_THE_ENVIRONMENT,DESIGN_FROM_FINLAND,DIAMOND_K,DIAMOND_KA_KASHRUT_AUTHORITY_OF_AUSTRALIA_AND_NZ,DIRECT_TRADE,DK_ECO,DLG_AWARD,DLG_CERTIFIED_ALLERGEN_MANAGEMENT ,DNV_BUSINESS_ASSURANCE,DOLPHIN_SAFE,DONAU_SOYA_STANDARD,DRP,DUURZAAM_VARKENSVLEES,DVF_VEGAN,DVF_VEGETARIAN,DYRENES_BESKYTTELSE,DZG_GLUTEN_FREE,EARTHKOSHER_KOSHER,EARTHSURE,ECARF_SEAL,ECO_KREIS,ECO_LABEL_CZECH,ECO_LABEL_LADYBUG,ECO_LOGO,ECOCERT_CERTIFICATE,ECOCERT_COSMOS_NATURAL,ECOCERT_COSMOS_ORGANIC,ECOCERT_ORGANIC,ECOGARANTIE,ECOLAND,ECOLOGO_CERTIFIED,ECOLOGO_CERTIFIED_2,ECOVIN,ECZEMA_SOCIETY_OF_CANADA,EESTI_OKOMARK,EESTI_PARIM_TOIDUAINE,EKO,ENEC,ENERGY_LABEL_A,ENERGY_LABEL_A+,ENERGY_LABEL_A++,ENERGY_LABEL_A+++,ENERGY_LABEL_B,ENERGY_LABEL_C,ENERGY_LABEL_D,ENERGY_LABEL_E,ENERGY_LABEL_F,ENERGY_LABEL_G,ENERGY_STAR,ENTREPRISE_DU_PATRIMOINE_VIVANT,ENTWINE_AUSTRALIA,EPA_DFE,EPEAT_BRONZE,EPEAT_GOLD,EPEAT_SILVER,EQUAL_EXCHANGE_FAIRLY_TRADED,EQUALITAS_SUSTAINABLE_WINE,ERDE_SAAT,ERKEND_STREEK_PRODUCT,ETP,EU_ECO_LABEL,EU_ENERGY_LABEL,EU_ORGANIC_FARMING,EUROPE_SOYA_STANDARD,EUROPEAN_V_LABEL_VEGAN,EUROPEAN_V_LABEL_VEGETARIAN,EUROPEAN_VEGETARIAN_UNION,EWG_VERIFIED,FAIR_FLOWERS_FAIR_PLANTS,FAIR_FOOD_PROGRAM_LABEL,FAIR_FOR_LIFE,FAIR_N_GREEN,FAIR_TRADE_MARK,FAIR_TRADE_USA,FAIR_TRADE_USA,FAIR_TRADE_USA_INGREDIENTS,FAIR_TSA,FAIRTRADE_CASHEW_NUTS,FAIRTRADE_COCOA,FAIRTRADE_COCONUT,FAIRTRADE_COTTON,FAIRTRADE_DRIED_APRICOTS,FAIRTRADE_GREEN_TEA,FAIRTRADE_HONEY,FAIRTRADE_LIME_JUICE,FAIRTRADE_MANGO_JUICE,FAIRTRADE_OLIVE_OIL,FAIRTRADE_PEPPER,FAIRTRADE_QUINOA,FAIRTRADE_RICE,FAIRTRADE_ROSES,FAIRTRADE_SUGAR,FAIRTRADE_TEA,FAIRTRADE_VANILLA,FALKEN,FCC,FEDERALLY_REGISTERED_INSPECTED_CANADA,FIDELIO,FINNISH_HEART_SYMBOL,FISH_WISE_CERTIFCATION,FLAMME_VERTE,FLANDRIA,FLEURS_DE_FRANCE,FODMAP,FODMAP_FRIENDLY,FOOD_ALLIANCE_CERTIFIED,FOOD_JUSTICE_CERTIFIED,FOOD_SAFETY_SYSTEM_CERTIFICATION_22000,FOODLAND_ONTARIO,FOR_LIFE,FOREST_PRODUCTS_Z809,FOREST_STEWARDSHIP_COUNCIL_100_PERCENT,FOREST_STEWARDSHIP_COUNCIL_LABEL,FOREST_STEWARDSHIP_COUNCIL_MIX,FOREST_STEWARDSHIP_COUNCIL_RECYCLED,FOUNDATION_ART,FRAN_SVERIGE,FRANCE_LIMOUSIN_MEAT,FREILAND,FRESHCARE,FRIEND_OF_THE_SEA,FRUITS_ET_LEGUMES_DE_FRANCE,GAEA,GANEDEN_BC30_PROBIOTIC,GAP_1,GAP_2,GAP_3,GAP_4,GAP_5,GAP_5_PLUS,GASKEUR,GASTEC,GCP,GEBANA,GENUSS_REGION_AUSTRIA,GENUSS_REGION_AUSTRIA,GEPRUEFTE_SICHERHEIT,GEZONDERE_KEUZE,GFCO,GFCO,GFCP,GIG_GLUTEN_FREE_FOODSERVICE,GLOBAL_CARE,GLOBAL_GAP,GLOBAL_ORGANIC_LATEX_STANDARD,GLOBAL_ORGANIC_TEXTILE_STANDARD,GLOBAL_RECYCLED_STANDARD,GLYCAMIC_INDEX_FOUNDATION,GLYCAMIC_RESEARCH_INSTITUTE,GMO_GUARD_FROM_NATURAL_FOOD_CERTIFIERS,GMO_MARKED,GMP_CERTIFIED,GMP_ISO_22716,GOA_ORGANIC,GODKAND_FOR_EKOLOGISK_ODLING_KRAV,GOOD_HOUSEKEEPING,GOODS_FROM_FINLAND_BLUE_SWAN,GOODWEAVE,GRASKEURMERK,GRASP,GREEN_AMERICA_CERTIFIED_BUSINESS,GREEN_DOT,GREEN_E_ENERGY_CERT,GREEN_E_ORG,GREEN_RESTAURANT_ASSOCIATION_ENDORSED,GREEN_SEAL,GREEN_SEAL_CERTIFIED,GREEN_SHIELD_CERTIFIED,GREEN_STAR_CERTIFIED,GREENCHOICE,GROEN_LABEL_KAS,GRUYERE_FRANCE,GUARANTEED_IRISH,HALAL_AUSTRALIA,HALAL_CERTIFICATION_SERVICES,HALAL_CERTIFICATION_SERVICES_CH,HALAL_CORRECT,HALAL_FOOD_COUNCIL_OF_SOUTH_EAST_ASIA_THAILAND,HALAL_HIC,HALAL_HPDS,HALAL_INDIA,HALAL_ISLAMIC_FOOD_CANADA,HALAL_ISLAMIC_SOCIETY_OF_NORTH_AMERICA,HALAL_PLUS,HAUTE_VALEUR_ENVIRONNEMENTALE,HAZARD_ANALYSIS_CRITICAL_CONTROL_POINT,HEALTH_CHECK,HEALTH_FOOD_BLUE_HAT_SIGN,HEUMILCH,HFAC_HUMANE,HMCA_HALAL_MONTREAL_CERTIFICATION_AUTHORITY,HOCHSTAMM_SUISSE,HOW_2_RECYCLE,HUMANE_HEARTLAND,HYPERTENSION_CANADA_MEDICAL_DEVICE,ICADA,ICEA,ICELAND_RESPONSIBLE_FISHERIES,ICS_ORGANIC,IFANCA_HALAL,IFOAM,IFS_HPC,IGP,IHTK_SEAL,IKB_EIEREN,IKB_KIP,IKB_VARKEN,INDEKLIMA_MAERKET,INSTITUT_FRESENIUS,INT_PROTECTION,INTEGRITY_AND_SUSTAINABILITY_CERTIFIED,INTERNATIONAL_ALOE_SCIENCE_COUNCIL_CERTIFICATE,INTERNATIONAL_KOSHER_COUNCIL,INTERNATIONAL_TASTE_QUALITY,INTERTEK_CERTIFICATE,INTERTEK_ETL,IP_SUISSE,ISCC,ISCC_SUPPORTING_THE_BIOECONOMY,ISEAL_ALLIANCE,ISO_QUALITY,IVN_NATURAL_LEATHER,IVN_NATURAL_TEXTILES_BEST,IVO_OMEGA3,JAS_ORGANIC,JAY_KOSHER_PAREVE,JODSALZ_BZGA,KABELKEUR,KAGFREILAND,KEHILLA_KOSHER_CALIFORNIA_K,KEHILLA_KOSHER_HEART_K,KEMA_KEUR,KIWA,KLASA,KOF_K_KOSHER,KOMO,KOSHER_AUSTRALIA,KOSHER_BDMC,KOSHER_CERTIFICATION_SERVICE,KOSHER_CHECK,KOSHER_CHICAGO_RABBINICAL_COUNCIL_DAIRY,KOSHER_CHICAGO_RABBINICAL_COUNCIL_PAREVE,KOSHER_COR_DAIRY,KOSHER_COR_DAIRY_EQUIPMENT,KOSHER_COR_FISH,KOSHER_EIDAH_HACHAREIDIS,KOSHER_GRAND_RABBINATE_OF_QUEBEC_PARVE,KOSHER_GREECE,KOSHER_INSPECTION_SERVICE_INDIA,KOSHER_KW_YOUNG_ISRAEL_OF_WEST_HEMPSTEAD,KOSHER_MADRID_SPAIN,KOSHER_OK_DAIRY,KOSHER_ORGANICS,KOSHER_ORTHODOX_JEWISH_CONGREGATION_PARVE,KOSHER_OTTAWA_VAAD_HAKASHRUT_CANADA,KOSHER_PARVE_BKA,KOSHER_PARVE_NATURAL_FOOD_CERTIFIER,KOSHER_PERU,KOSHER_RAV_LANDAU,KOSHER_STAR_K_PARVE,KOSHER_STAR_K_PARVE_PASSOVER,KOSHER_STAR_S_P_KITNIYOT,KOSHERMEX,KOTT_FRAN_SVERIGE,KRAV_MARK,KSA_KOSHER,KSA_KOSHER_DAIRY,KVBG_APPROVED,LAATUVASTUU,LABEL_OF_THE_ALLERGY_AND_ASTHMA_FEDERATION,LABEL_ROUGE,LACON,LAENDLE_QUALITAET,LAIT_COLLECTE_ET_CONDITIONNE_EN_FRANCE,LAIT_COLLECTE_ET_TRANSFORME_EN_FRANCE,LAPIN_DE_FRANCE,LE_PORC_FRANCAIS,LEAPING_BUNNY,LEGUMES_DE_FRANCE,LETIS_ORGANIC,LGA,LOCALIZE,LODI_RULES_CODE,LONDON_BETH_DIN_KOSHER,LOODUSSOBRALIK_TOODE_ESTONIA,LOVE_IRISH_FOOD,LVA,MADE_GREEN_IN_ITALY,MADE_IN_FINLAND_FLAG_WITH_KEY,MADE_OF_PLASTIC_BEVERAGE_CUPS,MADE_WITH_CANADIAN_BEEF,MAITRE_ARTISAN,MARINE_STEWARDSHIP_COUNCIL_LABEL,MAX_HAVELAAR,MCIA_ORGANIC,MEHR_WEG,MIDWEST_KOSHER,MILIEUKEUR,MINNESOTA_KOSHER_COUNCIL,MJOLK_FRAN_SVERIGE,MOMS_CHOICE_AWARD,MONTREAL_VAAD_HAIR_MK_PAREVE,MORTADELLA_BOLOGNA,MPS_A,MUNDUSVINI_GOLD,MUNDUSVINI_SILVER,MUSLIM_JUDICIAL_COUNCIL_HALAAL_TRUST,MY_CLIMATE,NAOOA_CERTIFIED_QUALITY,NASAA_CERTIFIED_ORGANIC,NATRUE_LABEL,NATURA_BEEF,NATURA_VEAL,NATURE_CARE_PRODUCT,NATURE_ET_PROGRES,NATUREPLUS,NATURLAND,NATURLAND_FAIR_TRADE,NATURLAND_WILDFISH,NC_NATURAL_COSMETICS_STANDARD,NC_NATURAL_COSMETICS_STANDARD_ORGANIC_QUALITY,NC_VEGAN_NATURAL_COSMETICS,NC_VEGAN_NATURAL_COSMETICS_STANDARD_ORGANIC_QUALITY,NCA_GLUTEN_FREE,NDOA,NEA,NEULAND,NEW_ZEALAND_SUSTAINABLE_WINEGROWING,NF_MARQUE,NFCA_GLUTEN_FREE,NIX18,NMX,NOM,NON_GMO_BY_EARTHKOSHER,NON_GMO_PROJECT,NPA,NSF,NSF_CERTIFIED_FOR_SPORT,NSF_GLUTEN_FREE,NSF_NON_GMO_TRUE_NORTH,NSF_SUSTAINABILITY_CERTIFIED,NSM,NYCKELHALET,OCEAN_WISE,OCIA,OCQV_ORGANIC,OECD_BIO_INGREDIENTS,OEKO_CONTROL,OEKO_KREISLAUF,OEKO_QUALITY_GUARANTEE_BAVARIA,OEKO_TEX_LABEL,OEKO_TEX_MADE_IN_GREEN,OEUFS_DE_FRANCE,OFF_ORGANIC,OFFICIAL_ECO_LABEL_SUN,OFG_ORGANIC,OHNE_GEN_TECHNIK,OK_COMPOST_HOME,OK_COMPOST_INDUSTRIAL ,OK_COMPOST_VINCOTTE,OK_KOSHER,OKOTEST,ON_THE_WAY_TO_PLANETPROOF,ONE_PERCENT_FOR_THE_PLANET,ONTARIO_APPROVED,ONTARIO_PORK,ORB,ORBI,OREGON_KOSHER,OREGON_LIVE,OREGON_TILTH,ORGANIC_100_CONTENT_STANDARD,ORGANIC_COTTON,ORGANIC_TRADE_ASSOCIATION,ORIGIN_OF_EGGS,ORIGINE_FRANCE_GARANTIE,ORTHODOX_UNION,OTCO_ORGANIC,OU_KOSHER,OU_KOSHER_DAIRY,OU_KOSHER_FISH,OU_KOSHER_MEAT,OU_KOSHER_PASSOVER,OZONE_FRIENDLY_GENERAL_CLAIM,PACS_ORGANIC,PALEO_APPROVED,PALEO_BY_EARTHKOSHER,PARENT_TESTED_PARENT_APPROVED,PAVILLON_FRANCE,PCO,PEFC,PEFC_CERTIFIED,PEFC_RECYCLED,PET_TO_PET,PGI_CNIPA,PGI_GAQSIQ,PGI_MARA,PGI_TO_SAIC,PLASTIC_FREE_TRUST_MARK,PLASTIC_IN_FILTER_TOBACCO,PLASTIC_IN_PRODUCT_BEVERAGE_CUPS,PLASTIC_IN_PRODUCT_TAMPONS,PLASTIC_IN_PRODUCT_WIPES_SANITARY_PADS,PLASTIC_NEUTRAL,POMMES_DE_TERRES_DE_FRANCE,PREGNANCY_WARNING,PRO_SPECIE_RARA,PRO_TERRA_NON-GMO_CERTIFICATION,PROCERT_ORGANIC,PRODERM,PRODUCT_OF_THE_YEAR_CONSUMER_SURVEY,PRODUIT_EN_BRETAGNE,PROTECTED_DESIGNATION_OF_ORIGIN,PROTECTED_GEOGRAPHICAL_INDICATION,PROTECTED_HARVEST_CERTIFIED,PROVEN_QUALITY_BAVARIA,PUHTAASTI_KOTIMAINEN,QAI,QCS_ORGANIC,QS,QS_PRODUCTION_PERMIT,QUALENVI,QUALITAET_TIROL,QUALITY_CONFORMANCE_MARKING_CN,QUALITY_MARK_IRELAND,QUALITY_RHOEN,RABBINICAL_COUNCIL_OF_BRITISH_COLUMBIA,RABBINICAL_COUNCIL_OF_CALIFORNIA_(RCC),RABBINICAL_COUNCIL_OF_NEW_ENGLAND,RAINFOREST_ALLIANCE,RAINFOREST_ALLIANCE_PEOPLE_NATURE,RAL_QUALITY_CANDLES,REAL_CALIFORNIA_CHEESE,REAL_CALIFORNIA_MILK,REAL_FOOD_SEAL,RECUPEL,RECYCLABLE_GENERAL_CLAIM,REGIONAL_FOOD_CZECH,REGIONALFENSTER,REGIONALTHEKE_FRANKEN,RETURNABLE_PET_BOTTLE_NL,RHP,ROQUEFORT_RED_EWE,ROUNDTABLE_ON_RESPONSIBLE_SOY,RSB,RUP_GUADELOUPE,RUP_GUYANE,RUP_MARTINIQUE,RUP_MAYOTTE,RUP_REUNION,RUP_SAINT_MARTIN,SA8000,SAFE_FEED_SAFE_FOOD,SAFE_QUALITY_FOOD,SAFER_CHOICE,SALMON_SAFE_CERTIFICATION,SALZBURGER_LAND_HERKUNFT,SCHARRELVLEES,SCHLESWIG_HOLSTEIN_QUALITY,SCROLL_K,SCS_RECYCLED_CONTENT_CERTIFICATION,SCS_SUSTAINABLY_GROWN,SEACHOICE,SFC_MEMBER_SEAL,SFC_MEMBER_SEAL_GOLD,SFC_MEMBER_SEAL_PLATINUM,SFC_MEMBER_SEAL_SILVER,SGS_ORGANIC,SHOPPER_ARMY,SIP,SKG_CERTIFICATE,SKG_CERTIFICATE_1_STAR,SKG_CERTIFICATE_2_STAR,SKG_CERTIFICATE_3_STAR,SLG_CHILD_SAFETY,SLG_TYPE_TESTED,SLK_BIO,SOCIETY_PLASTICS_INDUSTRY,SOIL_ASSOCIATION_ORGANIC_SYMBOL,SOIL_COSMOS_NATURAL,SOIL_ORGANIC_COSMOS,SOSTAIN,SPCA_BC,STAR_D_KOSHER,STAR_K_KOSHER,STEEL_RECYCLING,STELLAR_CERTIFICATION_SERVICES,STIFTUNG_WARENTEST,STOP_CLIMATE_CHANGE,STREEKPRODUCT_BE,STRICTLY_KOSHER_NORWAY,SUISSE_GARANTIE,SUNSHINE_STATE_KOSHER,SUOMEN_HAMMASLAAKARILIITTO_SUOSITTELEE_KSYLITOLIA,SUS,SUSTAINABLE_AUSTRALIA_WINEGROWING,SUSTAINABLE_AUSTRIA,SUSTAINABLE_FORESTRY_INITIATIVE,SUSTAINABLE_PALM_OIL_RSPO,SUSTAINABLE_PALM_OIL_RSPO_CREDITS,SUSTAINABLE_PALM_OIL_RSPO_MIXED,SVANEN,SVENSK_FAGEL,SVENSKT_KOTT,SVENSKT_SIGILL_KLIMATCERTIFIERAD,SVENSKT_SIGILL_NATURBETESKOTT,SWEDISH_SEAL_OF_QUALITY,SWISS_ALLERGY_LABEL,SWISS_ALPS_PRODUCT,SWISS_MOUNTAIN_PRODUCT,SWISSGAP,SWISSMILK_GREEN,SWISSPRIMGOURMET,TARNOPOL_KASHRUS_KOSHER,TCO_DEVELOPMENT,TCO_ORGANIC,TERRA_VITIS,TERRACYCLE,THE_FAIR_RUBBER_ASSOCIATION,THE_NATURAL_AND_ORGANIC_AWARDS,THREE_LINE_KOSHER,TIERSCHUTZBUND,TNO_APPROVED,TOOTHFRIENDLY,TRADITIONAL_SPECIALTY_GUARANTEED,TRIANGLE_K,TRIMAN,TRUE_FOODS_CANADA_TRUSTMARK,TRUE_SOURCE_CERTIFIED,TUEV_GEPRUEFT,TUNNUSTATUD_EESTI_MAITSE,TUNNUSTATUD_MAITSE,UDEN_GMO_FODER,UMWELTBAUM,UNDERWRITERS_LABORATORY,UNDERWRITERS_LABORATORY_CERTIFIED_CANADA_US,UNIQUELY_FINNISH,UNITED_EGG_PRODUCERS_CERTIFIED,UNSER_LAND,URDINKEL,USDA,USDA_CERTIFIED_BIOBASED,USDA_GRADE_A,USDA_GRADE_AA,USDA_INSPECTION,USDA_ORGANIC,UTZ_CERTIFIED,UTZ_CERTIFIED_COCOA,VAAD_HOEIR_KOSHER,VAELG_FULDKORN_FORST,VDE,VDS_CERTIFICATE,VEGAN_AWARENESS_FOUNDATION,VEGAN_BY_EARTHKOSHER,VEGAN_NATURAL_FOOD_CERTIFIERS,VEGAN_SOCIETY_VEGAN_LOGO,VEGAPLAN,VEGATARIAN_SOCIETY_V_LOGO,VEGECERT,VEILIG_WONEN_POLITIE_KEURMERK,VERBUND_OEKOHOEFE,VIANDE_AGNEAU_FRANCAIS,VIANDE_BOVINE_FRANCAISE,VIANDE_CHEVALINE_FRANCAISE,VIANDE_DE_CHEVRE_FRANCAISE,VIANDE_DE_CHEVREAU_FRANCAISE,VIANDE_DE_VEAU_FRANCAISE,VIANDE_OVINE_FRANCAISE,VIANDES_DE_FRANCE,VIGNERONS_EN_DEVELOPPEMENT_DURABLE,VIM_CO_JIM,VINATURA,VINHO_VERDE,VITICULTURE_DURABLE_EN_CHAMPAGNE,VIVA,VOLAILLE_FRANCAISE,WARRANT_HOLDER_OF_THE_COURT_OF_BELGIUM,WEIDEMELK,WEIGHT_WATCHERS_ENDORSED,WESTERN_KOSHER,WHOLE_GRAIN_100_PERCENT_STAMP,WHOLE_GRAIN_BASIC_STAMP,WHOLE_GRAIN_COUNCIL_STAMP,WHOLE_GRAINS_50_PERCENT_STAMP,WIETA (Wine and Agricultural Ethical Trading Association),WINERIES_FOR_CLIMATE_PROTECTION,WISCONSIN_K,WQA_TESTED_CERTIFIED_WATER,WSDA,WWF_PANDA_LABEL,ZELDZAAM_LEKKER,ZERO_WASTE_BUSINESS_COUNCIL_CERTIFIED,'"/>


</sch:pattern>