<?xml version="1.0" encoding="UTF-8"?>
<!--
                Content:
                This file contains a Peppol Invoice Message Response, profile 63.
				It demonstrates Use Case 8 — Invoice is accepted by third party who acts on behalf of Buyer. 
				
				Use case shows where Invoice processing service sends an acceptance to the Seller company for an invoice that was issued to Buyer A..		
				
                Errors:
                None
                
                Warnings:
                None
				
-->
<ApplicationResponse xmlns="urn:oasis:names:specification:ubl:schema:xsd:ApplicationResponse-2" xmlns:cac="urn:oasis:names:specification:ubl:schema:xsd:CommonAggregateComponents-2" xmlns:cbc="urn:oasis:names:specification:ubl:schema:xsd:CommonBasicComponents-2" xmlns:xsi="http://www.w3.org/2001/XMLSchema-instance">
	<cbc:CustomizationID>urn:fdc:peppol.eu:poacc:trns:invoice_response:3</cbc:CustomizationID>
	<cbc:ProfileID>urn:fdc:peppol.eu:poacc:bis:invoice_response:3</cbc:ProfileID>
	<cbc:ID>imrid001</cbc:ID>
	<cbc:IssueDate>2017-12-01</cbc:IssueDate>
	<cac:SenderParty>
		<cbc:EndpointID schemeID="0196">6963495890</cbc:EndpointID>
		<cac:PartyLegalEntity>
			<cbc:RegistrationName>Invoice processing service</cbc:RegistrationName>
		</cac:PartyLegalEntity>
	</cac:SenderParty>
	<cac:ReceiverParty>
		<cbc:EndpointID schemeID="0196">6841569459</cbc:EndpointID>
		<cac:PartyLegalEntity>
			<cbc:RegistrationName>Seller company</cbc:RegistrationName>
		</cac:PartyLegalEntity>
	</cac:ReceiverParty>
	<cac:DocumentResponse>
		<cac:Response>
			<cbc:ResponseCode>AP</cbc:ResponseCode>
		</cac:Response>
		<cac:DocumentReference>
			<cbc:ID>inv021</cbc:ID>
			<cbc:DocumentTypeCode>380</cbc:DocumentTypeCode>
		</cac:DocumentReference>
		<cac:RecipientParty>
			<cac:PartyIdentification>
				<cbc:ID schemeID="0088">9876549873211</cbc:ID>
			</cac:PartyIdentification>
			<cac:PartyName>
				<cbc:Name>Buyer A</cbc:Name>
			</cac:PartyName>
		</cac:RecipientParty>
	</cac:DocumentResponse>
</ApplicationResponse>
