<?xml version="1.0" encoding="UTF-8"?>
<!-- - - - - - - - - - - - - - - - - - - - - - - - - - - - - - - - - - - - - - - -  -->
<!--     PEPPOL BIS Billing 3.0 - MINIMUM content: CREDIT NOTE (when VAT appies)    -->
<!--     Reference - http://docs.peppol.eu/poacc/billing/3.0/                       -->
<!--                                                                                -->
<!--     Note - The purpose is to illustrate a credit note instance with minimum    -->
<!--     contents technically (but probably insufficient from business perspective) -->
<!--                                                                                -->
<!--     Revised with validation rules according to PEPPOL's Fall release 2020      -->
<!-- - - - - - - - - - - - - - - - - - - - - - - - - - - - - - - - - - - - - - - -  -->

<CreditNote 
 xmlns:cac="urn:oasis:names:specification:ubl:schema:xsd:CommonAggregateComponents-2" 
 xmlns:cbc="urn:oasis:names:specification:ubl:schema:xsd:CommonBasicComponents-2"
 xmlns="urn:oasis:names:specification:ubl:schema:xsd:CreditNote-2">

	<cbc:CustomizationID>urn:cen.eu:en16931:2017#compliant#urn:fdc:peppol.eu:2017:poacc:billing:3.0</cbc:CustomizationID>
	<cbc:ProfileID>urn:fdc:peppol.eu:2017:poacc:billing:01:1.0</cbc:ProfileID>
	<cbc:ID>2018-112</cbc:ID>
	<cbc:IssueDate>2018-07-31</cbc:IssueDate>
	<cbc:CreditNoteTypeCode>381</cbc:CreditNoteTypeCode> 
	<cbc:DocumentCurrencyCode>SEK</cbc:DocumentCurrencyCode>
	<!-- Rule PEPPOL-EN16931-R003: BuyerReference or OrderReference/ID is required: -->
	<cbc:BuyerReference>ACE22</cbc:BuyerReference>

	<cac:AccountingSupplierParty>
		<cac:Party>
 			<cbc:EndpointID schemeID="0007">1234512345</cbc:EndpointID> 
			<cac:PostalAddress>
				<cac:Country>
					<cbc:IdentificationCode>SE</cbc:IdentificationCode>
				</cac:Country>
			</cac:PostalAddress>
			<cac:PartyTaxScheme>
				<cbc:CompanyID>SE123451234501</cbc:CompanyID>
				<cac:TaxScheme>
					<cbc:ID>VAT</cbc:ID>
				</cac:TaxScheme>
			</cac:PartyTaxScheme>
			<cac:PartyLegalEntity>
				<cbc:RegistrationName>Säljbolaget AB</cbc:RegistrationName>
			</cac:PartyLegalEntity>
		</cac:Party>
	</cac:AccountingSupplierParty>

	<cac:AccountingCustomerParty>
		<cac:Party>
			<cbc:EndpointID schemeID="0007">9876543210</cbc:EndpointID>  
			<cac:PostalAddress>
				<cac:Country>
					<cbc:IdentificationCode>SE</cbc:IdentificationCode>
				</cac:Country>
			</cac:PostalAddress>
			<cac:PartyLegalEntity>
				<cbc:RegistrationName>Centrala Inköps Handelsbolag</cbc:RegistrationName>
			</cac:PartyLegalEntity>
		</cac:Party>
	</cac:AccountingCustomerParty>

<!-- Previously, rule BR-CO-25 required the presence of either payment terms or payment due date when PayableAmount>0.  
     The rule was removed from the credit note thru the version 3.0.4 hotfix 2019-08-15. The rule remains in the invoice.
	<cac:PaymentTerms>
		<cbc:Note>As per contract clasuse X.123</cbc:Note>
	</cac:PaymentTerms>
-->

	<cac:TaxTotal>
		<cbc:TaxAmount currencyID="SEK">100</cbc:TaxAmount>
		<cac:TaxSubtotal>
			<cbc:TaxableAmount currencyID="SEK">400</cbc:TaxableAmount>
			<cbc:TaxAmount currencyID="SEK">100</cbc:TaxAmount>
			<cac:TaxCategory>
				<cbc:ID>S</cbc:ID>
				<cbc:Percent>25</cbc:Percent>
				<cac:TaxScheme>
					<cbc:ID>VAT</cbc:ID>
				</cac:TaxScheme>
			</cac:TaxCategory>
		</cac:TaxSubtotal>
	</cac:TaxTotal>

	<cac:LegalMonetaryTotal>
		<cbc:LineExtensionAmount currencyID="SEK">400</cbc:LineExtensionAmount> 
		<cbc:TaxExclusiveAmount currencyID="SEK">400</cbc:TaxExclusiveAmount> 
		<cbc:TaxInclusiveAmount currencyID="SEK">500</cbc:TaxInclusiveAmount> 
		<cbc:PayableAmount currencyID="SEK">500</cbc:PayableAmount>
	</cac:LegalMonetaryTotal> 

	<cac:CreditNoteLine>
		<cbc:ID>1</cbc:ID>
		<cbc:CreditedQuantity unitCode="MON">1</cbc:CreditedQuantity> 
		<cbc:LineExtensionAmount currencyID="SEK">400</cbc:LineExtensionAmount> 
		<cac:Item>
			<cbc:Name>Service fee</cbc:Name> 
			<cac:ClassifiedTaxCategory>
				<cbc:ID>S</cbc:ID> 
				<cbc:Percent>25</cbc:Percent>
				<cac:TaxScheme>
					<cbc:ID>VAT</cbc:ID> 
				</cac:TaxScheme>
			</cac:ClassifiedTaxCategory> 
		</cac:Item>
		<cac:Price>
			<cbc:PriceAmount currencyID="SEK">400</cbc:PriceAmount> 
		</cac:Price>
	</cac:CreditNoteLine>

</CreditNote>