<?xml version="1.0" encoding="UTF-8"?>
<CodeList xmlns="urn:fdc:difi.no:2017:vefa:structure:CodeList-1">

    <Title>Province Italiane</Title>
    <Identifier>ProvinceItaliane</Identifier>
    <Version>1.0</Version>
    <Agency>AGID</Agency>

    <Code>
        <Id>AG</Id>
        <Name>Agrigento</Name>
    </Code>
    <Code>
        <Id>AL</Id>
        <Name>Alessandria</Name>
    </Code>
    <Code>
        <Id>AN</Id>
        <Name>Ancona</Name>
    </Code>
    <Code>
        <Id>AO</Id>
        <Name>Aosta</Name>
    </Code>
    <Code>
        <Id>AR</Id>
        <Name>Arezzo</Name>
    </Code>
    <Code>
        <Id>AP</Id>
        <Name>Ascoli Piceno</Name>
    </Code>
    <Code>
        <Id>AT</Id>
        <Name>Asti</Name>
    </Code>
    <Code>
        <Id>AV</Id>
        <Name>Avellino</Name>
    </Code>
    <Code>
        <Id>BA</Id>
        <Name>Bari</Name>
    </Code>
    <Code>
        <Id>BT</Id>
        <Name>Barletta-Andria-Trani</Name>
    </Code>
    <Code>
        <Id>BL</Id>
        <Name>Belluno</Name>
    </Code>
    <Code>
        <Id>BN</Id>
        <Name>Benevento</Name>
    </Code>
    <Code>
        <Id>BG</Id>
        <Name>Bergamo</Name>
    </Code>
    <Code>
        <Id>BI</Id>
        <Name>Biella</Name>
    </Code>
    <Code>
        <Id>BO</Id>
        <Name>Bologna</Name>
    </Code>
    <Code>
        <Id>BZ</Id>
        <Name>Bolzano</Name>
    </Code>
    <Code>
        <Id>BS</Id>
        <Name>Brescia</Name>
    </Code>
    <Code>
        <Id>BR</Id>
        <Name>Brindisi</Name>
    </Code>
    <Code>
        <Id>CA</Id>
        <Name>Cagliari</Name>
    </Code>
    <Code>
        <Id>CL</Id>
        <Name>Caltanissetta</Name>
    </Code>
    <Code>
        <Id>CB</Id>
        <Name>Campobasso</Name>
    </Code>
    <Code>
        <Id>CI</Id>
        <Name>Carbonia-Iglesias</Name>
    </Code>
    <Code>
        <Id>CE</Id>
        <Name>Caserta</Name>
    </Code>
    <Code>
        <Id>CT</Id>
        <Name>Catania</Name>
    </Code>
    <Code>
        <Id>CZ</Id>
        <Name>Catanzaro</Name>
    </Code>
    <Code>
        <Id>CH</Id>
        <Name>Chieti</Name>
    </Code>
    <Code>
        <Id>CO</Id>
        <Name>Como</Name>
    </Code>
    <Code>
        <Id>CS</Id>
        <Name>Cosenza</Name>
    </Code>
    <Code>
        <Id>CR</Id>
        <Name>Cremona</Name>
    </Code>
    <Code>
        <Id>KR</Id>
        <Name>Crotone</Name>
    </Code>
    <Code>
        <Id>CN</Id>
        <Name>Cuneo</Name>
    </Code>
    <Code>
        <Id>EN</Id>
        <Name>Enna</Name>
    </Code>
    <Code>
        <Id>FM</Id>
        <Name>Fermo</Name>
    </Code>
    <Code>
        <Id>FE</Id>
        <Name>Ferrara</Name>
    </Code>
    <Code>
        <Id>FI</Id>
        <Name>Firenze</Name>
    </Code>
    <Code>
        <Id>FG</Id>
        <Name>Foggia</Name>
    </Code>
    <Code>
        <Id>FC</Id>
        <Name>Forlì-Cesena</Name>
    </Code>
    <Code>
        <Id>FR</Id>
        <Name>Frosinone</Name>
    </Code>
    <Code>
        <Id>GE</Id>
        <Name>Genova</Name>
    </Code>
    <Code>
        <Id>GO</Id>
        <Name>Gorizia</Name>
    </Code>
    <Code>
        <Id>GR</Id>
        <Name>Grosseto</Name>
    </Code>
    <Code>
        <Id>IM</Id>
        <Name>Imperia</Name>
    </Code>
    <Code>
        <Id>IS</Id>
        <Name>Isernia</Name>
    </Code>
    <Code>
        <Id>SP</Id>
        <Name>La Spezia</Name>
    </Code>
    <Code>
        <Id>AQ</Id>
        <Name>L'Aquila</Name>
    </Code>
    <Code>
        <Id>LT</Id>
        <Name>Latina</Name>
    </Code>
    <Code>
        <Id>LE</Id>
        <Name>Lecce</Name>
    </Code>
    <Code>
        <Id>LC</Id>
        <Name>Lecco</Name>
    </Code>
    <Code>
        <Id>LI</Id>
        <Name>Livorno</Name>
    </Code>
    <Code>
        <Id>LO</Id>
        <Name>Lodi</Name>
    </Code>
    <Code>
        <Id>LU</Id>
        <Name>Lucca</Name>
    </Code>
    <Code>
        <Id>MC</Id>
        <Name>Macerata</Name>
    </Code>
    <Code>
        <Id>MN</Id>
        <Name>Mantova</Name>
    </Code>
    <Code>
        <Id>MS</Id>
        <Name>Massa-Carrara</Name>
    </Code>
    <Code>
        <Id>MT</Id>
        <Name>Matera</Name>
    </Code>
    <Code>
        <Id>ME</Id>
        <Name>Messina</Name>
    </Code>
    <Code>
        <Id>MI</Id>
        <Name>Milano</Name>
    </Code>
    <Code>
        <Id>MO</Id>
        <Name>Modena</Name>
    </Code>
    <Code>
        <Id>MB</Id>
        <Name>Monza</Name>
    </Code>
    <Code>
        <Id>NA</Id>
        <Name>Napoli</Name>
    </Code>
    <Code>
        <Id>NO</Id>
        <Name>Novara</Name>
    </Code>
    <Code>
        <Id>NU</Id>
        <Name>Nuoro</Name>
    </Code>
    <Code>
        <Id>OT</Id>
        <Name>Olbia-Tempio</Name>
    </Code>
    <Code>
        <Id>OR</Id>
        <Name>Oristano</Name>
    </Code>
    <Code>
        <Id>PD</Id>
        <Name>Padova</Name>
    </Code>
    <Code>
        <Id>PA</Id>
        <Name>Palermo</Name>
    </Code>
    <Code>
        <Id>PR</Id>
        <Name>Parma</Name>
    </Code>
    <Code>
        <Id>PV</Id>
        <Name>Pavia</Name>
    </Code>
    <Code>
        <Id>PG</Id>
        <Name>Perugia</Name>
    </Code>
    <Code>
        <Id>PU</Id>
        <Name>Pesaro e Urbino</Name>
    </Code>
    <Code>
        <Id>PE</Id>
        <Name>Pescara</Name>
    </Code>
    <Code>
        <Id>PC</Id>
        <Name>Piacenza</Name>
    </Code>
    <Code>
        <Id>PI</Id>
        <Name>Pisa</Name>
    </Code>
    <Code>
        <Id>PT</Id>
        <Name>Pistoia</Name>
    </Code>
    <Code>
        <Id>PN</Id>
        <Name>Pordenone</Name>
    </Code>
    <Code>
        <Id>PZ</Id>
        <Name>Potenza</Name>
    </Code>
    <Code>
        <Id>PO</Id>
        <Name>Prato</Name>
    </Code>
    <Code>
        <Id>RG</Id>
        <Name>Ragusa</Name>
    </Code>
    <Code>
        <Id>RA</Id>
        <Name>Ravenna</Name>
    </Code>
    <Code>
        <Id>RC</Id>
        <Name>Reggio Calabria</Name>
    </Code>
    <Code>
        <Id>RE</Id>
        <Name>Reggio Emilia</Name>
    </Code>
    <Code>
        <Id>RI</Id>
        <Name>Rieti</Name>
    </Code>
    <Code>
        <Id>RN</Id>
        <Name>Rimini</Name>
    </Code>
    <Code>
        <Id>RM</Id>
        <Name>Roma</Name>
    </Code>
    <Code>
        <Id>RO</Id>
        <Name>Rovigo</Name>
    </Code>
    <Code>
        <Id>SA</Id>
        <Name>Salerno</Name>
    </Code>
    <Code>
        <Id>VS</Id>
        <Name>Medio Campidano</Name>
    </Code>
    <Code>
        <Id>SS</Id>
        <Name>Sassari</Name>
    </Code>
    <Code>
        <Id>SV</Id>
        <Name>Savona</Name>
    </Code>
    <Code>
        <Id>SI</Id>
        <Name>Siena</Name>
    </Code>
    <Code>
        <Id>SR</Id>
        <Name>Siracusa</Name>
    </Code>
    <Code>
        <Id>SO</Id>
        <Name>Sondrio</Name>
    </Code>
    <Code>
        <Id>TA</Id>
        <Name>Taranto</Name>
    </Code>
    <Code>
        <Id>TE</Id>
        <Name>Teramo</Name>
    </Code>
    <Code>
        <Id>TR</Id>
        <Name>Terni</Name>
    </Code>
    <Code>
        <Id>TO</Id>
        <Name>Torino</Name>
    </Code>
    <Code>
        <Id>OG</Id>
        <Name>Ogliastra</Name>
    </Code>
    <Code>
        <Id>TP</Id>
        <Name>Trapani</Name>
    </Code>
    <Code>
        <Id>TN</Id>
        <Name>Trento</Name>
    </Code>
    <Code>
        <Id>TV</Id>
        <Name>Treviso</Name>
    </Code>
    <Code>
        <Id>TS</Id>
        <Name>Trieste</Name>
    </Code>
    <Code>
        <Id>UD</Id>
        <Name>Udine</Name>
    </Code>
    <Code>
        <Id>VA</Id>
        <Name>Varese</Name>
    </Code>
    <Code>
        <Id>VE</Id>
        <Name>Venezia</Name>
    </Code>
    <Code>
        <Id>VB</Id>
        <Name>Verbano-Cusio-Ossola</Name>
    </Code>
    <Code>
        <Id>VC</Id>
        <Name>Vercelli</Name>
    </Code>
    <Code>
        <Id>VR</Id>
        <Name>Verona</Name>
    </Code>
    <Code>
        <Id>VV</Id>
        <Name>Vibo Valentia</Name>
    </Code>
    <Code>
        <Id>VI</Id>
        <Name>Vicenza</Name>
    </Code>
    <Code>
        <Id>VT</Id>
        <Name>Viterbo</Name>
    </Code>

</CodeList>