<?xml version="1.0" encoding="UTF-8"?>
<CodeList xmlns="urn:fdc:difi.no:2017:vefa:structure:CodeList-1">

    <Title>Duty or tax or fee category code (Subset of UNCL5305)</Title>
    <Identifier>UNCL5305</Identifier>
    <Version>D.16B</Version>
    <Agency>UN/CEFACT</Agency>
    <Subset>OpenPEPPOL</Subset>

    <Code>
        <Id>AE</Id>
        <Name>Vat Reverse Charge</Name>
        <Description>Code specifying that the standard VAT rate is levied from the invoicee.</Description>
        <LocalId>N6.1, N6.2, N6.3, N6.4, N6.5, N6.6, N6.7, N6.8, N6.9</LocalId>
		<LocalName>Inversione contabile</LocalName>
        <LocalDescription>N6.1=inversione contabile - cessione di rottami e altri materiali di recupero, 
		N6.2=inversione contabile - cessione di oro e argento puro, 
		N6.3=inversione contabile - subappalto nel settore edile, 
		N6.4=inversione contabile - cessione di fabbricati, 
		N6.5=inversione contabile - cessione di telefoni cellulari, 
		N6.6=inversione contabile - cessione di prodotti elettronici, 
		N6.7=inversione contabile - prestazioni comparto edile e settori connessi, 
		N6.8=inversione contabile - operazioni settore energetico, 
		N6.9=inversione contabile - altri casi</LocalDescription>
    </Code>

    <Code>
        <Id>E</Id>
        <Name>Exempt from Tax</Name>
        <Description>Code specifying that taxes are not applicable.</Description>
        <LocalId>N2.1, N2.2, N4, N5</LocalId>
		<LocalName>Esente</LocalName>
        <LocalDescription>N2.1=non soggette ad IVA ai sensi degli artt. da 7 a 7-septies del DPR 633/72,
		N2.2=non soggette - altri casi,
		N4=esenti,
		N5=regime del margine / IVA non esposta in fattura.</LocalDescription>
    </Code>

    <Code>
        <Id>S</Id>
        <Name>Standard rate</Name>
        <Description>Code specifying the standard rate.</Description>
        <LocalDescription>Imposta standard</LocalDescription>
    </Code>

    <Code>
        <Id>Z</Id>
        <Name>Zero rated goods</Name>
        <Description>Code specifying that the goods are at a zero rate.</Description>
        <LocalId>N1</LocalId>
        <LocalDescription>Esclusa ex art. 15</LocalDescription>
    </Code>

    <Code>
        <Id>G</Id>
        <Name>Free export item, VAT not charged</Name>
        <Description>Code specifying that the item is free export and taxes
            are not charged.</Description>
        <LocalId>N3.1, N3.3, N3.4, N3.5</LocalId>
		<LocalName>Non Imponibile (per le esportazioni)</LocalName>
        <LocalDescription>N3.1=non imponibili - esportazioni,
		N3.3=non imponibili - cessioni verso San Marino,
		N3.4=non imponibili - operazioni assimilate alle cessioni all'esportazione,
		N3.5=non imponibili - a seguito di dichiarazioni d'intento</LocalDescription>
    </Code>

    <Code>
        <Id>O</Id>
        <Name>Services outside scope of tax</Name>
        <Description>Code specifying that taxes are not applicable to the
            services.</Description>
        <LocalDescription>Fuori campo IVA.</LocalDescription>
    </Code>
    <Code>
        <Id>K</Id>
        <Name>VAT exempt for EEA intra-community supply of goods and
            services</Name>
        <Description>A tax category code indicating the item is VAT exempt
            due to an intra-community supply in the European
            Economic Area.</Description>
        <LocalId>N3.2, N3.6, N7</LocalId>
		<LocalName>Non Imponibile (per le esportazioni intra-EEA)</LocalName>
        <LocalDescription>N3.2=non imponibili - cessioni intracomunitarie, 
		N3.6=non imponibili - altre operazioni, 
		N7=IVA assolta in altro stato UE (vendite a distanza ex art. 40 c. 3 e 4 e art. 41 c. 1 lett. b, DL 331/93; prestazione di servizi di telecomunicazioni, teleradiodiffusione ed elettronici ex art. 7-sexies lett. f, g, art. 74-sexies DPR 633/72)</LocalDescription>
    </Code>
    
    <Code>
        <Id>L</Id>
        <Name>Canary Islands general indirect tax</Name>
        <Description>Impuesto General Indirecto Canario (IGIC) is an indirect
            tax levied on goods and services supplied in the Canary
            Islands (Spain) by traders and professionals, as well as
            on import of goods.</Description>
		<LocalDescription>Imposta indiretta delle Isole Canarie.</LocalDescription>
    </Code>
    
    <Code>
        <Id>M</Id>
        <Name>Tax for production, services and importation in Ceuta and
            Melilla</Name>
        <Description>Impuesto sobre la Producción, los Servicios y la
            Importación (IPSI) is an indirect municipal tax, levied
            on the production, processing and import of all kinds of
            movable tangible property, the supply of services and
            the transfer of immovable property located in the cities
            of Ceuta and Melilla.</Description>
		<LocalDescription>Imposta per la produzione, servizi e importazione in Ceuta e Melilla.</LocalDescription>
    </Code>
	
	<Code>
        <Id>B</Id>
        <Name>Transferred (VAT), In Italy</Name>
        <Description>VAT not to be paid to the issuer of the invoice but directly to relevant tax authority. This code is allowed in the EN 16931 for Italy only based on the Italian A-deviation.</Description>
		<LocalDescription>Regime di Split Payment.</LocalDescription>
    </Code>
</CodeList>