﻿<?xml version="1.0" encoding="UTF-8"?>
<CodeList xmlns="urn:www.ubl-italia.org:spec:fatturapa:codelist:gc:VATSchemes">
	<Title>VAT Schemes</Title>
	<Identifier>VATSchemes</Identifier>
	<Version>1.0</Version>
	<Agency>UBL-ITALIA</Agency>
	<Code>
		<LocalId>AD</LocalId>
		<Id>AD:VAT</Id>
	</Code>
	<Code>
		<LocalId>AL</LocalId>
		<Id>AL:VAT</Id>
	</Code>
	<Code>
		<LocalId>AT</LocalId>
		<Id>AT:VAT</Id>
	</Code>
	<Code>
		<LocalId>BA</LocalId>
		<Id>BA:VAT</Id>
	</Code>
	<Code>
		<LocalId>BE</LocalId>
		<Id>BE:VAT</Id>
	</Code>
	<Code>
		<LocalId>BG</LocalId>
		<Id>BG:VAT</Id>
	</Code>
	<Code>
		<LocalId>CH</LocalId>
		<Id>CH:VAT</Id>
	</Code>
	<Code>
		<LocalId>CY</LocalId>
		<Id>CY:VAT</Id>
	</Code>
	<Code>
		<LocalId>CZ</LocalId>
		<Id>CZ:VAT</Id>
	</Code>
	<Code>
		<LocalId>DE</LocalId>
		<Id>DE:VAT</Id>
	</Code>
	<Code>
		<LocalId>DK</LocalId>
		<Id>DK:CVR</Id>
	</Code>
	<Code>
		<LocalId>EE</LocalId>
		<Id>EE:VAT</Id>
	</Code>
	<Code>
		<LocalId>ES</LocalId>
		<Id>ES:VAT</Id>
	</Code>
	<Code>
		<LocalId>FI</LocalId>
		<Id>FI:OVT</Id>
	</Code>
	<Code>
		<LocalId>FR</LocalId>
		<Id>FR:SIRENE</Id>
	</Code>
	<Code>
		<LocalId>GB</LocalId>
		<Id>GB:VAT</Id>
	</Code>
	<Code>
		<LocalId>GR</LocalId>
		<Id>GR:VAT</Id>
	</Code>
	<Code>
		<LocalId>HR</LocalId>
		<Id>HR:VAT</Id>
	</Code>
	<Code>
		<LocalId>HU</LocalId>
		<Id>HU:VAT</Id>
	</Code>
	<Code>
		<LocalId>IE</LocalId>
		<Id>IE:VAT</Id>
	</Code>
	<Code>
		<LocalId>IT</LocalId>
		<Id>IT:VAT</Id>
	</Code>
	<Code>
		<LocalId>LI</LocalId>
		<Id>LI:VAT</Id>
	</Code>
	<Code>
		<LocalId>LT</LocalId>
		<Id>LT:VAT</Id>
	</Code>
	<Code>
		<LocalId>LU</LocalId>
		<Id>LU:VAT</Id>
	</Code>
	<Code>
		<LocalId>LV</LocalId>
		<Id>LV:VAT</Id>
	</Code>
	<Code>
		<LocalId>MC</LocalId>
		<Id>MC:VAT</Id>
	</Code>
	<Code>
		<LocalId>ME</LocalId>
		<Id>ME:VAT</Id>
	</Code>
	<Code>
		<LocalId>MK</LocalId>
		<Id>MK:VAT</Id>
	</Code>
	<Code>
		<LocalId>MT</LocalId>
		<Id>MT:VAT</Id>
	</Code>
	<Code>
		<LocalId>NL</LocalId>
		<Id>NL:VAT</Id>
	</Code>
	<Code>
		<LocalId>NO</LocalId>
		<Id>NO:VAT</Id>
	</Code>
	<Code>
		<LocalId>PL</LocalId>
		<Id>PL:VAT</Id>
	</Code>
	<Code>
		<LocalId>PT</LocalId>
		<Id>PT:VAT</Id>
	</Code>
	<Code>
		<LocalId>RO</LocalId>
		<Id>RO:VAT</Id>
	</Code>
	<Code>
		<LocalId>RS</LocalId>
		<Id>RS:VAT</Id>
	</Code>
	<Code>
		<LocalId>SI</LocalId>
		<Id>SI:VAT</Id>
	</Code>
	<Code>
		<LocalId>SK</LocalId>
		<Id>SK:VAT</Id>
	</Code>
	<Code>
		<LocalId>SM</LocalId>
		<Id>SM:VAT</Id>
	</Code>
	<Code>
		<LocalId>TR</LocalId>
		<Id>TR:VAT</Id>
	</Code>
	<Code>
		<LocalId>VA</LocalId>
		<Id>VA:VAT</Id>
	</Code>
	<Code>
		<LocalId>SE</LocalId>
		<Id>SE:VAT</Id>
	</Code>
</CodeList>