<?xml version="1.0" encoding="UTF-8"?>
<Faktura xmlns:etd="http://crd.gov.pl/xml/schematy/dziedzinowe/mf/2022/01/05/eD/DefinicjeTypy/" xmlns:xsi="http://www.w3.org/2001/XMLSchema-instance"
xmlns="http://crd.gov.pl/wzor/2025/06/25/13775/">
	<Naglowek>
		<KodFormularza kodSystemowy="FA (3)" wersjaSchemy="1-0E">FA</KodFormularza>
		<WariantFormularza>3</WariantFormularza>
		<DataWytworzeniaFa>2026-02-15T09:30:47Z</DataWytworzeniaFa>
		<SystemInfo>Samplofaktur</SystemInfo>
	</Naglowek>
	<Podmiot1>
		<DaneIdentyfikacyjne>
			<NIP>9999999999</NIP>
			<Nazwa>ABC AGD sp. z o. o.</Nazwa>
		</DaneIdentyfikacyjne>
		<Adres>
			<KodKraju>PL</KodKraju>
			<AdresL1>ul. Kwiatowa 1 m. 2</AdresL1>
			<AdresL2>00-001 Warszawa</AdresL2>
		</Adres>
		<DaneKontaktowe>
			<Email>abc@abc.pl</Email>
			<Telefon>667444555</Telefon>
		</DaneKontaktowe>
	</Podmiot1>
	<Podmiot2>
		<DaneIdentyfikacyjne>
			<NIP>1111111111</NIP>
			<Nazwa>CeDeE s.c.</Nazwa>
		</DaneIdentyfikacyjne>
		<Adres>
			<KodKraju>PL</KodKraju>
			<AdresL1>ul. Sadowa 1 lok. 3</AdresL1>
			<AdresL2>00-002 Kraków</AdresL2>
		</Adres>
		<DaneKontaktowe>
			<Email>cde@cde.pl</Email>
			<Telefon>555777999</Telefon>
		</DaneKontaktowe>
		<NrKlienta>fdfd778343</NrKlienta>
		<IDNabywcy>0001</IDNabywcy>
		<JST>2</JST>
		<GV>2</GV>
	</Podmiot2>
	<Fa>
		<KodWaluty>PLN</KodWaluty>
		<P_1>2026-04-01</P_1>
		<P_1M>Warszawa</P_1M>
		<P_2>FK2026/04/23</P_2>
		<P_15>0</P_15>
		<Adnotacje>
			<P_16>2</P_16>
			<P_17>2</P_17>
			<P_18>2</P_18>
			<P_18A>2</P_18A>
			<Zwolnienie>
				<P_19N>1</P_19N>
			</Zwolnienie>
			<NoweSrodkiTransportu>
				<P_22N>1</P_22N>
			</NoweSrodkiTransportu>
			<P_23>2</P_23>
			<PMarzy>
				<P_PMarzyN>1</P_PMarzyN>
			</PMarzy>
		</Adnotacje>
		<RodzajFaktury>KOR</RodzajFaktury>
		<PrzyczynaKorekty>błędna nazwa nabywcy</PrzyczynaKorekty>
		<TypKorekty>1</TypKorekty>
		<DaneFaKorygowanej>
			<DataWystFaKorygowanej>2026-02-15</DataWystFaKorygowanej>
			<NrFaKorygowanej>FV2026/02/150</NrFaKorygowanej>
			<NrKSeF>1</NrKSeF>
			<NrKSeFFaKorygowanej>9999999999-20230908-8BEF280C8D35-4D</NrKSeFFaKorygowanej>
		</DaneFaKorygowanej>
		<Podmiot2K>
			<DaneIdentyfikacyjne>
				<NIP>1111111111</NIP>
				<Nazwa>CDE sp. j.</Nazwa>
			</DaneIdentyfikacyjne>
			<Adres>
				<KodKraju>PL</KodKraju>
				<AdresL1>ul. Sadowa 1 lok. 3</AdresL1>
				<AdresL2>00-002 Kraków</AdresL2>
			</Adres>
			<IDNabywcy>0001</IDNabywcy>
		</Podmiot2K>
	</Fa>
	<Stopka>
		<Informacje>
			<StopkaFaktury>Kapiał zakładowy 5 000 000</StopkaFaktury>
		</Informacje>
		<Rejestry>
			<KRS>0000099999</KRS>
			<REGON>999999999</REGON>
			<BDO>000099999</BDO>
		</Rejestry>
	</Stopka>
</Faktura>
