<?xml version="1.0" encoding="UTF-8"?>
<testSet xmlns="http://difi.no/xsd/vefa/validator/1.0" configuration="peppolbis-t01-base-3.0">
	<assert>
		<description>ICD (0007) provided.</description>
		<scope>PEPPOL-COMMON-R049</scope>
	</assert>
	

    
	    <test>
		<assert>
			<success>PEPPOL-COMMON-R049</success>
		</assert>
   		<Order xmlns:cac="urn:oasis:names:specification:ubl:schema:xsd:CommonAggregateComponents-2"
			xmlns:cbc="urn:oasis:names:specification:ubl:schema:xsd:CommonBasicComponents-2"
			xmlns="urn:oasis:names:specification:ubl:schema:xsd:Order-2">
			<cac:BuyerCustomerParty>
				<cac:Party>
					<cbc:EndpointID schemeID="0007">2021005489</cbc:EndpointID>
				</cac:Party>
			</cac:BuyerCustomerParty>
		</Order>
	</test>
	
    

    <test>
		<assert>
			<error>PEPPOL-COMMON-R049</error>
		</assert>
   		<Order xmlns:cac="urn:oasis:names:specification:ubl:schema:xsd:CommonAggregateComponents-2"
			xmlns:cbc="urn:oasis:names:specification:ubl:schema:xsd:CommonBasicComponents-2"
			xmlns="urn:oasis:names:specification:ubl:schema:xsd:Order-2">
			<cac:BuyerCustomerParty>
				<cac:Party>
					<cbc:EndpointID schemeID="0007">553322-1144</cbc:EndpointID>
				</cac:Party>
			</cac:BuyerCustomerParty>
		</Order>
	</test>
    
    
    <test>
		<assert>
			<error>PEPPOL-COMMON-R049</error>
		</assert>
   		<Order xmlns:cac="urn:oasis:names:specification:ubl:schema:xsd:CommonAggregateComponents-2"
			xmlns:cbc="urn:oasis:names:specification:ubl:schema:xsd:CommonBasicComponents-2"
			xmlns="urn:oasis:names:specification:ubl:schema:xsd:Order-2">
			<cac:BuyerCustomerParty>
				<cac:Party>
					<cbc:EndpointID schemeID="0007">SE5533221144</cbc:EndpointID>
				</cac:Party>
			</cac:BuyerCustomerParty>
		</Order>
	</test>
    
	<test>
		<assert>
			<error>PEPPOL-COMMON-R049</error>
		</assert>
   		<Order xmlns:cac="urn:oasis:names:specification:ubl:schema:xsd:CommonAggregateComponents-2"
			xmlns:cbc="urn:oasis:names:specification:ubl:schema:xsd:CommonBasicComponents-2"
			xmlns="urn:oasis:names:specification:ubl:schema:xsd:Order-2">
			<cac:BuyerCustomerParty>
				<cac:Party>
					<cbc:EndpointID schemeID="0007">2021005480</cbc:EndpointID>
				</cac:Party>
			</cac:BuyerCustomerParty>
		</Order>
	</test>
</testSet>
