<?xml version="1.0" encoding="UTF-8"?>
<testSet xmlns="http://difi.no/xsd/vefa/validator/1.0" configuration="peppolbis-en16931-base-3.0-ubl">
	<assert>
		<description>Invalid Beligan organization number (0208) provided.</description>
		<scope>PEPPOL-COMMON-R043</scope>
	</assert>
	
	<test>
		<assert>
			<success>PEPPOL-COMMON-R043</success>
		</assert>
		<Invoice xmlns:cac="urn:oasis:names:specification:ubl:schema:xsd:CommonAggregateComponents-2" xmlns:cbc="urn:oasis:names:specification:ubl:schema:xsd:CommonBasicComponents-2" xmlns="urn:oasis:names:specification:ubl:schema:xsd:Invoice-2">
			<cac:AccountingCustomerParty>
				<cac:Party>
					<cac:PartyLegalEntity>
						<cbc:RegistrationName>Duvel</cbc:RegistrationName>
						<cbc:CompanyID schemeID="0208">0739484052</cbc:CompanyID>
					</cac:PartyLegalEntity>
				</cac:Party>
			</cac:AccountingCustomerParty>
		</Invoice>
	</test>
    
	    <test>
		<assert>
			<success>PEPPOL-COMMON-R043</success>
		</assert>
		<Invoice xmlns:cac="urn:oasis:names:specification:ubl:schema:xsd:CommonAggregateComponents-2" xmlns:cbc="urn:oasis:names:specification:ubl:schema:xsd:CommonBasicComponents-2" xmlns="urn:oasis:names:specification:ubl:schema:xsd:Invoice-2">
			<cac:AccountingCustomerParty>
				<cac:Party>
					<cbc:EndpointID schemeID="0208">0739484052</cbc:EndpointID>
				</cac:Party>
			</cac:AccountingCustomerParty>
		</Invoice>
	</test>
	
    <test>
		<assert>
			<success>PEPPOL-COMMON-R043</success>
		</assert>
		<Invoice xmlns:cac="urn:oasis:names:specification:ubl:schema:xsd:CommonAggregateComponents-2" xmlns:cbc="urn:oasis:names:specification:ubl:schema:xsd:CommonBasicComponents-2" xmlns="urn:oasis:names:specification:ubl:schema:xsd:Invoice-2">
			<cac:AccountingSupplierParty>
				<cac:Party>
					<cbc:EndpointID schemeID="0208">0739484052</cbc:EndpointID>
				</cac:Party>
			</cac:AccountingSupplierParty>
		</Invoice>
	</test>
    
    <test>
		<assert>
			<success>PEPPOL-COMMON-R043</success>
		</assert>
		<CreditNote xmlns:cac="urn:oasis:names:specification:ubl:schema:xsd:CommonAggregateComponents-2" xmlns:cbc="urn:oasis:names:specification:ubl:schema:xsd:CommonBasicComponents-2" xmlns="urn:oasis:names:specification:ubl:schema:xsd:CreditNote-2">
			<cac:AccountingCustomerParty>
				<cac:Party>
					<cac:PartyLegalEntity>
						<cbc:RegistrationName>Duvel</cbc:RegistrationName>
						<cbc:CompanyID schemeID="0208">0739484052</cbc:CompanyID>
					</cac:PartyLegalEntity>
				</cac:Party>
			</cac:AccountingCustomerParty>
		</CreditNote>
	</test>
    
   
    <test>
		<assert>
			<error>PEPPOL-COMMON-R043</error>
		</assert>
		<Invoice xmlns:cac="urn:oasis:names:specification:ubl:schema:xsd:CommonAggregateComponents-2" xmlns:cbc="urn:oasis:names:specification:ubl:schema:xsd:CommonBasicComponents-2" xmlns="urn:oasis:names:specification:ubl:schema:xsd:Invoice-2">
			<cac:AccountingCustomerParty>
				<cac:Party>
					<cac:PartyLegalEntity>
						<cbc:RegistrationName>Duvel</cbc:RegistrationName>
						<cbc:CompanyID schemeID="0208">07399999484052</cbc:CompanyID> <!-- too long -->
					</cac:PartyLegalEntity>
				</cac:Party>
			</cac:AccountingCustomerParty>
		</Invoice>
	</test>
    
    <test>
		<assert>
			<error>PEPPOL-COMMON-R043</error>
		</assert>
		<Invoice xmlns:cac="urn:oasis:names:specification:ubl:schema:xsd:CommonAggregateComponents-2" xmlns:cbc="urn:oasis:names:specification:ubl:schema:xsd:CommonBasicComponents-2" xmlns="urn:oasis:names:specification:ubl:schema:xsd:Invoice-2">
			<cac:AccountingCustomerParty>
				<cac:Party>
					<cac:PartyLegalEntity>
						<cbc:RegistrationName>Duvel</cbc:RegistrationName>
						<cbc:CompanyID schemeID="0208">0739484059</cbc:CompanyID> <!-- Wrong modulus calc-->
					</cac:PartyLegalEntity>
				</cac:Party>
			</cac:AccountingCustomerParty>
		</Invoice>
	</test>
    
    <test>
		<assert>
			<error>PEPPOL-COMMON-R043</error>
		</assert>
		<Invoice xmlns:cac="urn:oasis:names:specification:ubl:schema:xsd:CommonAggregateComponents-2" xmlns:cbc="urn:oasis:names:specification:ubl:schema:xsd:CommonBasicComponents-2" xmlns="urn:oasis:names:specification:ubl:schema:xsd:Invoice-2">
			<cac:AccountingSupplierParty>
				<cac:Party>
					<cac:PartyLegalEntity>
						<cbc:RegistrationName>Duvel</cbc:RegistrationName>
						<cbc:CompanyID schemeID="0208">ABC</cbc:CompanyID> <!-- Not numeric -->
					</cac:PartyLegalEntity>
				</cac:Party>
			</cac:AccountingSupplierParty>
		</Invoice>
	</test>
    
    
	
</testSet>
