<?xml version="1.0" encoding="UTF-8"?>
<Element xmlns="urn:fdc:difi.no:2017:vefa:structure-1" cardinality="0..1">
 
        <Term>cac:TaxRepresentativeParty</Term>
        <Name>SELLER TAX REPRESENTATIVE PARTY</Name>
        <Description>A group of business terms providing information about the Seller's tax representative.
        </Description>
        <Reference type="BUSINESS_TERM">BG-11</Reference>
        
        <Element>
            <Term>cac:PartyName</Term>
            <Name>PARTY NAME</Name>
            
            <Element>
                <Term>cbc:Name</Term>
                <Name>Seller tax representative name</Name>
                <Description>The full name of the Seller's tax representative party.</Description>
                <DataType>Text</DataType>
                <Reference type="BUSINESS_TERM">BT-62</Reference>
                <Reference type="RULE">BR-18</Reference>
                <Value type="EXAMPLE">Tax Representative Name AS</Value>
            </Element>
        </Element>
        
        <Element>
            <Term>cac:PostalAddress</Term>
            <Name>SELLER TAX REPRESENTATIVE POSTAL ADDRESS</Name>
            <Description>A group of business terms providing information about the postal address for the tax representative
                party. Sufficient components of the address are to be filled to comply with legal requirements.
            </Description>
            <Reference type="BUSINESS_TERM">BG-12</Reference>
            <Reference type="RULE">BR-19</Reference>
            
            
            <Element cardinality="0..1">
                <Term>cbc:StreetName</Term>
                <Name>Tax representative address line 1</Name>
                <Description>The main address line in an address.</Description>
                <DataType>Text</DataType>
                <Reference type="BUSINESS_TERM">BT-64</Reference>
                <Value type="EXAMPLE">Lille gatan 545</Value>
            </Element>
            
            <Element cardinality="0..1">
                <Term>cbc:AdditionalStreetName</Term>
                <Name>Tax representative address line 2</Name>
                <Description>An additional address line in an address that can be used to give further details supplementing the
                    main line.
                </Description>
                <DataType>Text</DataType>
                <Reference type="BUSINESS_TERM">BT-65</Reference>
                <Value type="EXAMPLE">Po Box 987</Value>
            </Element>
            
            <Element cardinality="0..1">
                <Term>cbc:CityName</Term>
                <Name>Tax representative city</Name>
                <Description>The common name of the city, town or village, where the tax representative address is located.
                </Description>
                <DataType>Text</DataType>
                <Reference type="BUSINESS_TERM">BT-66</Reference>
                <Value type="EXAMPLE">Göteborg</Value>
            </Element>
            
            <Element cardinality="0..1">
                <Term>cbc:PostalZone</Term>
                <Name>Tax representative post code</Name>
                <Description>The identifier for an addressable group of properties according to the relevant postal service.
                </Description>
                <DataType>Text</DataType>
                <Reference type="BUSINESS_TERM">BT-67</Reference>
                <Value type="EXAMPLE">12345</Value>
            </Element>
            
            <Element cardinality="0..1">
                <Term>cbc:CountrySubentity</Term>
                <Name>Tax representative country subdivision</Name>
                <Description>The subdivision of a country.</Description>
                <DataType>Text</DataType>
                <Reference type="BUSINESS_TERM">BT-68</Reference>
                <Value type="EXAMPLE">Region Vest</Value>
            </Element>
            
            
            <Element cardinality="0..1">
                <Term>cac:AddressLine</Term>
                <Name>ADDRESS LINE</Name>
                
                <Element>
                    <Term>cbc:Line</Term>
                    <Name>Tax representative address line 3</Name>
                    <Description>An additional address line in an address that can be used to give further details supplementing the
                        main line.
                    </Description>
                    <DataType>Text</DataType>
                    <Reference type="BUSINESS_TERM">BT-164</Reference>
                    <Value type="EXAMPLE">A87</Value>
                </Element>
            </Element>
            
            <Element>
                <Term>cac:Country</Term>
                <Name>COUNTRY</Name>
                
                <Element>
                    <Term>cbc:IdentificationCode</Term>
                    <Name>Tax representative country code</Name>
                    <Description>A code that identifies the country.</Description>
                    <DataType>Code</DataType>
                    <Reference type="BUSINESS_TERM">BT-69</Reference>
                    <Reference type="RULE">BR-20</Reference>
                    <Reference type="RULE">BR-CL-14</Reference>
                    <Reference type="CODE_LIST">ISO3166</Reference>
                    <Value type="EXAMPLE">SE</Value>
                </Element>
            </Element>
        </Element>
        
        <Element>
            <Term>cac:PartyTaxScheme</Term>
            <Name>PARTY VAT IDENTIFIER</Name>
            
            <Element>
                <Term>cbc:CompanyID</Term>
                <Name>Seller tax representative VAT identifier</Name>
                <Description>The VAT identifier of the Seller's tax representative party.</Description>
                <DataType>Identifier</DataType>
                <Reference type="BUSINESS_TERM">BT-63</Reference>
                <Reference type="RULE">BR-56</Reference>
                <Reference type="RULE">BR-CO-09</Reference>
                <Reference type="RULE">BR-S-02</Reference>
                <Reference type="RULE">BR-S-03</Reference>
                <Reference type="RULE">BR-S-04</Reference>
                <Reference type="RULE">BR-Z-02</Reference>
                <Reference type="RULE">BR-Z-03</Reference>
                <Reference type="RULE">BR-Z-04</Reference>
                <Reference type="RULE">BR-E-02</Reference>
                <Reference type="RULE">BR-E-03</Reference>
                <Reference type="RULE">BR-E-04</Reference>
                <Reference type="RULE">BR-AE-02</Reference>
                <Reference type="RULE">BR-AE-03</Reference>
                <Reference type="RULE">BR-AE-04</Reference>
                <Reference type="RULE">BR-IC-02</Reference>
                <Reference type="RULE">BR-IC-03</Reference>
                <Reference type="RULE">BR-IC-04</Reference>
                <Reference type="RULE">BR-G-02</Reference>
                <Reference type="RULE">BR-G-03</Reference>
                <Reference type="RULE">BR-G-04</Reference>
                <Reference type="RULE">BR-O-02</Reference>
                <Reference type="RULE">BR-O-03</Reference>
                <Reference type="RULE">BR-O-04</Reference>
                <!--Reference type="RULE">BR-IG-02</Reference-->
                <!--Reference type="RULE">BR-IG-03</Reference-->
                <!--Reference type="RULE">BR-IG-04</Reference-->
                <!--Reference type="RULE">BR-IP-02</Reference-->
                <!--Reference type="RULE">BR-IP-03</Reference-->
                <!--Reference type="RULE">BR-IP-04</Reference-->
                <Value type="EXAMPLE">FR932874294</Value>
            </Element>
            
            <Element>
                <Term>cac:TaxScheme</Term>
                <Name>TAX SCHEME</Name>
                
                <Element>
                    <Term>cbc:ID</Term>
                    <Description>Mandatory element. Use “VAT”</Description>
                    <Value type="DEFAULT">VAT</Value>
                </Element>
            </Element>
        </Element>
    </Element>
    