<?xml version="1.0" encoding="UTF-8"?>
<DespatchAdvice xmlns="urn:oasis:names:specification:ubl:schema:xsd:DespatchAdvice-2"
	xmlns:cac="urn:oasis:names:specification:ubl:schema:xsd:CommonAggregateComponents-2"
	xmlns:cbc="urn:oasis:names:specification:ubl:schema:xsd:CommonBasicComponents-2">
	<cbc:CustomizationID>urn:fdc:peppol.eu:poacc:trns:despatch_advice:3:extended:urn:www.agid.gov.it:trns:ddt:3.1</cbc:CustomizationID>
	<cbc:ProfileID>urn:fdc:peppol.eu:poacc:bis:despatch_advice:3</cbc:ProfileID>
	<cbc:ID>V000016342</cbc:ID>
	<cbc:IssueDate>2014-08-28</cbc:IssueDate>
	<cbc:Note>Caso d'uso 2 - Spedizione semplice con quantità inevasa</cbc:Note>
	<cac:DespatchSupplierParty>
		<cac:Party>
			<cbc:EndpointID schemeID="9906">IT00204260285</cbc:EndpointID>
			<cac:PostalAddress>
				<cbc:StreetName>Via Lucio Dalla 1</cbc:StreetName>
				<cbc:CityName>Bologna</cbc:CityName>
				<cbc:PostalZone>40121</cbc:PostalZone>
				<cbc:CountrySubentity>Bologna</cbc:CountrySubentity>
				<cac:Country>
					<cbc:IdentificationCode>IT</cbc:IdentificationCode>
				</cac:Country>
			</cac:PostalAddress>
			<cac:PartyLegalEntity>
				<cbc:RegistrationName>STM Group</cbc:RegistrationName>
			</cac:PartyLegalEntity>
			<cac:Contact>
				<cbc:Name>Ufficio Spedizioni</cbc:Name>
				<cbc:Telephone>029506981</cbc:Telephone>
			</cac:Contact>
		</cac:Party>
	</cac:DespatchSupplierParty>
	<cac:DeliveryCustomerParty>
		<cac:Party>
			<cbc:EndpointID schemeID="0201">ufr9wk</cbc:EndpointID>
			<cac:PostalAddress>
				<cbc:StreetName>Via De Gasperi, 8</cbc:StreetName>
				<cbc:AdditionalStreetName>Destinatario</cbc:AdditionalStreetName>
				<cbc:CityName>Ravenna</cbc:CityName>
				<cbc:PostalZone>48121</cbc:PostalZone>
				<cbc:CountrySubentity>RA</cbc:CountrySubentity>
				<cac:Country>
					<cbc:IdentificationCode>IT</cbc:IdentificationCode>
				</cac:Country>
			</cac:PostalAddress>
			<cac:PartyLegalEntity>
				<cbc:RegistrationName>Azienda Ausl della Romagna</cbc:RegistrationName>
			</cac:PartyLegalEntity>
		</cac:Party>
		<cac:DeliveryContact>
			<cbc:Name>Magazzino Pievesestina</cbc:Name>
			<cbc:Telephone>0547394917</cbc:Telephone>
		</cac:DeliveryContact>
	</cac:DeliveryCustomerParty>
	<cac:BuyerCustomerParty>
		<cac:Party>
			<cac:PartyIdentification>
				<cbc:ID>CF:02483810392</cbc:ID>
			</cac:PartyIdentification>
			<cac:PartyName>
				<cbc:Name>Azienda Ausl della Romagna</cbc:Name>
			</cac:PartyName>
			<cac:PostalAddress>
				<cbc:StreetName>Via Napoli 1</cbc:StreetName>
				<cbc:CityName>Milano</cbc:CityName>
				<cbc:PostalZone>20100</cbc:PostalZone>
				<cbc:CountrySubentity>MI</cbc:CountrySubentity>
				<cac:Country>
					<cbc:IdentificationCode>IT</cbc:IdentificationCode>
				</cac:Country>
			</cac:PostalAddress>
		</cac:Party>
	</cac:BuyerCustomerParty>
	<cac:SellerSupplierParty>
		<cac:Party>
			<cac:PartyIdentification>
				<cbc:ID>PIVA:IT00204260285</cbc:ID>
			</cac:PartyIdentification>
			<cac:PartyName>
				<cbc:Name>FIDIA FARMACEUTICI S.p.A</cbc:Name>
			</cac:PartyName>
			<cac:PostalAddress>
				<cbc:StreetName>Via Napoli 1</cbc:StreetName>
				<cbc:CityName>Milano</cbc:CityName>
				<cbc:PostalZone>20100</cbc:PostalZone>
				<cbc:CountrySubentity>MI</cbc:CountrySubentity>
				<cac:Country>
					<cbc:IdentificationCode>IT</cbc:IdentificationCode>
				</cac:Country>
			</cac:PostalAddress>
		</cac:Party>
	</cac:SellerSupplierParty>
	<cac:Shipment>
		<cbc:ID>STM 0001946113</cbc:ID>
		<cbc:Information>Vendita</cbc:Information>
		<cbc:GrossWeightMeasure unitCode="KGM">165.440</cbc:GrossWeightMeasure>
		<cbc:TotalTransportHandlingUnitQuantity>22</cbc:TotalTransportHandlingUnitQuantity>
		<cac:Consignment>
			<cbc:ID>STM 0001946113</cbc:ID>
			<cbc:Information>Porto Franco</cbc:Information>
			<cac:CarrierParty>
				<cac:PartyIdentification>
					<cbc:ID>PIVA:IT00204260285</cbc:ID>
				</cac:PartyIdentification>
				<cac:PartyName>
					<cbc:Name>EURODIFARM SRL</cbc:Name>
				</cac:PartyName>
				<cac:PostalAddress>
					<cbc:StreetName>Via Europa 100</cbc:StreetName>
					<cbc:AdditionalStreetName>Palazzo A</cbc:AdditionalStreetName>
					<cbc:CityName>Bologna</cbc:CityName>
					<cbc:PostalZone>40121</cbc:PostalZone>
					<cbc:CountrySubentity>Bologna</cbc:CountrySubentity>
					<cac:Country>
						<cbc:IdentificationCode>IT</cbc:IdentificationCode>
					</cac:Country>
				</cac:PostalAddress>
			</cac:CarrierParty>
		</cac:Consignment>
		<cac:Delivery>
			<cbc:TrackingID>STM 0001946113</cbc:TrackingID>
		</cac:Delivery>
	</cac:Shipment>
	<cac:DespatchLine>
		<cbc:ID>1</cbc:ID>
		<cbc:Note>10 ordinati, 10 verranno consegnati</cbc:Note>
		<cbc:DeliveredQuantity unitCode="C62">10</cbc:DeliveredQuantity>
		<cac:OrderLineReference>
			<cbc:LineID>1</cbc:LineID>
			<cac:OrderReference>
				<cbc:ID>1580#2014-08-25#ufr9wk</cbc:ID>
			</cac:OrderReference>
		</cac:OrderLineReference>
		<cac:Item>
			<cbc:Name>CONNETTIVINA CREMA PLUS 25G</cbc:Name>
			<cac:SellersItemIdentification>
				<cbc:ID>101500H</cbc:ID>
			</cac:SellersItemIdentification>
			<cac:StandardItemIdentification>
				<cbc:ID schemeID="0160">028440030</cbc:ID>
			</cac:StandardItemIdentification>
			<cac:ItemInstance>
				<cac:LotIdentification>
					<cbc:LotNumberID>126200</cbc:LotNumberID>
					<cbc:ExpiryDate>2017-06-30</cbc:ExpiryDate>
				</cac:LotIdentification>
			</cac:ItemInstance>
		</cac:Item>
	</cac:DespatchLine>
	<cac:DespatchLine>
		<cbc:ID>2</cbc:ID>
		<cbc:Note>10 ordinati, 6 verranno consegnati, 4 verranno consegnati successivamente</cbc:Note>
		<cbc:DeliveredQuantity unitCode="C62">6</cbc:DeliveredQuantity>
		<cbc:OutstandingQuantity unitCode="C62">4</cbc:OutstandingQuantity>
		<cbc:OutstandingReason>Backorder</cbc:OutstandingReason>
		<cac:OrderLineReference>
			<cbc:LineID>2</cbc:LineID>
			<cac:OrderReference>
				<cbc:ID>1580#2014-08-25#ufr9wk</cbc:ID>
			</cac:OrderReference>
		</cac:OrderLineReference>
		<cac:Item>
			<cbc:Name>MAALOX</cbc:Name>
			<cac:SellersItemIdentification>
				<cbc:ID>687571D</cbc:ID>
			</cac:SellersItemIdentification>
			<cac:StandardItemIdentification>
				<cbc:ID schemeID="0160">022440070</cbc:ID>
			</cac:StandardItemIdentification>
			<cac:ItemInstance>
				<cac:LotIdentification>
					<cbc:LotNumberID>987645FF</cbc:LotNumberID>
					<cbc:ExpiryDate>2019-06-20</cbc:ExpiryDate>
				</cac:LotIdentification>
			</cac:ItemInstance>
		</cac:Item>
	</cac:DespatchLine>
	<cac:DespatchLine>
		<cbc:ID>3</cbc:ID>
		<cbc:Note>10 ordinati, 6 verranno consegnati, i rimanenti NON verranno consegnati</cbc:Note>
		<cbc:DeliveredQuantity unitCode="C62">6</cbc:DeliveredQuantity>
		<cbc:OutstandingQuantity unitCode="C62">0</cbc:OutstandingQuantity>
		<cbc:OutstandingReason>Out of stock</cbc:OutstandingReason>
		<cac:OrderLineReference>
			<cbc:LineID>3</cbc:LineID>
			<cac:OrderReference>
				<cbc:ID>1580#2014-08-25#ufr9wk</cbc:ID>
			</cac:OrderReference>
		</cac:OrderLineReference>
		<cac:Item>
			<cbc:Name>BUSCOPAN</cbc:Name>
			<cac:SellersItemIdentification>
				<cbc:ID>009875V</cbc:ID>
			</cac:SellersItemIdentification>
			<cac:StandardItemIdentification>
				<cbc:ID schemeID="0160">045640070</cbc:ID>
			</cac:StandardItemIdentification>
			<cac:ItemInstance>
				<cac:LotIdentification>
					<cbc:LotNumberID>987325HB</cbc:LotNumberID>
					<cbc:ExpiryDate>2022-02-15</cbc:ExpiryDate>
				</cac:LotIdentification>
			</cac:ItemInstance>
		</cac:Item>
	</cac:DespatchLine>
	<cac:DespatchLine>
		<cbc:ID>4</cbc:ID>
		<cbc:Note>10 ordinati, 6 verranno cosegnati, 3 verranno consegnati successivamente e 1 NON verrà consegnato</cbc:Note>
		<cbc:DeliveredQuantity unitCode="C62">6</cbc:DeliveredQuantity>
		<cbc:OutstandingQuantity unitCode="C62">3</cbc:OutstandingQuantity>
		<cbc:OutstandingReason>Out of stock</cbc:OutstandingReason>
		<cac:OrderLineReference>
			<cbc:LineID>4</cbc:LineID>
			<cac:OrderReference>
				<cbc:ID>1580#2014-08-25#ufr9wk</cbc:ID>
			</cac:OrderReference>
		</cac:OrderLineReference>
		<cac:Item>
			<cbc:Name>SIMVASTATINA</cbc:Name>
			<cac:SellersItemIdentification>
				<cbc:ID>198463F</cbc:ID>
			</cac:SellersItemIdentification>
			<cac:StandardItemIdentification>
				<cbc:ID schemeID="0160">036123040</cbc:ID>
			</cac:StandardItemIdentification>
			<cac:ItemInstance>
				<cac:LotIdentification>
					<cbc:LotNumberID>572975LK</cbc:LotNumberID>
					<cbc:ExpiryDate>2017-03-18</cbc:ExpiryDate>
				</cac:LotIdentification>
			</cac:ItemInstance>
		</cac:Item>
	</cac:DespatchLine>
	<cac:DespatchLine>
		<cbc:ID>5</cbc:ID>
		<cbc:Note>10 ordinati, 12 verranno cosegnati</cbc:Note>
		<cbc:DeliveredQuantity unitCode="C62">12</cbc:DeliveredQuantity>
		<cac:OrderLineReference>
			<cbc:LineID>5</cbc:LineID>
			<cac:OrderReference>
				<cbc:ID>1580#2014-08-25#ufr9wk</cbc:ID>
			</cac:OrderReference>
		</cac:OrderLineReference>
		<cac:Item>
			<cbc:Name>LANSOPRAZOLO</cbc:Name>
			<cac:SellersItemIdentification>
				<cbc:ID>192764J</cbc:ID>
			</cac:SellersItemIdentification>
			<cac:StandardItemIdentification>
				<cbc:ID schemeID="0160">927402846</cbc:ID>
			</cac:StandardItemIdentification>
			<cac:ItemInstance>
				<cac:LotIdentification>
					<cbc:LotNumberID>820476GH</cbc:LotNumberID>
					<cbc:ExpiryDate>2020-05-07</cbc:ExpiryDate>
				</cac:LotIdentification>
			</cac:ItemInstance>
		</cac:Item>
	</cac:DespatchLine>
</DespatchAdvice>
