﻿<?xml version="1.0" encoding="UTF-8"?>
<CodeList xmlns="http://docs.oasis-open.org/codelist/ns/genericode/1.0/">

	<Title>Tipo Documento</Title>
	<Identifier>TipoDocumento</Identifier>
	<Version>1.2.1</Version>
	<Agency>AGID</Agency>
	
	<Code>
		<LocalId>TD01</LocalId>
		<Name>Fattura</Name>
		<Id>380</Id>
	</Code>
	<Code>
		<LocalId>TD02</LocalId>
		<Name>Acconto / anticipo su fattura</Name>
		<Id>380</Id>
	</Code>
	<Code>
		<LocalId>TD03</LocalId>
		<Name>Acconto / anticipo su parcella</Name>
		<Id>380</Id>
	</Code>
	<Code>
		<LocalId>TD04</LocalId>
		<Name>Nota di credito</Name>
		<Id>381</Id>
	</Code>
	<Code>
		<LocalId>TD05</LocalId>
		<Name>Nota di debito</Name>
		<Id>380</Id>
	</Code>
	<Code>
		<LocalId>TD06</LocalId>
		<Name>Parcella</Name>
		<Id>380</Id>
	</Code>
	<Code>
		<LocalId>TD16</LocalId>
		<Name>Integrazione fattura reverse charge interno</Name>
		<Id>380</Id>
	</Code>
	<Code>
		<LocalId>TD17</LocalId>
		<Name>Integrazione/autofattura per acquisto servizi dall'estero</Name>
		<Id>380</Id>
	</Code>
	<Code>
		<LocalId>TD18</LocalId>
		<Name>Integrazione per acquisto di beni intracomunitari</Name>
		<Id>380</Id>
	</Code>
	<Code>
		<LocalId>TD19</LocalId>
		<Name>Integrazione/autofattura per acquisto di beni ex art.17 c.2 DPR 633/72</Name>
		<Id>380</Id>
	</Code>
	<Code>
		<LocalId>TD20</LocalId>
		<Name>Autofattura per regolarizzazione e integrazione delle fatture (ex art.6 c.8 d.lgs. 471/97  o  art.46 c.5 D.L. 331/93)
	</Name>
		<Id>380</Id>
	</Code>
	<Code>
		<LocalId>TD21</LocalId>
		<Name>Autofattura per splafonamento</Name>
		<Id>380</Id>
	</Code>
	<Code>
		<LocalId>TD22</LocalId>
		<Name>Estrazione beni da Deposito IVA</Name>
		<Id>380</Id>
	</Code>
	<Code>
		<LocalId>TD23</LocalId>
		<Name>Estrazione beni da Deposito IVA con versamento dell'IVA</Name>
		<Id>380</Id>
	</Code>
	<Code>
		<LocalId>TD24</LocalId>
		<Name>Fattura differita di cui all'art. 21, comma 4, lett. a)</Name>
		<Id>380</Id>
	</Code>
	<Code>
		<LocalId>TD25</LocalId>
		<Name>Fattura differita di cui all'art. 21, comma 4, terzo periodo lett. b)</Name>
		<Id>380</Id>
	</Code>
	<Code>
		<LocalId>TD26</LocalId>
		<Name>Cessione di beni ammortizzabili e per passaggi interni (ex art.36 DPR 633/72)</Name>
		<Id>380</Id>
	</Code>
	<Code>
		<LocalId>TD27</LocalId>
		<Name>Fattura per autoconsumo o per cessioni gratuite senza rivalsa</Name>
		<Id>380</Id>
	</Code>
</CodeList>