<?xml version="1.0" encoding="UTF-8"?>
<CodeList xmlns="urn:fdc:difi.no:2017:vefa:structure:CodeList-1">

    <Title>Country codes (ISO 3166-1:Alpha2)</Title>
    <Identifier>ISO3166</Identifier>
    <Version>2013</Version>
    <Agency>ISO</Agency>

    <Code>
        <Id>AD</Id>
        <Name>Andorra</Name>
    </Code>
    <Code>
        <Id>AE</Id>
        <Name>United Arab Emirates</Name>
    </Code>
    <Code>
        <Id>AF</Id>
        <Name>Afghanistan</Name>
    </Code>
    <Code>
        <Id>AG</Id>
        <Name>Antigua and Barbuda</Name>
    </Code>
    <Code>
        <Id>AI</Id>
        <Name>Anguilla</Name>
    </Code>
    <Code>
        <Id>AL</Id>
        <Name>Albania</Name>
    </Code>
    <Code>
        <Id>AM</Id>
        <Name>Armenia</Name>
    </Code>
    <Code>
        <Id>AO</Id>
        <Name>Angola</Name>
    </Code>
    <Code>
        <Id>AQ</Id>
        <Name>Antarctica</Name>
    </Code>
    <Code>
        <Id>AR</Id>
        <Name>Argentina</Name>
    </Code>
    <Code>
        <Id>AS</Id>
        <Name>American Samoa</Name>
    </Code>
    <Code>
        <Id>AT</Id>
        <Name>Austria</Name>
    </Code>
    <Code>
        <Id>AU</Id>
        <Name>Australia</Name>
    </Code>
    <Code>
        <Id>AW</Id>
        <Name>Aruba</Name>
    </Code>
    <Code>
        <Id>AX</Id>
        <Name>Åland Islands</Name>
    </Code>
    <Code>
        <Id>AZ</Id>
        <Name>Azerbaijan</Name>
    </Code>
    <Code>
        <Id>BA</Id>
        <Name>Bosnia and Herzegovina</Name>
    </Code>
    <Code>
        <Id>BB</Id>
        <Name>Barbados</Name>
    </Code>
    <Code>
        <Id>BD</Id>
        <Name>Bangladesh</Name>
    </Code>
    <Code>
        <Id>BE</Id>
        <Name>Belgium</Name>
    </Code>
    <Code>
        <Id>BF</Id>
        <Name>Burkina Faso</Name>
    </Code>
    <Code>
        <Id>BG</Id>
        <Name>Bulgaria</Name>
    </Code>
    <Code>
        <Id>BH</Id>
        <Name>Bahrain</Name>
    </Code>
    <Code>
        <Id>BI</Id>
        <Name>Burundi</Name>
    </Code>
    <Code>
        <Id>BJ</Id>
        <Name>Benin</Name>
    </Code>
    <Code>
        <Id>BL</Id>
        <Name>Saint Barthélemy</Name>
    </Code>
    <Code>
        <Id>BM</Id>
        <Name>Bermuda</Name>
    </Code>
    <Code>
        <Id>BN</Id>
        <Name>Brunei Darussalam</Name>
    </Code>
    <Code>
        <Id>BO</Id>
        <Name>Bolivia, Plurinational State of</Name>
    </Code>
    <Code>
        <Id>BQ</Id>
        <Name>Bonaire, Sint Eustatius and Saba</Name>
    </Code>
    <Code>
        <Id>BR</Id>
        <Name>Brazil</Name>
    </Code>
    <Code>
        <Id>BS</Id>
        <Name>Bahamas</Name>
    </Code>
    <Code>
        <Id>BT</Id>
        <Name>Bhutan</Name>
    </Code>
    <Code>
        <Id>BV</Id>
        <Name>Bouvet Island</Name>
    </Code>
    <Code>
        <Id>BW</Id>
        <Name>Botswana</Name>
    </Code>
    <Code>
        <Id>BY</Id>
        <Name>Belarus</Name>
    </Code>
    <Code>
        <Id>BZ</Id>
        <Name>Belize</Name>
    </Code>
    <Code>
        <Id>CA</Id>
        <Name>Canada</Name>
    </Code>
    <Code>
        <Id>CC</Id>
        <Name>Cocos (Keeling) Islands</Name>
    </Code>
    <Code>
        <Id>CD</Id>
        <Name>Congo, the Democratic Republic of the</Name>
    </Code>
    <Code>
        <Id>CF</Id>
        <Name>Central African Republic</Name>
    </Code>
    <Code>
        <Id>CG</Id>
        <Name>Congo</Name>
    </Code>
    <Code>
        <Id>CH</Id>
        <Name>Switzerland</Name>
    </Code>
    <Code>
        <Id>CI</Id>
        <Name>Côte d'Ivoire</Name>
    </Code>
    <Code>
        <Id>CK</Id>
        <Name>Cook Islands</Name>
    </Code>
    <Code>
        <Id>CL</Id>
        <Name>Chile</Name>
    </Code>
    <Code>
        <Id>CM</Id>
        <Name>Cameroon</Name>
    </Code>
    <Code>
        <Id>CN</Id>
        <Name>China</Name>
    </Code>
    <Code>
        <Id>CO</Id>
        <Name>Colombia</Name>
    </Code>
    <Code>
        <Id>CR</Id>
        <Name>Costa Rica</Name>
    </Code>
    <Code>
        <Id>CU</Id>
        <Name>Cuba</Name>
    </Code>
    <Code>
        <Id>CV</Id>
        <Name>Cabo Verde</Name>
    </Code>
    <Code>
        <Id>CW</Id>
        <Name>Curaçao</Name>
    </Code>
    <Code>
        <Id>CX</Id>
        <Name>Christmas Island</Name>
    </Code>
    <Code>
        <Id>CY</Id>
        <Name>Cyprus</Name>
    </Code>
    <Code>
        <Id>CZ</Id>
        <Name>Czechia</Name>
    </Code>
    <Code>
        <Id>DE</Id>
        <Name>Germany</Name>
    </Code>
    <Code>
        <Id>DJ</Id>
        <Name>Djibouti</Name>
    </Code>
    <Code>
        <Id>DK</Id>
        <Name>Denmark</Name>
    </Code>
    <Code>
        <Id>DM</Id>
        <Name>Dominica</Name>
    </Code>
    <Code>
        <Id>DO</Id>
        <Name>Dominican Republic</Name>
    </Code>
    <Code>
        <Id>DZ</Id>
        <Name>Algeria</Name>
    </Code>
    <Code>
        <Id>EC</Id>
        <Name>Ecuador</Name>
    </Code>
    <Code>
        <Id>EE</Id>
        <Name>Estonia</Name>
    </Code>
    <Code>
        <Id>EG</Id>
        <Name>Egypt</Name>
    </Code>
    <Code>
        <Id>EH</Id>
        <Name>Western Sahara</Name>
    </Code>
    <Code>
        <Id>ER</Id>
        <Name>Eritrea</Name>
    </Code>
    <Code>
        <Id>ES</Id>
        <Name>Spain</Name>
    </Code>
    <Code>
        <Id>ET</Id>
        <Name>Ethiopia</Name>
    </Code>
    <Code>
        <Id>FI</Id>
        <Name>Finland</Name>
    </Code>
    <Code>
        <Id>FJ</Id>
        <Name>Fiji</Name>
    </Code>
    <Code>
        <Id>FK</Id>
        <Name>Falkland Islands (Malvinas)</Name>
    </Code>
    <Code>
        <Id>FM</Id>
        <Name>Micronesia, Federated States of</Name>
    </Code>
    <Code>
        <Id>FO</Id>
        <Name>Faroe Islands</Name>
    </Code>
    <Code>
        <Id>FR</Id>
        <Name>France</Name>
    </Code>
    <Code>
        <Id>GA</Id>
        <Name>Gabon</Name>
    </Code>
    <Code>
        <Id>GB</Id>
        <Name>United Kingdom of Great Britain and Northern Ireland</Name>
    </Code>
    <Code>
        <Id>GD</Id>
        <Name>Grenada</Name>
    </Code>
    <Code>
        <Id>GE</Id>
        <Name>Georgia</Name>
    </Code>
    <Code>
        <Id>GF</Id>
        <Name>French Guiana</Name>
    </Code>
    <Code>
        <Id>GG</Id>
        <Name>Guernsey</Name>
    </Code>
    <Code>
        <Id>GH</Id>
        <Name>Ghana</Name>
    </Code>
    <Code>
        <Id>GI</Id>
        <Name>Gibraltar</Name>
    </Code>
    <Code>
        <Id>GL</Id>
        <Name>Greenland</Name>
    </Code>
    <Code>
        <Id>GM</Id>
        <Name>Gambia</Name>
    </Code>
    <Code>
        <Id>GN</Id>
        <Name>Guinea</Name>
    </Code>
    <Code>
        <Id>GP</Id>
        <Name>Guadeloupe</Name>
    </Code>
    <Code>
        <Id>GQ</Id>
        <Name>Equatorial Guinea</Name>
    </Code>
    <Code>
        <Id>GR</Id>
        <Name>Greece</Name>
    </Code>
    <Code>
        <Id>GS</Id>
        <Name>South Georgia and the South Sandwich Islands</Name>
    </Code>
    <Code>
        <Id>GT</Id>
        <Name>Guatemala</Name>
    </Code>
    <Code>
        <Id>GU</Id>
        <Name>Guam</Name>
    </Code>
    <Code>
        <Id>GW</Id>
        <Name>Guinea-Bissau</Name>
    </Code>
    <Code>
        <Id>GY</Id>
        <Name>Guyana</Name>
    </Code>
    <Code>
        <Id>HK</Id>
        <Name>Hong Kong</Name>
    </Code>
    <Code>
        <Id>HM</Id>
        <Name>Heard Island and McDonald Islands</Name>
    </Code>
    <Code>
        <Id>HN</Id>
        <Name>Honduras</Name>
    </Code>
    <Code>
        <Id>HR</Id>
        <Name>Croatia</Name>
    </Code>
    <Code>
        <Id>HT</Id>
        <Name>Haiti</Name>
    </Code>
    <Code>
        <Id>HU</Id>
        <Name>Hungary</Name>
    </Code>
    <Code>
        <Id>ID</Id>
        <Name>Indonesia</Name>
    </Code>
    <Code>
        <Id>IE</Id>
        <Name>Ireland</Name>
    </Code>
    <Code>
        <Id>IL</Id>
        <Name>Israel</Name>
    </Code>
    <Code>
        <Id>IM</Id>
        <Name>Isle of Man</Name>
    </Code>
    <Code>
        <Id>IN</Id>
        <Name>India</Name>
    </Code>
    <Code>
        <Id>IO</Id>
        <Name>British Indian Ocean Territory</Name>
    </Code>
    <Code>
        <Id>IQ</Id>
        <Name>Iraq</Name>
    </Code>
    <Code>
        <Id>IR</Id>
        <Name>Iran, Islamic Republic of</Name>
    </Code>
    <Code>
        <Id>IS</Id>
        <Name>Iceland</Name>
    </Code>
    <Code>
        <Id>IT</Id>
        <Name>Italy</Name>
    </Code>
    <Code>
        <Id>JE</Id>
        <Name>Jersey</Name>
    </Code>
    <Code>
        <Id>JM</Id>
        <Name>Jamaica</Name>
    </Code>
    <Code>
        <Id>JO</Id>
        <Name>Jordan</Name>
    </Code>
    <Code>
        <Id>JP</Id>
        <Name>Japan</Name>
    </Code>
    <Code>
        <Id>KE</Id>
        <Name>Kenya</Name>
    </Code>
    <Code>
        <Id>KG</Id>
        <Name>Kyrgyzstan</Name>
    </Code>
    <Code>
        <Id>KH</Id>
        <Name>Cambodia</Name>
    </Code>
    <Code>
        <Id>KI</Id>
        <Name>Kiribati</Name>
    </Code>
    <Code>
        <Id>KM</Id>
        <Name>Comoros</Name>
    </Code>
    <Code>
        <Id>KN</Id>
        <Name>Saint Kitts and Nevis</Name>
    </Code>
    <Code>
        <Id>KP</Id>
        <Name>Korea, Democratic People's Republic of</Name>
    </Code>
    <Code>
        <Id>KR</Id>
        <Name>Korea, Republic of</Name>
    </Code>
    <Code>
        <Id>KW</Id>
        <Name>Kuwait</Name>
    </Code>
    <Code>
        <Id>KY</Id>
        <Name>Cayman Islands</Name>
    </Code>
    <Code>
        <Id>KZ</Id>
        <Name>Kazakhstan</Name>
    </Code>
    <Code>
        <Id>LA</Id>
        <Name>Lao People's Democratic Republic</Name>
    </Code>
    <Code>
        <Id>LB</Id>
        <Name>Lebanon</Name>
    </Code>
    <Code>
        <Id>LC</Id>
        <Name>Saint Lucia</Name>
    </Code>
    <Code>
        <Id>LI</Id>
        <Name>Liechtenstein</Name>
    </Code>
    <Code>
        <Id>LK</Id>
        <Name>Sri Lanka</Name>
    </Code>
    <Code>
        <Id>LR</Id>
        <Name>Liberia</Name>
    </Code>
    <Code>
        <Id>LS</Id>
        <Name>Lesotho</Name>
    </Code>
    <Code>
        <Id>LT</Id>
        <Name>Lithuania</Name>
    </Code>
    <Code>
        <Id>LU</Id>
        <Name>Luxembourg</Name>
    </Code>
    <Code>
        <Id>LV</Id>
        <Name>Latvia</Name>
    </Code>
    <Code>
        <Id>LY</Id>
        <Name>Libya</Name>
    </Code>
    <Code>
        <Id>MA</Id>
        <Name>Morocco</Name>
    </Code>
    <Code>
        <Id>MC</Id>
        <Name>Monaco</Name>
    </Code>
    <Code>
        <Id>MD</Id>
        <Name>Moldova, Republic of</Name>
    </Code>
    <Code>
        <Id>ME</Id>
        <Name>Montenegro</Name>
    </Code>
    <Code>
        <Id>MF</Id>
        <Name>Saint Martin (French part)</Name>
    </Code>
    <Code>
        <Id>MG</Id>
        <Name>Madagascar</Name>
    </Code>
    <Code>
        <Id>MH</Id>
        <Name>Marshall Islands</Name>
    </Code>
    <Code>
        <Id>MK</Id>
        <Name>Macedonia, the former Yugoslav Republic of</Name>
    </Code>
    <Code>
        <Id>ML</Id>
        <Name>Mali</Name>
    </Code>
    <Code>
        <Id>MM</Id>
        <Name>Myanmar</Name>
    </Code>
    <Code>
        <Id>MN</Id>
        <Name>Mongolia</Name>
    </Code>
    <Code>
        <Id>MO</Id>
        <Name>Macao</Name>
    </Code>
    <Code>
        <Id>MP</Id>
        <Name>Northern Mariana Islands</Name>
    </Code>
    <Code>
        <Id>MQ</Id>
        <Name>Martinique</Name>
    </Code>
    <Code>
        <Id>MR</Id>
        <Name>Mauritania</Name>
    </Code>
    <Code>
        <Id>MS</Id>
        <Name>Montserrat</Name>
    </Code>
    <Code>
        <Id>MT</Id>
        <Name>Malta</Name>
    </Code>
    <Code>
        <Id>MU</Id>
        <Name>Mauritius</Name>
    </Code>
    <Code>
        <Id>MV</Id>
        <Name>Maldives</Name>
    </Code>
    <Code>
        <Id>MW</Id>
        <Name>Malawi</Name>
    </Code>
    <Code>
        <Id>MX</Id>
        <Name>Mexico</Name>
    </Code>
    <Code>
        <Id>MY</Id>
        <Name>Malaysia</Name>
    </Code>
    <Code>
        <Id>MZ</Id>
        <Name>Mozambique</Name>
    </Code>
    <Code>
        <Id>NA</Id>
        <Name>Namibia</Name>
    </Code>
    <Code>
        <Id>NC</Id>
        <Name>New Caledonia</Name>
    </Code>
    <Code>
        <Id>NE</Id>
        <Name>Niger</Name>
    </Code>
    <Code>
        <Id>NF</Id>
        <Name>Norfolk Island</Name>
    </Code>
    <Code>
        <Id>NG</Id>
        <Name>Nigeria</Name>
    </Code>
    <Code>
        <Id>NI</Id>
        <Name>Nicaragua</Name>
    </Code>
    <Code>
        <Id>NL</Id>
        <Name>Netherlands</Name>
    </Code>
    <Code>
        <Id>NO</Id>
        <Name>Norway</Name>
    </Code>
    <Code>
        <Id>NP</Id>
        <Name>Nepal</Name>
    </Code>
    <Code>
        <Id>NR</Id>
        <Name>Nauru</Name>
    </Code>
    <Code>
        <Id>NU</Id>
        <Name>Niue</Name>
    </Code>
    <Code>
        <Id>NZ</Id>
        <Name>New Zealand</Name>
    </Code>
    <Code>
        <Id>OM</Id>
        <Name>Oman</Name>
    </Code>
    <Code>
        <Id>PA</Id>
        <Name>Panama</Name>
    </Code>
    <Code>
        <Id>PE</Id>
        <Name>Peru</Name>
    </Code>
    <Code>
        <Id>PF</Id>
        <Name>French Polynesia</Name>
    </Code>
    <Code>
        <Id>PG</Id>
        <Name>Papua New Guinea</Name>
    </Code>
    <Code>
        <Id>PH</Id>
        <Name>Philippines</Name>
    </Code>
    <Code>
        <Id>PK</Id>
        <Name>Pakistan</Name>
    </Code>
    <Code>
        <Id>PL</Id>
        <Name>Poland</Name>
    </Code>
    <Code>
        <Id>PM</Id>
        <Name>Saint Pierre and Miquelon</Name>
    </Code>
    <Code>
        <Id>PN</Id>
        <Name>Pitcairn</Name>
    </Code>
    <Code>
        <Id>PR</Id>
        <Name>Puerto Rico</Name>
    </Code>
    <Code>
        <Id>PS</Id>
        <Name>Palestine, State of</Name>
    </Code>
    <Code>
        <Id>PT</Id>
        <Name>Portugal</Name>
    </Code>
    <Code>
        <Id>PW</Id>
        <Name>Palau</Name>
    </Code>
    <Code>
        <Id>PY</Id>
        <Name>Paraguay</Name>
    </Code>
    <Code>
        <Id>QA</Id>
        <Name>Qatar</Name>
    </Code>
    <Code>
        <Id>RE</Id>
        <Name>Réunion</Name>
    </Code>
    <Code>
        <Id>RO</Id>
        <Name>Romania</Name>
    </Code>
    <Code>
        <Id>RS</Id>
        <Name>Serbia</Name>
    </Code>
    <Code>
        <Id>RU</Id>
        <Name>Russian Federation</Name>
    </Code>
    <Code>
        <Id>RW</Id>
        <Name>Rwanda</Name>
    </Code>
    <Code>
        <Id>SA</Id>
        <Name>Saudi Arabia</Name>
    </Code>
    <Code>
        <Id>SB</Id>
        <Name>Solomon Islands</Name>
    </Code>
    <Code>
        <Id>SC</Id>
        <Name>Seychelles</Name>
    </Code>
    <Code>
        <Id>SD</Id>
        <Name>Sudan</Name>
    </Code>
    <Code>
        <Id>SE</Id>
        <Name>Sweden</Name>
    </Code>
    <Code>
        <Id>SG</Id>
        <Name>Singapore</Name>
    </Code>
    <Code>
        <Id>SH</Id>
        <Name>Saint Helena, Ascension and Tristan da Cunha</Name>
    </Code>
    <Code>
        <Id>SI</Id>
        <Name>Slovenia</Name>
    </Code>
    <Code>
        <Id>SJ</Id>
        <Name>Svalbard and Jan Mayen</Name>
    </Code>
    <Code>
        <Id>SK</Id>
        <Name>Slovakia</Name>
    </Code>
    <Code>
        <Id>SL</Id>
        <Name>Sierra Leone</Name>
    </Code>
    <Code>
        <Id>SM</Id>
        <Name>San Marino</Name>
    </Code>
    <Code>
        <Id>SN</Id>
        <Name>Senegal</Name>
    </Code>
    <Code>
        <Id>SO</Id>
        <Name>Somalia</Name>
    </Code>
    <Code>
        <Id>SR</Id>
        <Name>Suriname</Name>
    </Code>
    <Code>
        <Id>SS</Id>
        <Name>South Sudan</Name>
    </Code>
    <Code>
        <Id>ST</Id>
        <Name>Sao Tome and Principe</Name>
    </Code>
    <Code>
        <Id>SV</Id>
        <Name>El Salvador</Name>
    </Code>
    <Code>
        <Id>SX</Id>
        <Name>Sint Maarten (Dutch part)</Name>
    </Code>
    <Code>
        <Id>SY</Id>
        <Name>Syrian Arab Republic</Name>
    </Code>
    <Code>
        <Id>SZ</Id>
        <Name>Swaziland</Name>
    </Code>
    <Code>
        <Id>TC</Id>
        <Name>Turks and Caicos Islands</Name>
    </Code>
    <Code>
        <Id>TD</Id>
        <Name>Chad</Name>
    </Code>
    <Code>
        <Id>TF</Id>
        <Name>French Southern Territories</Name>
    </Code>
    <Code>
        <Id>TG</Id>
        <Name>Togo</Name>
    </Code>
    <Code>
        <Id>TH</Id>
        <Name>Thailand</Name>
    </Code>
    <Code>
        <Id>TJ</Id>
        <Name>Tajikistan</Name>
    </Code>
    <Code>
        <Id>TK</Id>
        <Name>Tokelau</Name>
    </Code>
    <Code>
        <Id>TL</Id>
        <Name>Timor-Leste</Name>
    </Code>
    <Code>
        <Id>TM</Id>
        <Name>Turkmenistan</Name>
    </Code>
    <Code>
        <Id>TN</Id>
        <Name>Tunisia</Name>
    </Code>
    <Code>
        <Id>TO</Id>
        <Name>Tonga</Name>
    </Code>
    <Code>
        <Id>TR</Id>
        <Name>Turkey</Name>
    </Code>
    <Code>
        <Id>TT</Id>
        <Name>Trinidad and Tobago</Name>
    </Code>
    <Code>
        <Id>TV</Id>
        <Name>Tuvalu</Name>
    </Code>
    <Code>
        <Id>TW</Id>
        <Name>Taiwan, Province of China</Name>
    </Code>
    <Code>
        <Id>TZ</Id>
        <Name>Tanzania, United Republic of</Name>
    </Code>
    <Code>
        <Id>UA</Id>
        <Name>Ukraine</Name>
    </Code>
    <Code>
        <Id>UG</Id>
        <Name>Uganda</Name>
    </Code>
    <Code>
        <Id>UM</Id>
        <Name>United States Minor Outlying Islands</Name>
    </Code>
    <Code>
        <Id>US</Id>
        <Name>United States of America</Name>
    </Code>
    <Code>
        <Id>UY</Id>
        <Name>Uruguay</Name>
    </Code>
    <Code>
        <Id>UZ</Id>
        <Name>Uzbekistan</Name>
    </Code>
    <Code>
        <Id>VA</Id>
        <Name>Holy See</Name>
    </Code>
    <Code>
        <Id>VC</Id>
        <Name>Saint Vincent and the Grenadines</Name>
    </Code>
    <Code>
        <Id>VE</Id>
        <Name>Venezuela, Bolivarian Republic of</Name>
    </Code>
    <Code>
        <Id>VG</Id>
        <Name>Virgin Islands, British</Name>
    </Code>
    <Code>
        <Id>VI</Id>
        <Name>Virgin Islands, U.S.</Name>
    </Code>
    <Code>
        <Id>VN</Id>
        <Name>Viet Nam</Name>
    </Code>
    <Code>
        <Id>VU</Id>
        <Name>Vanuatu</Name>
    </Code>
    <Code>
        <Id>WF</Id>
        <Name>Wallis and Futuna</Name>
    </Code>
    <Code>
        <Id>WS</Id>
        <Name>Samoa</Name>
    </Code>
    <Code>
        <Id>YE</Id>
        <Name>Yemen</Name>
    </Code>
    <Code>
        <Id>YT</Id>
        <Name>Mayotte</Name>
    </Code>
    <Code>
        <Id>ZA</Id>
        <Name>South Africa</Name>
    </Code>
    <Code>
        <Id>ZM</Id>
        <Name>Zambia</Name>
    </Code>
    <Code>
        <Id>ZW</Id>
        <Name>Zimbabwe</Name>
    </Code>
	
	<Code>
        <Id>1A</Id>
        <Name>Kosovo</Name>
    </Code>

</CodeList>
