<?xml version="1.0" encoding="UTF-8"?>
<CodeList xmlns="urn:fdc:difi.no:2017:vefa:structure:CodeList-1">

    <Title>Application Response type code (UNCL4343 Subset)</Title>
    <Identifier>UNCL4343</Identifier>
    <Version>D.17A</Version>
    <Agency>UN/CEFACT</Agency>
    <Subset>openPEPPOL</Subset>

    <Code>
        <Id>AB</Id>
        <Name>Message acknowledgement</Name>
    </Code>
    <Code>
        <Id>AP</Id>
        <Name>Accepted</Name>
    </Code>
    <Code>
        <Id>RE</Id>
        <Name>Rejected</Name>
    </Code>

</CodeList>