<?xml version="1.0" encoding="UTF-8"?>
<testSet xmlns="http://difi.no/xsd/vefa/validator/1.0" configuration="peppolbis-en16931-base-3.0-ubl">
	<assert>
		<description>ICD (0007) provided.</description>
		<scope>PEPPOL-COMMON-R049</scope>
	</assert>
	

	    <test>
		<assert>
			<success>PEPPOL-COMMON-R049</success>
		</assert>
		<Invoice xmlns:cac="urn:oasis:names:specification:ubl:schema:xsd:CommonAggregateComponents-2" xmlns:cbc="urn:oasis:names:specification:ubl:schema:xsd:CommonBasicComponents-2" xmlns="urn:oasis:names:specification:ubl:schema:xsd:Invoice-2">
			<cac:AccountingCustomerParty>
				<cac:Party>
					<cbc:EndpointID schemeID="0007">5566221100</cbc:EndpointID>
				</cac:Party>
			</cac:AccountingCustomerParty>
		</Invoice>
	</test>
	

    <test>
		<assert>
			<error>PEPPOL-COMMON-R049</error>
		</assert>
		<Invoice xmlns:cac="urn:oasis:names:specification:ubl:schema:xsd:CommonAggregateComponents-2" xmlns:cbc="urn:oasis:names:specification:ubl:schema:xsd:CommonBasicComponents-2" xmlns="urn:oasis:names:specification:ubl:schema:xsd:Invoice-2">
			<cac:AccountingCustomerParty>
				<cac:Party>
					<cbc:EndpointID schemeID="0007">556622-1100</cbc:EndpointID>
				</cac:Party>
			</cac:AccountingCustomerParty>
		</Invoice>
	</test>
    
        <test>
		<assert>
			<error>PEPPOL-COMMON-R049</error>
		</assert>
		<Invoice xmlns:cac="urn:oasis:names:specification:ubl:schema:xsd:CommonAggregateComponents-2" xmlns:cbc="urn:oasis:names:specification:ubl:schema:xsd:CommonBasicComponents-2" xmlns="urn:oasis:names:specification:ubl:schema:xsd:Invoice-2">
			<cac:AccountingCustomerParty>
				<cac:Party>
					<cbc:EndpointID schemeID="0007">SE5566221100</cbc:EndpointID>
				</cac:Party>
			</cac:AccountingCustomerParty>
		</Invoice>
	</test>
	
</testSet>
