<?xml version="1.0" encoding="UTF-8"?>
<?xml-model href="../schematron/urn_feap.gov.pt_CIUS-PT_1.0.5.sch" type="application/xml" schematypens="http://purl.oclc.org/dsdl/schematron" phase="#ALL" title="Main schema"?>
<Invoice xmlns:xsi="http://www.w3.org/2001/XMLSchema-instance" xsi:noNamespaceSchemaLocation="../oasis/maindoc/UBL-Invoice-2.1.xsd" xmlns="urn:oasis:names:specification:ubl:schema:xsd:Invoice-2" xmlns:cbc="urn:oasis:names:specification:ubl:schema:xsd:CommonBasicComponents-2" xmlns:cac="urn:oasis:names:specification:ubl:schema:xsd:CommonAggregateComponents-2">
    <cbc:CustomizationID>urn:cen.eu:en16931:2017#compliant#urn:feap.gov.pt:CIUS-PT:1.0.0.</cbc:CustomizationID>
    <cbc:ProfileID>fatura com nota de encomenda</cbc:ProfileID>
    <cbc:ID>4560000041</cbc:ID>
    <cbc:IssueDate>2019-02-28</cbc:IssueDate>
    <cbc:DueDate>2019-03-28</cbc:DueDate>
    <cbc:InvoiceTypeCode>FR</cbc:InvoiceTypeCode> <!--"FR" Fatura Recibo -->
    <cbc:Note>nota da fatura</cbc:Note>
    <cbc:Note>#ADDITIONALPROPERTY#Name#Value#</cbc:Note>
  	<cbc:Note>#NUMBER@ATCERTIFIEDPROGRAM#nº 234567#</cbc:Note><!--Informação Certificação AT-->
    <cbc:Note>#HASHCODE@ATCERTIFIEDPROGRAM#CFTR#</cbc:Note><!--Informação Certificação AT-->
    <cbc:Note>#DESCRIPTION@ATCERTIFIEDPROGRAM#sistema certificado na AT#</cbc:Note><!--Informação Certificação AT-->
    <cbc:Note>#ENTITY@ATMPAYMENT-001#12345#</cbc:Note> <!--Para uma 2ª entidade ATM-->
    <cbc:Note>#REFERENCE@ATMPAYMENT-001#012345678#</cbc:Note> <!--Para uma 2ª referência ATM-->
    <cbc:Note>#AMOUNT@ATMPAYMENT-001#60.00#</cbc:Note> <!--Para o valor de uma 2ª entidade/referência ATM-->
    <cbc:Note>#DESCRIPTION@ATMPAYMENT-001#Valor da fatura + valor em dívida de fatura anterior#</cbc:Note> <!--Para a descrição de uma 2ª entidade/referência ATM-->
    <cbc:TaxPointDate>2019-02-28</cbc:TaxPointDate>
    <cbc:DocumentCurrencyCode>EUR</cbc:DocumentCurrencyCode>
    <cbc:TaxCurrencyCode>EUR</cbc:TaxCurrencyCode>
    <cbc:AccountingCost>1234567890</cbc:AccountingCost> <!--Nº Compromisso-->
    <cbc:BuyerReference>12345</cbc:BuyerReference>
    <cac:InvoicePeriod>
        <cbc:StartDate>2019-02-28</cbc:StartDate>
        <cbc:EndDate>2019-02-28</cbc:EndDate>
    </cac:InvoicePeriod>
    <cac:OrderReference>
        <cbc:ID>1234567</cbc:ID>
        <cbc:SalesOrderID>1234567888</cbc:SalesOrderID> <!--Ordem de Venda do Fornecedor-->
    </cac:OrderReference>
    <cac:BillingReference>  <!--Se NC ou ND, Nº documento de referência-->
        <cac:InvoiceDocumentReference>
            <cbc:ID>1234567890</cbc:ID> 
            <cbc:IssueDate>2019-02-28</cbc:IssueDate>
        </cac:InvoiceDocumentReference>
    </cac:BillingReference>
    <cac:DespatchDocumentReference> <!--Referência do aviso de envio-->
        <cbc:ID>N/A</cbc:ID>
    </cac:DespatchDocumentReference>
    <cac:ReceiptDocumentReference> <!--Número do aviso de recebimento referenciado-->
        <cbc:ID>N/A</cbc:ID>
    </cac:ReceiptDocumentReference>
    <cac:OriginatorDocumentReference>
        <cbc:ID>AQ 122222222</cbc:ID> <!--Nº Acordo Quadro-->
    </cac:OriginatorDocumentReference>
    <cac:ContractDocumentReference> <!--Nº Contrato-->
        <cbc:ID>Ama 111111</cbc:ID>
    </cac:ContractDocumentReference>
    <cac:AdditionalDocumentReference>  <!--informação do anexo enviado-->
        <cbc:ID schemeID="AAA">$%()*</cbc:ID>
        <cbc:DocumentTypeCode>130</cbc:DocumentTypeCode>
        <cbc:DocumentDescription>INVOICE_REPRESENTATION</cbc:DocumentDescription> <!--se for anexo, colocar "ATTACHMENT"-->
        <cac:Attachment> <!--anexo enviado-->
            <cbc:EmbeddedDocumentBinaryObject mimeCode="text/csv" filename="$%()*">c29tZSB0ZXh0</cbc:EmbeddedDocumentBinaryObject>
            <cac:ExternalReference>
                <cbc:URI>$%()*</cbc:URI>
            </cac:ExternalReference>
        </cac:Attachment>
    </cac:AdditionalDocumentReference>
    <cac:ProjectReference>
        <cbc:ID>999999999</cbc:ID> <!--Nº de Projeto (Multifatura)-->
    </cac:ProjectReference>
    <cac:AccountingSupplierParty>
        <cac:Party>
            <cbc:EndpointID schemeID="EMAIL">dddd@sss.pt</cbc:EndpointID>
            <cac:PartyIdentification>
                <cbc:ID schemeID="0001">PT123456789</cbc:ID> <!--O NIF do fornecedor não pode ser igual ao do Recebedor do Pagamento-->
            </cac:PartyIdentification>
            <cac:PartyName>
                <cbc:Name>Nome do Fornecedor</cbc:Name>
            </cac:PartyName>
            <cac:PostalAddress>
                <cbc:StreetName>Rua xpto</cbc:StreetName>
                <cbc:AdditionalStreetName>dado adicional da morada</cbc:AdditionalStreetName>
                <cbc:CityName>Amadora</cbc:CityName>
                <cbc:PostalZone>2610-074</cbc:PostalZone>
                <cbc:CountrySubentity>Amadora</cbc:CountrySubentity>
                <cac:AddressLine>
                    <cbc:Line>outros dado adicional da morada</cbc:Line>
                </cac:AddressLine>
                <cac:Country>
                    <cbc:IdentificationCode>PT</cbc:IdentificationCode>
                </cac:Country>
            </cac:PostalAddress>
            <cac:PartyTaxScheme>
                <cbc:CompanyID>PT123456789</cbc:CompanyID>
                <cac:TaxScheme>
                    <cbc:ID>VAT</cbc:ID>
                </cac:TaxScheme>
            </cac:PartyTaxScheme>
            <cac:PartyLegalEntity>
                <cbc:RegistrationName>Nome de registo do Fornecedor</cbc:RegistrationName>
                <cbc:CompanyID schemeID="0001">PT123456789</cbc:CompanyID>
                <cbc:CompanyLegalForm>Outra informação legal</cbc:CompanyLegalForm>
            </cac:PartyLegalEntity>
            <cac:Contact>
                <cbc:Name>Nome de um contacto</cbc:Name> <!--Gestor de Contrato previsto pelo CCP no Decreto-Lei n.º 111-B/2017-->
                <cbc:Telephone>213334455</cbc:Telephone>
                <cbc:ElectronicMail>fff@gg.pt</cbc:ElectronicMail>
            </cac:Contact>
        </cac:Party>
    </cac:AccountingSupplierParty>
    <cac:AccountingCustomerParty>
        <cac:Party>
            <cbc:EndpointID schemeID="EMAIL">eee@hh.pt</cbc:EndpointID>
            <cac:PartyIdentification>
                <cbc:ID schemeID="0001">PT987654321</cbc:ID>
            </cac:PartyIdentification>
            <cac:PartyName>
                <cbc:Name>Nome Cliente</cbc:Name>
            </cac:PartyName>
            <cac:PostalAddress>
                <cbc:StreetName>Rua xpto 2</cbc:StreetName>
                <cbc:AdditionalStreetName>dado adicionais da morada</cbc:AdditionalStreetName>
                <cbc:CityName>Amadora</cbc:CityName>
                <cbc:PostalZone>2610-011</cbc:PostalZone>
                <cbc:CountrySubentity>Amadora</cbc:CountrySubentity>
                <cac:AddressLine>
                    <cbc:Line>Outros dados adicionais da morada</cbc:Line>
                </cac:AddressLine>
                <cac:Country>
                    <cbc:IdentificationCode>PT</cbc:IdentificationCode>
                </cac:Country>
            </cac:PostalAddress>
            <cac:PartyTaxScheme>
                <cbc:CompanyID>PT987654321</cbc:CompanyID>
                <cac:TaxScheme>
                    <cbc:ID>VAT</cbc:ID>
                </cac:TaxScheme>
            </cac:PartyTaxScheme>
            <cac:PartyLegalEntity>
                <cbc:RegistrationName>Nome de registo do Cliente</cbc:RegistrationName>
                <cbc:CompanyID schemeID="0001">PT987654321</cbc:CompanyID>
            </cac:PartyLegalEntity>
            <cac:Contact>
                <cbc:Name>Nome contacto Cliente</cbc:Name>
                <cbc:Telephone>214445566</cbc:Telephone>
                <cbc:ElectronicMail>dasd@ff.pt</cbc:ElectronicMail>
            </cac:Contact>
        </cac:Party>
    </cac:AccountingCustomerParty>
    <cac:PayeeParty> <!--Identificador do recebedor do pagamento-->
        <cac:PartyIdentification>
            <cbc:ID schemeID="0001">PT765432109</cbc:ID> <!--Não pode ser igual ao fornecedor, senão dá erro. Caso de débito direto, colocar aqui o ID do Credor-->
        </cac:PartyIdentification>
        <cac:PartyName>
            <cbc:Name>Nome Recebedor Pagamento</cbc:Name>
        </cac:PartyName>
        <cac:PartyLegalEntity>
            <cbc:CompanyID schemeID="0001">PT765432109</cbc:CompanyID>
        </cac:PartyLegalEntity>
    </cac:PayeeParty>
    <cac:TaxRepresentativeParty> <!--Nome do representante legal para os temas fiscais-->
        <cac:PartyName>
            <cbc:Name>Nome do Representante legal</cbc:Name>
        </cac:PartyName>
        <cac:PostalAddress>
            <cbc:StreetName>Rua xxx</cbc:StreetName>
            <cbc:AdditionalStreetName>dados adicionais da morada</cbc:AdditionalStreetName>
            <cbc:CityName>Amadora</cbc:CityName>
            <cbc:PostalZone>2610-999</cbc:PostalZone>
            <cbc:CountrySubentity>Amadora</cbc:CountrySubentity>
            <cac:AddressLine>
                <cbc:Line>outros dados adicionais da morada</cbc:Line>
            </cac:AddressLine>
            <cac:Country>
                <cbc:IdentificationCode>PT</cbc:IdentificationCode>
            </cac:Country>
        </cac:PostalAddress>
        <cac:PartyTaxScheme>
            <cbc:CompanyID>PT765432109</cbc:CompanyID>
            <cac:TaxScheme>
                <cbc:ID>VAT</cbc:ID>
            </cac:TaxScheme>
        </cac:PartyTaxScheme>
    </cac:TaxRepresentativeParty>
    <cac:Delivery>
        <cbc:ActualDeliveryDate>2019-02-28</cbc:ActualDeliveryDate>
        <cac:DeliveryLocation>
            <cbc:ID schemeID="0001">id do local de entrega</cbc:ID>
            <cac:Address>
                <cbc:StreetName>Morada</cbc:StreetName>
                <cbc:AdditionalStreetName>dados adicionais da morada</cbc:AdditionalStreetName>
                <cbc:CityName>Amadora</cbc:CityName>
                <cbc:PostalZone>2610-999</cbc:PostalZone>
                <cbc:CountrySubentity>Amadora</cbc:CountrySubentity>
                <cac:AddressLine>
                    <cbc:Line>outros dados adicionais da morada</cbc:Line>
                </cac:AddressLine>
                <cac:Country>
                    <cbc:IdentificationCode>PT</cbc:IdentificationCode>
                </cac:Country>
            </cac:Address>
        </cac:DeliveryLocation>
        <cac:DeliveryParty>
            <cac:PartyName>
                <cbc:Name>Nome do Local de entrega</cbc:Name>
            </cac:PartyName>
        </cac:DeliveryParty>
    </cac:Delivery>
    <cac:PaymentMeans>
        <cbc:PaymentMeansCode name="#DESCRIPTION@ATMPAYMENT#Valor total do documento#">#ENTITY@ATMPAYMENT#12345#</cbc:PaymentMeansCode> <!--Se ATM 1, colocar a Entidade. Se DUC colocar valor "30"-->
        <cbc:PaymentID>#REFERENCE@ATMPAYMENT#!#01234566#</cbc:PaymentID> <!--Referência ATM 1 ou Nº DUC-->
    </cac:PaymentMeans>
    <cac:PaymentTerms>
        <cbc:Note>pagamento a 30 dias</cbc:Note> <!--Descritivo das condições de pagamento-->
    </cac:PaymentTerms>
    <cac:TaxTotal>
        <cbc:TaxAmount currencyID="EUR">8.86</cbc:TaxAmount>
        <cac:TaxSubtotal>
            <cbc:TaxableAmount currencyID="EUR">38.51</cbc:TaxableAmount>
            <cbc:TaxAmount currencyID="EUR">8.86</cbc:TaxAmount>
            <cac:TaxCategory>
                <cbc:ID>S</cbc:ID>
                <cbc:Percent>23.00</cbc:Percent>
                <cac:TaxScheme>
                    <cbc:ID>VAT</cbc:ID>
                </cac:TaxScheme>
            </cac:TaxCategory>
        </cac:TaxSubtotal>
    </cac:TaxTotal>
    <cac:LegalMonetaryTotal>
        <cbc:LineExtensionAmount currencyID="EUR">38.51</cbc:LineExtensionAmount>
        <cbc:TaxExclusiveAmount currencyID="EUR">38.51</cbc:TaxExclusiveAmount>
        <cbc:TaxInclusiveAmount currencyID="EUR">47.37</cbc:TaxInclusiveAmount>
        <cbc:AllowanceTotalAmount currencyID="EUR">0.00</cbc:AllowanceTotalAmount>
        <cbc:ChargeTotalAmount currencyID="EUR">0.00</cbc:ChargeTotalAmount>
        <cbc:PrepaidAmount currencyID="EUR">0.00</cbc:PrepaidAmount>
        <cbc:PayableRoundingAmount currencyID="EUR">0.01</cbc:PayableRoundingAmount>
        <cbc:PayableAmount currencyID="EUR">47.38</cbc:PayableAmount>
    </cac:LegalMonetaryTotal>
    <cac:InvoiceLine>
        <cbc:ID>1</cbc:ID>
        <cbc:Note>notas linha 1</cbc:Note>
        <cbc:InvoicedQuantity unitCode="C62">23.00</cbc:InvoicedQuantity>
        <cbc:LineExtensionAmount currencyID="EUR">28.39</cbc:LineExtensionAmount>
        <cbc:AccountingCost>2342342342</cbc:AccountingCost>
        <cac:InvoicePeriod>
            <cbc:StartDate>2019-02-28</cbc:StartDate>
            <cbc:EndDate>2019-02-28</cbc:EndDate>
        </cac:InvoicePeriod>
        <cac:OrderLineReference>
            <cbc:LineID>12345678</cbc:LineID>
        </cac:OrderLineReference>
        <cac:DocumentReference>
            <cbc:ID>1234555</cbc:ID>
        </cac:DocumentReference>
        <cac:Item>
            <cbc:Description>Descrição item 1</cbc:Description>
            <cbc:Name>Nome item 1</cbc:Name>
            <cac:BuyersItemIdentification>
                <cbc:ID>cód do Cliente</cbc:ID>
            </cac:BuyersItemIdentification>
            <cac:SellersItemIdentification>
                <cbc:ID>cód do fornecedor</cbc:ID>
            </cac:SellersItemIdentification>
            <cac:StandardItemIdentification>
                <cbc:ID schemeID="0003">$%()*</cbc:ID> <!--EAN -->
            </cac:StandardItemIdentification>
            <cac:OriginCountry>
                <cbc:IdentificationCode>PT</cbc:IdentificationCode>
            </cac:OriginCountry>
            <cac:CommodityClassification>
                <cbc:ItemClassificationCode listID="STI" listVersionID="-">48100000-9</cbc:ItemClassificationCode> <!--Código da classificação da mercadoria do item da linha do documento empregue na Administração Pública, CPV -->
            </cac:CommodityClassification>
            <cac:ClassifiedTaxCategory>
                <cbc:ID>S</cbc:ID>
                <cbc:Percent>23.00</cbc:Percent>
                <cac:TaxScheme>
                    <cbc:ID>VAT</cbc:ID>
                </cac:TaxScheme>
            </cac:ClassifiedTaxCategory>
            <cac:AdditionalItemProperty>
                <cbc:Name>Nome</cbc:Name>
                <cbc:Value>Value</cbc:Value>
            </cac:AdditionalItemProperty>
        </cac:Item>
        <cac:Price>
            <cbc:PriceAmount currencyID="EUR">1234.56</cbc:PriceAmount> <!--se preço 1,23456, apenas poderemos colocar 1,23. Para resolver problemas de arredondamentos nas validações LineExtensionAmount=Quantidade x preço/quantidade base, multiplicar o preço por 1000 e colocar 1000 na quantidade base  -->
            <cbc:BaseQuantity unitCode="C62">1000.00</cbc:BaseQuantity>
        </cac:Price>
    </cac:InvoiceLine>
	    <cac:InvoiceLine>
        <cbc:ID>2</cbc:ID>
        <cbc:Note>notas linha 2</cbc:Note>
        <cbc:InvoicedQuantity unitCode="C62">1.00</cbc:InvoicedQuantity>
        <cbc:LineExtensionAmount currencyID="EUR">10.12</cbc:LineExtensionAmount>
        <cbc:AccountingCost>2342342342</cbc:AccountingCost>
        <cac:InvoicePeriod>
            <cbc:StartDate>2019-02-28</cbc:StartDate>
            <cbc:EndDate>2019-02-28</cbc:EndDate>
        </cac:InvoicePeriod>
        <cac:OrderLineReference>
            <cbc:LineID>12345678</cbc:LineID>
        </cac:OrderLineReference>
        <cac:DocumentReference>
            <cbc:ID>1234555</cbc:ID>
        </cac:DocumentReference>
        <cac:Item>
            <cbc:Description>Descrição item 2</cbc:Description>
            <cbc:Name>Nome item 2</cbc:Name>
            <cac:BuyersItemIdentification>
                <cbc:ID>cód do Cliente</cbc:ID>
            </cac:BuyersItemIdentification>
            <cac:SellersItemIdentification>
                <cbc:ID>cód do fornecedor</cbc:ID>
            </cac:SellersItemIdentification>
            <cac:OriginCountry>
                <cbc:IdentificationCode>PT</cbc:IdentificationCode>
            </cac:OriginCountry>
            <cac:ClassifiedTaxCategory>
                <cbc:ID>S</cbc:ID>
				<cbc:Percent>23.00</cbc:Percent>
                <cac:TaxScheme>
                    <cbc:ID>VAT</cbc:ID>
                </cac:TaxScheme>
            </cac:ClassifiedTaxCategory>
        </cac:Item>
        <cac:Price>
            <cbc:PriceAmount currencyID="EUR">10.12345678</cbc:PriceAmount><!--possibilidade de colocar 8 casas decimais no preço apenas-->
            <cbc:BaseQuantity unitCode="C62">1.00</cbc:BaseQuantity>
        </cac:Price>
    </cac:InvoiceLine>
</Invoice>