<?xml version="1.0" encoding="UTF-8"?>
<Order xmlns:xsi="http://www.w3.org/2001/XMLSchema-instance"
 xmlns="urn:oasis:names:specification:ubl:schema:xsd:Order-2"
 xmlns:cac="urn:oasis:names:specification:ubl:schema:xsd:CommonAggregateComponents-2"
 xmlns:cbc="urn:oasis:names:specification:ubl:schema:xsd:CommonBasicComponents-2"
 xmlns:xs="http://www.w3.org/2001/XMLSchema">
  <cbc:CustomizationID>urn:fdc:peppol.eu:poacc:trns:order:3</cbc:CustomizationID>
  <cbc:ProfileID>urn:fdc:peppol.eu:poacc:bis:ordering:3</cbc:ProfileID>
  <cbc:ID>5</cbc:ID>
  <cbc:IssueDate>2019-09-30</cbc:IssueDate>
  <cbc:IssueTime>05:10:10</cbc:IssueTime>
   <cbc:DocumentCurrencyCode listID="ISO4217">SEK</cbc:DocumentCurrencyCode>
  <cbc:AccountingCost>MAFO</cbc:AccountingCost>
  <cac:ValidityPeriod>
    <cbc:EndDate>2019-10-02</cbc:EndDate>
  </cac:ValidityPeriod>
  <cac:Contract>
    <cbc:ID>C1</cbc:ID>
  </cac:Contract>
  <cac:BuyerCustomerParty>
    <cac:Party>
      <cbc:EndpointID schemeID="0007">2041277711</cbc:EndpointID>
      <cac:PartyIdentification>
        <cbc:ID schemeID="0007">2041277711</cbc:ID>
      </cac:PartyIdentification>
      <cac:PartyName>
        <cbc:Name>Region West</cbc:Name>
      </cac:PartyName>
      <cac:PartyLegalEntity>
        <cbc:RegistrationName>Region West</cbc:RegistrationName>
        <cbc:CompanyID schemeID="0007">2041277711</cbc:CompanyID>
        <cac:RegistrationAddress>
          <cbc:CityName>Göteborg</cbc:CityName>
          <cac:Country>
            <cbc:IdentificationCode>SE</cbc:IdentificationCode>
          </cac:Country>
        </cac:RegistrationAddress>
      </cac:PartyLegalEntity>
    </cac:Party>
  </cac:BuyerCustomerParty>
  <cac:SellerSupplierParty>
    <cac:Party>
      <cbc:EndpointID schemeID="0007">5546577791</cbc:EndpointID>
      <cac:PartyIdentification>
        <cbc:ID schemeID="0007">5546577791</cbc:ID>
      </cac:PartyIdentification>
      <cac:PartyName>
        <cbc:Name>Supplier AB</cbc:Name>
      </cac:PartyName>
      <cac:PostalAddress>
        <cbc:StreetName>Godsgatan 2</cbc:StreetName>
        <cbc:CityName>Borås</cbc:CityName>
        <cbc:PostalZone>40539</cbc:PostalZone>
        <cac:Country>
          <cbc:IdentificationCode>SE</cbc:IdentificationCode>
        </cac:Country>
      </cac:PostalAddress>
      <cac:PartyLegalEntity>
        <cbc:RegistrationName>Supplier AB</cbc:RegistrationName>
      </cac:PartyLegalEntity>
    </cac:Party>
  </cac:SellerSupplierParty>
  <cac:AccountingCustomerParty>
    <cac:Party>
      <cbc:EndpointID schemeID="0088">7351233370051</cbc:EndpointID>
      <cac:PartyIdentification>
        <cbc:ID schemeID="0088">7351233370051</cbc:ID>
      </cac:PartyIdentification>
      <cac:PartyName>
        <cbc:Name>Southern Hospital</cbc:Name>
      </cac:PartyName>
      <cac:PostalAddress>
        <cbc:CityName>Borås</cbc:CityName>
        <cbc:PostalZone>40300</cbc:PostalZone>
        <cac:Country>
          <cbc:IdentificationCode>SE</cbc:IdentificationCode>
        </cac:Country>
      </cac:PostalAddress>
      <cac:PartyLegalEntity>
        <cbc:RegistrationName>Southern Hospital</cbc:RegistrationName>
        <cbc:CompanyID>2041277711</cbc:CompanyID>
        <cac:RegistrationAddress>
          <cbc:CityName>Borås</cbc:CityName>
          <cac:Country>
            <cbc:IdentificationCode>SE</cbc:IdentificationCode>
          </cac:Country>
        </cac:RegistrationAddress>
      </cac:PartyLegalEntity>
    </cac:Party>
  </cac:AccountingCustomerParty>
  <cac:Delivery>
    <cac:DeliveryLocation>
      <cbc:ID schemeID="0088">73512333000108</cbc:ID>
      <cbc:Name>Southern Hospital</cbc:Name>
      <cac:Address>
        <cbc:StreetName>Sjukhusgatan 14</cbc:StreetName>
        <cbc:AdditionalStreetName>Godsmottagningen</cbc:AdditionalStreetName>
        <cbc:CityName>Borås</cbc:CityName>
        <cbc:PostalZone>40355</cbc:PostalZone>
        <cac:AddressLine>
          <cbc:Line>Portkod 1234</cbc:Line>
        </cac:AddressLine>
        <cac:Country>
          <cbc:IdentificationCode>SE</cbc:IdentificationCode>
        </cac:Country>
      </cac:Address>
    </cac:DeliveryLocation>
    <cac:RequestedDeliveryPeriod>
      <cbc:StartDate>2019-10-15</cbc:StartDate>
      <cbc:EndDate>2019-10-16</cbc:EndDate>
    </cac:RequestedDeliveryPeriod>
    <cac:DeliveryParty>
      <cac:PartyIdentification>
        <cbc:ID schemeID="0088">73512333000115</cbc:ID>
      </cac:PartyIdentification>
      <cac:PartyName>
        <cbc:Name>Southern Hospital</cbc:Name>
      </cac:PartyName>
      <cac:PostalAddress>
        <cbc:StreetName>Sjukhusgatan 16</cbc:StreetName>
        <cbc:AdditionalStreetName>Surgical unit</cbc:AdditionalStreetName>
        <cbc:CityName>Borås</cbc:CityName>
        <cbc:PostalZone>40355</cbc:PostalZone>
        <cac:AddressLine>
          <cbc:Line>Ingång 1, Skylt F</cbc:Line>
        </cac:AddressLine>
        <cac:Country>
          <cbc:IdentificationCode>SE</cbc:IdentificationCode>
        </cac:Country>
      </cac:PostalAddress>
      <cac:Contact>
        <cbc:Name>John Johnsson</cbc:Name>
        <cbc:Telephone>+463158877523</cbc:Telephone>
        <cbc:ElectronicMail>john.johnsson@westregion.se</cbc:ElectronicMail>
      </cac:Contact>
    </cac:DeliveryParty>
  </cac:Delivery>
  <cac:TaxTotal>
		<cbc:TaxAmount currencyID="SEK">28.75</cbc:TaxAmount>
  </cac:TaxTotal>
  <cac:AnticipatedMonetaryTotal>
    <cbc:LineExtensionAmount currencyID="SEK">115</cbc:LineExtensionAmount>
    <cbc:PayableAmount currencyID="SEK">143.75</cbc:PayableAmount>
  </cac:AnticipatedMonetaryTotal>
  <cac:OrderLine>
    <cac:LineItem>
      <cbc:ID>1</cbc:ID>
      <cbc:Quantity unitCode="EA" unitCodeListID="UNECERec20">10</cbc:Quantity>
      <cbc:LineExtensionAmount currencyID="SEK">40</cbc:LineExtensionAmount>
      <cac:Price>
        <cbc:PriceAmount currencyID="SEK">4</cbc:PriceAmount>
      </cac:Price>
       <cac:Item>
        <cbc:Name>1x12 pack waste bags 1 lit</cbc:Name>
        <cac:SellersItemIdentification>
          <cbc:ID>11111</cbc:ID>
        </cac:SellersItemIdentification>
        <cac:ClassifiedTaxCategory>
          <cbc:ID schemeID="UNCL5305">S</cbc:ID>
          <cbc:Percent>25</cbc:Percent>
          <cac:TaxScheme>
            <cbc:ID>VAT</cbc:ID>
          </cac:TaxScheme>
        </cac:ClassifiedTaxCategory>
        </cac:Item>
    </cac:LineItem>
  </cac:OrderLine>
  <cac:OrderLine>
    <cac:LineItem>
      <cbc:ID>2</cbc:ID>
      <cbc:Quantity unitCode="EA" unitCodeListID="UNECERec20">5</cbc:Quantity>
      <cbc:LineExtensionAmount currencyID="SEK">30</cbc:LineExtensionAmount>
      <cac:Price>
        <cbc:PriceAmount currencyID="SEK">6</cbc:PriceAmount>
      </cac:Price>
       <cac:Item>
         <cbc:Name>Waste bags 2,5 lit</cbc:Name>
        <cac:SellersItemIdentification>
          <cbc:ID>111125</cbc:ID>
        </cac:SellersItemIdentification>
        <cac:ClassifiedTaxCategory>
          <cbc:ID schemeID="UNCL5305">S</cbc:ID>
          <cbc:Percent>25</cbc:Percent>
          <cac:TaxScheme>
            <cbc:ID>VAT</cbc:ID>
          </cac:TaxScheme>
        </cac:ClassifiedTaxCategory>
        </cac:Item>
    </cac:LineItem>
  </cac:OrderLine>
  <cac:OrderLine>
    <cac:LineItem>
      <cbc:ID>3</cbc:ID>
      <cbc:Quantity unitCode="EA" unitCodeListID="UNECERec20">15</cbc:Quantity>
      <cbc:LineExtensionAmount currencyID="SEK">45</cbc:LineExtensionAmount>
      <cac:Price>
        <cbc:PriceAmount currencyID="SEK">3</cbc:PriceAmount>
      </cac:Price>
       <cac:Item>
         <cbc:Name>Black Plastic bags 25 lit</cbc:Name>
        <cac:SellersItemIdentification>
          <cbc:ID>11135</cbc:ID>
        </cac:SellersItemIdentification>
        <cac:ClassifiedTaxCategory>
          <cbc:ID schemeID="UNCL5305">S</cbc:ID>
          <cbc:Percent>25</cbc:Percent>
          <cac:TaxScheme>
            <cbc:ID>VAT</cbc:ID>
          </cac:TaxScheme>
        </cac:ClassifiedTaxCategory>
        </cac:Item>
    </cac:LineItem>
  </cac:OrderLine>
</Order>
