<?xml version="1.0" encoding="UTF-8"?>
<CodeList xmlns="urn:fdc:difi.no:2017:vefa:structure:CodeList-1">
    <Title>Electronic Address Scheme (EAS)</Title>
    <Identifier>eas</Identifier>
    <Agency>CEF</Agency>

    <Code>
        <Id>0002</Id>
        <Name>System Information et Repertoire des Entreprise et des Etablissements: SIRENE</Name>
    </Code>
    <Code>
        <Id>0007</Id>
        <Name>Organisationsnumme</Name>
    </Code>
    <Code>
        <Id>0009</Id>
        <Name>SIRET-CODE</Name>
    </Code>
    <Code>
        <Id>0037</Id>
        <Name>LY-tunnus</Name>
    </Code>
    <Code>
        <Id>0060</Id>
        <Name>Data Universal Numbering System (D-U-N-S Number)</Name>
    </Code>
    <Code>
        <Id>0088</Id>
        <Name>EAN Location Code</Name>
    </Code>
    <Code>
        <Id>0096</Id>
        <Name>DANISH CHAMBER OF COMMERCE Scheme (EDIRA compliant)</Name>
    </Code>
    <Code>
        <Id>0097</Id>
        <Name>FTI - Ediforum Italia, (EDIRA compliant)</Name>
    </Code>
    <Code>
        <Id>0106</Id>
        <Name>"Vereniging van Kamers van Koophandel en Fabrieken in Nederland (Association of
            Chambers of Commerce and Industry in the Netherlands), Scheme (EDIRA compliant)"</Name>
    </Code>
	    <Code>
        <Id>0130</Id>
        <Name>Directorates of the European Commission</Name>
    </Code>
    <Code>
        <Id>0135</Id>
        <Name>SIA Object Identifiers</Name>
    </Code>
    <Code>
        <Id>0142</Id>
        <Name>SECETI Object Identifiers</Name>
    </Code>
    <Code>
        <Id>0151</Id>
        <Name>Australian Business Number (ABN) Scheme</Name>
    </Code>
    <Code>
        <Id>0183</Id>
        <Name>Numéro d'identification suisse des enterprises (IDE), Swiss Unique Business
            Identification Number (UIDB)</Name>
    </Code>
    <Code>
        <Id>0184</Id>
        <Name>DIGSTORG</Name>
    </Code>
    <Code>
        <Id>0190</Id>
        <Name>Dutch Originator's Identification Number</Name>
    </Code>
    <Code>
        <Id>0191</Id>
        <Name>Centre of Registers and Information Systems of the Ministry of Justice</Name>
    </Code>
    <Code>
        <Id>0192</Id>
        <Name>Enhetsregisteret ved Bronnoysundregisterne </Name>
    </Code>
    <Code>
        <Id>0193</Id>
        <Name>UBL.BE party identifier</Name>
    </Code>
    <Code>
        <Id>0195</Id>
        <Name>Singapore UEN identifier</Name>
    </Code>
    <Code>
        <Id>0196</Id>
        <Name>Kennitala - Iceland legal id for individuals and legal entities</Name>
    </Code>
    
    <Code>
        <Id>0198</Id>
        <Name>ERSTORG</Name>
    </Code>
    <Code>
        <Id>0199</Id>
        <Name>Legal Entity Identifier (LEI)</Name>
    </Code>
    <Code>
        <Id>0200</Id>
        <Name>Legal entity code (Lithuania)</Name>
    </Code>
    <Code>
        <Id>0201</Id>
        <Name>Codice Univoco Unità Organizzativa iPA</Name>
    </Code>
    <Code>
        <Id>0202</Id>
        <Name>Indirizzo di Posta Elettronica Certificata</Name>
    </Code>
    <Code>
        <Id>0204</Id>
        <Name>Leitweg-ID</Name>
    </Code>
    <Code>
        <Id>9901</Id>
        <Name>Danish Ministry of the Interior and Health</Name>
    </Code>
    <Code>
        <Id>9906</Id>
        <Name>Ufficio responsabile gestione partite IVA</Name>
    </Code>
    <Code>
        <Id>9907</Id>
        <Name>TAX Authority</Name>
    </Code>
    <Code>
        <Id>9910</Id>
        <Name>Hungary VAT number</Name>
    </Code>
    <Code>
        <Id>9913</Id>
        <Name>Business Registers Network</Name>
    </Code>
    <Code>
        <Id>9914</Id>
        <Name>Österreichische Umsatzsteuer-Identifikationsnummer</Name>
    </Code>
    <Code>
        <Id>9915</Id>
        <Name>"Österreichisches Verwaltungs bzw. Organisationskennzeichen"</Name>
    </Code>
    <Code>
        <Id>9918</Id>
        <Name>"SOCIETY FOR WORLDWIDE INTERBANK FINANCIAL, TELECOMMUNICATION S.W.I.F.T"</Name>
    </Code>
    <Code>
        <Id>9919</Id>
        <Name>Kennziffer des Unternehmensregisters </Name>
    </Code>
    <Code>
        <Id>9920</Id>
        <Name>Agencia Española de Administración Tributaria </Name>
    </Code>
    <Code>
        <Id>9922</Id>
        <Name>Andorra VAT number</Name>
    </Code>
    <Code>
        <Id>9923</Id>
        <Name>Albania VAT number</Name>
    </Code>
    <Code>
        <Id>9924</Id>
        <Name>Bosnia and Herzegovina VAT number</Name>
    </Code>
    <Code>
        <Id>9925</Id>
        <Name>Belgium VAT number</Name>
    </Code>
    <Code>
        <Id>9926</Id>
        <Name>Bulgaria VAT number</Name>
    </Code>
    <Code>
        <Id>9927</Id>
        <Name>Switzerland VAT number</Name>
    </Code>
    <Code>
        <Id>9928</Id>
        <Name>Cyprus VAT number</Name>
    </Code>
    <Code>
        <Id>9929</Id>
        <Name>Czech Republic VAT number</Name>
    </Code>
    <Code>
        <Id>9930</Id>
        <Name>Germany VAT number</Name>
    </Code>
    <Code>
        <Id>9931</Id>
        <Name>Estonia VAT number</Name>
    </Code>
    <Code>
        <Id>9932</Id>
        <Name>United Kingdom VAT number</Name>
    </Code>
    <Code>
        <Id>9933</Id>
        <Name>Greece VAT number</Name>
    </Code>
    <Code>
        <Id>9934</Id>
        <Name>Croatia VAT number</Name>
    </Code>
    <Code>
        <Id>9935</Id>
        <Name>Ireland VAT number</Name>
    </Code>
    <Code>
        <Id>9936</Id>
        <Name>Liechtenstein VAT number</Name>
    </Code>
    <Code>
        <Id>9937</Id>
        <Name>Lithuania VAT number</Name>
    </Code>
    <Code>
        <Id>9938</Id>
        <Name>Luxemburg VAT number</Name>
    </Code>
    <Code>
        <Id>9939</Id>
        <Name>Latvia VAT number</Name>
    </Code>
    <Code>
        <Id>9940</Id>
        <Name>Monaco VAT number</Name>
    </Code>
    <Code>
        <Id>9941</Id>
        <Name>Montenegro VAT number</Name>
    </Code>
    <Code>
        <Id>9942</Id>
        <Name>Macedonia, the former Yugoslav Republic of VAT number</Name>
    </Code>
    <Code>
        <Id>9943</Id>
        <Name>Malta VAT number</Name>
    </Code>
    <Code>
        <Id>9944</Id>
        <Name>Netherlands VAT number</Name>
    </Code>
    <Code>
        <Id>9945</Id>
        <Name>Poland VAT number</Name>
    </Code>
    <Code>
        <Id>9946</Id>
        <Name>Portugal VAT number</Name>
    </Code>
    <Code>
        <Id>9947</Id>
        <Name>Romania VAT number</Name>
    </Code>
    <Code>
        <Id>9948</Id>
        <Name>Serbia VAT number</Name>
    </Code>
    <Code>
        <Id>9949</Id>
        <Name>Slovenia VAT number</Name>
    </Code>
    <Code>
        <Id>9950</Id>
        <Name>Slovakia VAT number</Name>
    </Code>
    <Code>
        <Id>9951</Id>
        <Name>San Marino VAT number</Name>
    </Code>
    <Code>
        <Id>9952</Id>
        <Name>Turkey VAT number</Name>
    </Code>
    <Code>
        <Id>9953</Id>
        <Name>Holy See (Vatican City State) VAT number</Name>
    </Code>
    <Code>
        <Id>9955</Id>
        <Name>Swedish VAT number</Name>
    </Code>
    <Code>
        <Id>9956</Id>
        <Name>Belgian Crossroad Bank of Enterprises </Name>
    </Code>
    <Code>
        <Id>9957</Id>
        <Name>French VAT number</Name>
    </Code>
    <Code>
        <Id>9958</Id>
        <Name>German Leitweg ID</Name>
    </Code>

</CodeList>
