<?xml version="1.0" encoding="UTF-8"?>
<!-- This example demonstrates a New Zealand Order transaction. An Order Transaction refers to the electronic exchange of order-related documents between a buyer and a supplier -->
<Order xmlns="urn:oasis:names:specification:ubl:schema:xsd:Order-2"
	   xmlns:cac="urn:oasis:names:specification:ubl:schema:xsd:CommonAggregateComponents-2"
	   xmlns:cbc="urn:oasis:names:specification:ubl:schema:xsd:CommonBasicComponents-2">
	<cbc:CustomizationID>urn:fdc:peppol.eu:poacc:trns:order:3</cbc:CustomizationID>
	<cbc:ProfileID>urn:fdc:peppol.eu:poacc:bis:order_only:3</cbc:ProfileID>
	<cbc:ID>34</cbc:ID>
	<cbc:SalesOrderID>112233</cbc:SalesOrderID>
	<cbc:IssueDate>2020-09-01</cbc:IssueDate>
	<cbc:IssueTime>12:30:00</cbc:IssueTime>
	<cbc:OrderTypeCode>220</cbc:OrderTypeCode>
	<cbc:Note>Information text for the whole order</cbc:Note>
	<cbc:DocumentCurrencyCode>NZD</cbc:DocumentCurrencyCode>
	<cbc:CustomerReference>9000012345</cbc:CustomerReference>
	<cbc:AccountingCost>Project123</cbc:AccountingCost>
	<cac:ValidityPeriod>
		<cbc:EndDate>2020-01-31</cbc:EndDate>
	</cac:ValidityPeriod>
	<cac:QuotationDocumentReference>
		<cbc:ID>QuoteID1234</cbc:ID>
	</cac:QuotationDocumentReference>
	<cac:OrderDocumentReference>
		<cbc:ID>RjectedOrderID123</cbc:ID>
	</cac:OrderDocumentReference>
	<cac:OriginatorDocumentReference>
		<cbc:ID>MAFO</cbc:ID>
	</cac:OriginatorDocumentReference>
	<cac:AdditionalDocumentReference>
		<cbc:ID>Doc1</cbc:ID>
		<cbc:DocumentType>Timesheet</cbc:DocumentType>
		<cac:Attachment>
			<cac:ExternalReference>
				<cbc:URI>http://www.suppliersite.co.nz/sheet001.html</cbc:URI>
			</cac:ExternalReference>
		</cac:Attachment>
	</cac:AdditionalDocumentReference>
	<cac:AdditionalDocumentReference>
		<cbc:ID>Doc2</cbc:ID>
		<cbc:DocumentType>Drawing</cbc:DocumentType>
		<cac:Attachment>
			<cbc:EmbeddedDocumentBinaryObject mimeCode="application/pdf" filename="Hours-spend.csv">UjBsR09EbGhjZ0dTQUxNQUFBUUNBRU1tQ1p0dU1GUXhEUzhi
            </cbc:EmbeddedDocumentBinaryObject>
		</cac:Attachment>
	</cac:AdditionalDocumentReference>
	<cac:Contract>
		<cbc:ID>3432299</cbc:ID>
	</cac:Contract>
	<cac:BuyerCustomerParty>
		<cac:Party>
			<cbc:EndpointID schemeID="0192">987654325</cbc:EndpointID>
			<cac:PartyIdentification>
				<cbc:ID schemeID="0088">9429033821733</cbc:ID>
			</cac:PartyIdentification>
			<cac:PartyName>
				<cbc:Name>Stout Systems</cbc:Name>
			</cac:PartyName>
			<cac:PostalAddress>
				<cbc:StreetName>5 Stout Street</cbc:StreetName>
				<cbc:AdditionalStreetName>Hanger 2</cbc:AdditionalStreetName>
				<cbc:CityName>Wellington</cbc:CityName>
				<cbc:PostalZone>0111</cbc:PostalZone>
				<cbc:CountrySubentity>Region</cbc:CountrySubentity>
				<cac:AddressLine>
					<cbc:Line>Address Line 3</cbc:Line>
				</cac:AddressLine>
				<cac:Country>
					<cbc:IdentificationCode>NZ</cbc:IdentificationCode>
				</cac:Country>
			</cac:PostalAddress>
			<cac:PartyTaxScheme>
				<cbc:CompanyID>567-345-222</cbc:CompanyID>
				<cac:TaxScheme>
					<cbc:ID>GST</cbc:ID>
				</cac:TaxScheme>
			</cac:PartyTaxScheme>
			<cac:PartyLegalEntity>
				<cbc:RegistrationName>Stout Systems Ltd</cbc:RegistrationName>
				<cbc:CompanyID schemeID="0088">9429033821733</cbc:CompanyID>
				<cac:RegistrationAddress>
					<cbc:CityName>Wellington</cbc:CityName>
					<cac:Country>
						<cbc:IdentificationCode>NZ</cbc:IdentificationCode>
					</cac:Country>
				</cac:RegistrationAddress>
			</cac:PartyLegalEntity>
			<cac:Contact>
				<cbc:Name>Henry Customer</cbc:Name>
				<cbc:Telephone>021-1090-777</cbc:Telephone>
				<cbc:ElectronicMail>henry@stoutsystems.com</cbc:ElectronicMail>
			</cac:Contact>
		</cac:Party>
	</cac:BuyerCustomerParty>
	<cac:SellerSupplierParty>
		<cac:Party>
			<cbc:EndpointID schemeID="0192">123456785</cbc:EndpointID>
			<cac:PartyIdentification>
				<cbc:ID schemeID="0088">9429033591476</cbc:ID>
			</cac:PartyIdentification>
			<cac:PartyName>
				<cbc:Name>Jessica Supplier</cbc:Name>
			</cac:PartyName>
			<cac:PostalAddress>
				<cbc:StreetName>212 Queen Street</cbc:StreetName>
				<cbc:AdditionalStreetName>additional</cbc:AdditionalStreetName>
				<cbc:CityName>Auckland</cbc:CityName>
				<cbc:PostalZone>2222</cbc:PostalZone>
				<cbc:CountrySubentity>Region</cbc:CountrySubentity>
				<cac:AddressLine>
					<cbc:Line>Address Line 3</cbc:Line>
				</cac:AddressLine>
				<cac:Country>
					<cbc:IdentificationCode>NZ</cbc:IdentificationCode>
				</cac:Country>
			</cac:PostalAddress>
			<cac:PartyLegalEntity>
				<cbc:RegistrationName>Medical AS</cbc:RegistrationName>
				<cbc:CompanyID schemeID="0082">123456789</cbc:CompanyID>
				<cac:RegistrationAddress>
					<cbc:CityName>Auckland</cbc:CityName>
					<cac:Country>
						<cbc:IdentificationCode>NZ</cbc:IdentificationCode>
					</cac:Country>
				</cac:RegistrationAddress>
			</cac:PartyLegalEntity>
			<cac:Contact>
				<cbc:Name>Jessica Supplier</cbc:Name>
				<cbc:Telephone>021-1090-442</cbc:Telephone>
				<cbc:ElectronicMail>jessica.supplier@jessie.co.nz</cbc:ElectronicMail>
			</cac:Contact>
		</cac:Party>
	</cac:SellerSupplierParty>
	<cac:OriginatorCustomerParty>
		<cac:Party>
			<cac:PartyIdentification>
				<cbc:ID schemeID="0088">9429033591476</cbc:ID>
			</cac:PartyIdentification>
			<cac:PartyName>
				<cbc:Name>Stout Supplies</cbc:Name>
			</cac:PartyName>
			<cac:Contact>
				<cbc:Name>JHenry Supplier</cbc:Name>
				<cbc:Telephone>021-1090-878</cbc:Telephone>
				<cbc:ElectronicMail>henry@supplier.com</cbc:ElectronicMail>
			</cac:Contact>
		</cac:Party>
	</cac:OriginatorCustomerParty>
	<cac:AccountingCustomerParty>
		<cac:Party>
			<cbc:EndpointID schemeID="0192">987654325</cbc:EndpointID>
			<cac:PartyIdentification>
				<cbc:ID schemeID="0088">9429033821733</cbc:ID>
			</cac:PartyIdentification>
			<cac:PartyName>
				<cbc:Name>Accounting</cbc:Name>
			</cac:PartyName>
			<cac:PostalAddress>
				<cbc:StreetName>5 Stout Street</cbc:StreetName>
				<cbc:AdditionalStreetName>Level 23</cbc:AdditionalStreetName>
				<cbc:CityName>Wellington</cbc:CityName>
				<cbc:PostalZone>0011</cbc:PostalZone>
				<cbc:CountrySubentity>Region</cbc:CountrySubentity>
				<cac:AddressLine>
					<cbc:Line>Address Line 3</cbc:Line>
				</cac:AddressLine>
				<cac:Country>
					<cbc:IdentificationCode>NZ</cbc:IdentificationCode>
				</cac:Country>
			</cac:PostalAddress>
			<cac:PartyTaxScheme>
				<cbc:CompanyID>444-555-666</cbc:CompanyID>
				<cac:TaxScheme>
					<cbc:ID>GST</cbc:ID>
				</cac:TaxScheme>
			</cac:PartyTaxScheme>
			<cac:PartyLegalEntity>
				<cbc:RegistrationName>Stout Legal</cbc:RegistrationName>
				<cbc:CompanyID schemeID="0088">9429033821733</cbc:CompanyID>
				<cac:RegistrationAddress>
					<cbc:CityName>Wellington</cbc:CityName>
					<cac:Country>
						<cbc:IdentificationCode>NZ</cbc:IdentificationCode>
					</cac:Country>
				</cac:RegistrationAddress>
			</cac:PartyLegalEntity>
		</cac:Party>
	</cac:AccountingCustomerParty>
	<cac:Delivery>
		<cac:DeliveryLocation>
			<cbc:ID schemeID="0088">7300010000001</cbc:ID>
			<cac:Address>
				<cbc:StreetName>Delivery Street</cbc:StreetName>
				<cbc:AdditionalStreetName>Wharf 22</cbc:AdditionalStreetName>
				<cbc:CityName>Auckland</cbc:CityName>
				<cbc:PostalZone>1473</cbc:PostalZone>
				<cbc:CountrySubentity>Region</cbc:CountrySubentity>
				<cac:AddressLine>
					<cbc:Line>3rd Address line</cbc:Line>
				</cac:AddressLine>
				<cac:Country>
					<cbc:IdentificationCode>NZ</cbc:IdentificationCode>
				</cac:Country>
			</cac:Address>
		</cac:DeliveryLocation>
		<cac:RequestedDeliveryPeriod>
			<cbc:StartDate>2020-10-10</cbc:StartDate>
			<cbc:EndDate>2020-10-20</cbc:EndDate>
		</cac:RequestedDeliveryPeriod>
		<cac:DeliveryParty>
			<cac:PartyIdentification>
				<cbc:ID schemeID="0082">13691234</cbc:ID>
			</cac:PartyIdentification>
			<cac:PartyName>
				<cbc:Name>Helseavdeling</cbc:Name>
			</cac:PartyName>
			<cac:Contact>
				<cbc:Name>Sally Smith</cbc:Name>
				<cbc:Telephone>021-1090-333</cbc:Telephone>
				<cbc:ElectronicMail>sally@warehousing.co.nz</cbc:ElectronicMail>
			</cac:Contact>
		</cac:DeliveryParty>
	</cac:Delivery>
	<cac:DeliveryTerms>
		<cbc:ID>FOB</cbc:ID>
		<cbc:SpecialTerms>CAD</cbc:SpecialTerms>
		<cac:DeliveryLocation>
			<cbc:ID>FOB AUK</cbc:ID>
		</cac:DeliveryLocation>
	</cac:DeliveryTerms>
	<cac:PaymentTerms>
		<cbc:Note>Payment terms description</cbc:Note>
    </cac:PaymentTerms>
	<cac:AllowanceCharge>
		<cbc:ChargeIndicator>true</cbc:ChargeIndicator>
		<cbc:AllowanceChargeReasonCode>ABK</cbc:AllowanceChargeReasonCode>
		<cbc:AllowanceChargeReason>Miscellaneous services</cbc:AllowanceChargeReason>
		<cbc:Amount currencyID="NZD">400.00</cbc:Amount>
		<cac:TaxCategory>
			<cbc:ID>Z</cbc:ID>
			<cbc:Percent>0</cbc:Percent>
			<cac:TaxScheme>
				<cbc:ID>GST</cbc:ID>
			</cac:TaxScheme>
		</cac:TaxCategory>
	</cac:AllowanceCharge>
	<cac:AllowanceCharge>
		<cbc:ChargeIndicator>false</cbc:ChargeIndicator>
		<cbc:AllowanceChargeReasonCode>95</cbc:AllowanceChargeReasonCode>
		<cbc:AllowanceChargeReason>Discount</cbc:AllowanceChargeReason>
		<cbc:MultiplierFactorNumeric>10</cbc:MultiplierFactorNumeric>
		<cbc:Amount currencyID="NZD">652.50</cbc:Amount>
		<cbc:BaseAmount currencyID="NZD">6525.00</cbc:BaseAmount>
		<cac:TaxCategory>
			<cbc:ID>S</cbc:ID>
			<cbc:Percent>15</cbc:Percent>
			<cac:TaxScheme>
				<cbc:ID>GST</cbc:ID>
			</cac:TaxScheme>
		</cac:TaxCategory>
	</cac:AllowanceCharge>
	<cac:TaxTotal>
		<cbc:TaxAmount currencyID="NZD">880.88</cbc:TaxAmount>
	</cac:TaxTotal>
	<cac:AnticipatedMonetaryTotal>
		<cbc:LineExtensionAmount currencyID="NZD">6525.00</cbc:LineExtensionAmount>
		<cbc:TaxExclusiveAmount currencyID="NZD">6272.50</cbc:TaxExclusiveAmount>
		<cbc:TaxInclusiveAmount currencyID="NZD">7153.38</cbc:TaxInclusiveAmount>
		<cbc:AllowanceTotalAmount currencyID="NZD">652.50</cbc:AllowanceTotalAmount>
		<cbc:ChargeTotalAmount currencyID="NZD">400.00</cbc:ChargeTotalAmount>
		<cbc:PrepaidAmount currencyID="NZD">10.00</cbc:PrepaidAmount>
		<cbc:PayableRoundingAmount currencyID="NZD">0.62</cbc:PayableRoundingAmount>
		<cbc:PayableAmount currencyID="NZD">7144</cbc:PayableAmount>
	</cac:AnticipatedMonetaryTotal>


	<cac:OrderLine>
		<cbc:Note>Freetext note on line 1</cbc:Note>
		<cac:LineItem>
			<cbc:ID>1</cbc:ID>
			<cbc:Quantity unitCode="EA">120</cbc:Quantity>
			<cbc:LineExtensionAmount currencyID="NZD">6300.00</cbc:LineExtensionAmount>
			<cbc:PartialDeliveryIndicator>false</cbc:PartialDeliveryIndicator>
			<cbc:AccountingCost>12345678</cbc:AccountingCost>
			<cac:Delivery>
				<cac:RequestedDeliveryPeriod>
					<cbc:StartDate>2020-02-10</cbc:StartDate>
					<cbc:EndDate>2020-02-25</cbc:EndDate>
				</cac:RequestedDeliveryPeriod>
			</cac:Delivery>
			<cac:OriginatorParty>
				<cac:PartyIdentification>
					<cbc:ID schemeID="0082">1234567890</cbc:ID>
				</cac:PartyIdentification>
				<cac:PartyName>
					<cbc:Name>Josef K.</cbc:Name>
				</cac:PartyName>
			</cac:OriginatorParty>
			<cac:AllowanceCharge>
				<cbc:ChargeIndicator>true</cbc:ChargeIndicator>
				<cbc:AllowanceChargeReasonCode>ABK</cbc:AllowanceChargeReasonCode>
				<cbc:AllowanceChargeReason>Miscellaneous services</cbc:AllowanceChargeReason>
				<cbc:Amount currencyID="NZD">600.00</cbc:Amount>
			</cac:AllowanceCharge>
			<cac:AllowanceCharge>
				<cbc:ChargeIndicator>false</cbc:ChargeIndicator>
				<cbc:AllowanceChargeReasonCode>95</cbc:AllowanceChargeReasonCode>
				<cbc:AllowanceChargeReason>Discount</cbc:AllowanceChargeReason>
				<cbc:MultiplierFactorNumeric>5</cbc:MultiplierFactorNumeric>
				<cbc:Amount currencyID="NZD">300.00</cbc:Amount>
				<cbc:BaseAmount currencyID="NZD">6000.00</cbc:BaseAmount>
			</cac:AllowanceCharge>
			<cac:Price>
				<cbc:PriceAmount currencyID="NZD">50.000</cbc:PriceAmount>
				<cbc:BaseQuantity unitCode="EA">1</cbc:BaseQuantity>
				<cac:AllowanceCharge>
					<cbc:ChargeIndicator>false</cbc:ChargeIndicator>
					<cbc:Amount currencyID="NZD">10.00</cbc:Amount>
					<cbc:BaseAmount currencyID="NZD">60.00</cbc:BaseAmount>
				</cac:AllowanceCharge>
			</cac:Price>
			<cac:Item>
				<cbc:Description>Needle 4mm</cbc:Description>
				<cbc:Name>Needle 4mm</cbc:Name>
				<cac:BuyersItemIdentification>
					<cbc:ID>123456</cbc:ID>
				</cac:BuyersItemIdentification>
				<cac:SellersItemIdentification>
					<cbc:ID>121212</cbc:ID>
				</cac:SellersItemIdentification>
				<cac:StandardItemIdentification>
					<cbc:ID schemeID="0160">7560000012345</cbc:ID>
				</cac:StandardItemIdentification>
				<cac:ItemSpecificationDocumentReference>
					<cbc:ID>12345678</cbc:ID>
				</cac:ItemSpecificationDocumentReference>
				<cac:CommodityClassification>
					<cbc:ItemClassificationCode listID="MP" listVersionID="19.0501">12345678</cbc:ItemClassificationCode>
				</cac:CommodityClassification>

				<cac:ClassifiedTaxCategory>
					<cbc:ID>S</cbc:ID>
					<cbc:Percent>15</cbc:Percent>
					<cac:TaxScheme>
						<cbc:ID>GST</cbc:ID>
					</cac:TaxScheme>
				</cac:ClassifiedTaxCategory>
				<cac:AdditionalItemProperty>
					<cbc:Name>Length</cbc:Name>
					<cbc:Value>30 mm</cbc:Value>
					<cbc:ValueQuantity unitCode="C62">30</cbc:ValueQuantity>
					<cbc:ValueQualifier>descr</cbc:ValueQualifier>
				</cac:AdditionalItemProperty>
				<cac:ItemInstance>
					<cbc:SerialID>SE-123456</cbc:SerialID>
					<cac:LotIdentification>
						<cbc:LotNumberID>LO-123456</cbc:LotNumberID>
					</cac:LotIdentification>
				</cac:ItemInstance>
			</cac:Item>
		</cac:LineItem>
	</cac:OrderLine>



	<cac:OrderLine>
		<cbc:Note>Freetext note on line 2</cbc:Note>
		<cac:LineItem>
			<cbc:ID>2</cbc:ID>
			<cbc:Quantity unitCode="EA">15</cbc:Quantity>
			<cbc:LineExtensionAmount currencyID="NZD">225.00</cbc:LineExtensionAmount>
			<cbc:PartialDeliveryIndicator>true</cbc:PartialDeliveryIndicator>
			<cbc:AccountingCost>ProjectID123</cbc:AccountingCost>
			<cac:Delivery>
				<cac:RequestedDeliveryPeriod>
					<cbc:StartDate>2012-10-15</cbc:StartDate>
					<cbc:EndDate>2012-10-31</cbc:EndDate>
				</cac:RequestedDeliveryPeriod>
			</cac:Delivery>
			<cac:OriginatorParty>
				<cac:PartyIdentification>
					<cbc:ID schemeID="0082">1234567890</cbc:ID>
				</cac:PartyIdentification>
				<cac:PartyName>
					<cbc:Name>Josef K.</cbc:Name>
				</cac:PartyName>
			</cac:OriginatorParty>
			<cac:Price>
				<cbc:PriceAmount currencyID="NZD">15.000</cbc:PriceAmount>
				<cbc:BaseQuantity unitCode="EA">1</cbc:BaseQuantity>
				<cac:AllowanceCharge>
					<cbc:ChargeIndicator>false</cbc:ChargeIndicator>
					<cbc:Amount currencyID="NZD">100.0000</cbc:Amount>
					<cbc:BaseAmount currencyID="NZD">115.0000</cbc:BaseAmount>
				</cac:AllowanceCharge>
			</cac:Price>
			<cac:Item>
				<cbc:Description>Wet tissues for children</cbc:Description>
				<cbc:Name>Wet tissues</cbc:Name>
				<cac:SellersItemIdentification>
					<cbc:ID>SItemNo011</cbc:ID>
				</cac:SellersItemIdentification>
				<cac:CommodityClassification>
					<cbc:ItemClassificationCode listID="MP" listVersionID="19.0501">56789123</cbc:ItemClassificationCode>
				</cac:CommodityClassification>
				<cac:ClassifiedTaxCategory>
					<cbc:ID>S</cbc:ID>
					<cbc:Percent>15</cbc:Percent>
					<cac:TaxScheme>
						<cbc:ID>GST</cbc:ID>
					</cac:TaxScheme>
				</cac:ClassifiedTaxCategory>
				<cac:AdditionalItemProperty>
					<cbc:Name>Weight</cbc:Name>
					<cbc:Value>100 g</cbc:Value>
				</cac:AdditionalItemProperty>
			</cac:Item>
		</cac:LineItem>
	</cac:OrderLine>
</Order>
