<?xml version="1.0" encoding="ISO-8859-1"?>
<Catalogue xmlns:cac="urn:oasis:names:specification:ubl:schema:xsd:CommonAggregateComponents-2" xmlns:cbc="urn:oasis:names:specification:ubl:schema:xsd:CommonBasicComponents-2" xmlns="urn:oasis:names:specification:ubl:schema:xsd:Catalogue-2">
	<cbc:CustomizationID>urn:fdc:peppol.eu:poacc:trns:catalogue:3</cbc:CustomizationID>
	<cbc:ProfileID>urn:fdc:peppol.eu:poacc:bis:catalogue_wo_response:3</cbc:ProfileID>
	<cbc:ID>1234</cbc:ID>
	<cbc:ActionCode>Add</cbc:ActionCode>
	<cbc:Name>Peppol Test Catalogue, use case 6</cbc:Name>
	<cbc:IssueDate>2019-08-01</cbc:IssueDate>
	<cbc:VersionID>1</cbc:VersionID>
	<cac:ValidityPeriod>
		<cbc:StartDate>2025-08-19</cbc:StartDate>
		<cbc:EndDate>2025-12-19</cbc:EndDate>
	</cac:ValidityPeriod>
	<cac:ReferencedContract>
		<cbc:ID>3299-RA</cbc:ID>
	</cac:ReferencedContract>
	<cac:ProviderParty>
		<cbc:EndpointID schemeID="0192">987654325</cbc:EndpointID>
		<cac:PartyIdentification>
			<cbc:ID schemeID="0088">5790000435951</cbc:ID>
		</cac:PartyIdentification>
		<cac:PostalAddress>
			<cbc:StreetName>Sinsenveien 40</cbc:StreetName>
			<cbc:AdditionalStreetName>Oppgang B</cbc:AdditionalStreetName>
			<cbc:CityName>Oslo</cbc:CityName>
			<cbc:PostalZone>0501</cbc:PostalZone>
			<cbc:CountrySubentity>Region</cbc:CountrySubentity>
			<cac:AddressLine>
				<cbc:Line>Address Line 3</cbc:Line>
			</cac:AddressLine>
			<cac:Country>
				<cbc:IdentificationCode>NO</cbc:IdentificationCode>
			</cac:Country>
		</cac:PostalAddress>
		<cac:PartyLegalEntity>
			<cbc:RegistrationName>Helseforetak AS</cbc:RegistrationName>
			<cbc:CompanyID schemeID="0192">987654325</cbc:CompanyID>
			<cac:RegistrationAddress>
				<cbc:CityName>Oslo</cbc:CityName>
				<cac:Country>
					<cbc:IdentificationCode>NO</cbc:IdentificationCode>
				</cac:Country>
			</cac:RegistrationAddress>
		</cac:PartyLegalEntity>
	</cac:ProviderParty>
	<cac:ReceiverParty>
		<cbc:EndpointID schemeID="0192">123456785</cbc:EndpointID>
		<cac:PartyIdentification>
			<cbc:ID schemeID="0088">5790000435944</cbc:ID>
		</cac:PartyIdentification>
		<cac:PostalAddress>
			<cbc:StreetName>Storgt. 12</cbc:StreetName>
			<cbc:AdditionalStreetName>4. etasje</cbc:AdditionalStreetName>
			<cbc:CityName>Oslo</cbc:CityName>
			<cbc:PostalZone>0585</cbc:PostalZone>
			<cbc:CountrySubentity>Region</cbc:CountrySubentity>
			<cac:AddressLine>
				<cbc:Line>Address Line 3</cbc:Line>
			</cac:AddressLine>
			<cac:Country>
				<cbc:IdentificationCode>NO</cbc:IdentificationCode>
			</cac:Country>
		</cac:PostalAddress>
		<cac:PartyLegalEntity>
			<cbc:RegistrationName>Medical AS</cbc:RegistrationName>
			<cbc:CompanyID schemeID="0192">123456785</cbc:CompanyID>
			<cac:RegistrationAddress>
				<cbc:CityName>Oslo</cbc:CityName>
				<cac:Country>
					<cbc:IdentificationCode>NO</cbc:IdentificationCode>
				</cac:Country>
			</cac:RegistrationAddress>
		</cac:PartyLegalEntity>
	</cac:ReceiverParty>
	<cac:CatalogueLine>
		<cbc:ID>1</cbc:ID>
		<cbc:ActionCode>Add</cbc:ActionCode>
		<cbc:OrderableUnit>EA</cbc:OrderableUnit>
		<cbc:ContentUnitQuantity unitCode="EA">50</cbc:ContentUnitQuantity>
		<cac:RequiredItemLocationQuantity>
			<cac:Price>
				<cbc:PriceAmount currencyID="NOK">20.00</cbc:PriceAmount>
			</cac:Price>
		</cac:RequiredItemLocationQuantity>
		<cac:Item>
			<cbc:Description>Sterile surgical gloves size 10</cbc:Description>
			<cbc:Name>Sterile surgical gloves </cbc:Name>
			<cac:SellersItemIdentification>
				<cbc:ID>2451015</cbc:ID>
			</cac:SellersItemIdentification>
			<cac:ClassifiedTaxCategory>
				<cbc:ID>S</cbc:ID>
				<cbc:Percent>25</cbc:Percent>
				<cac:TaxScheme>
					<cbc:ID>VAT</cbc:ID>
				</cac:TaxScheme>
			</cac:ClassifiedTaxCategory>
			<cac:AdditionalItemProperty>
				<!--Name in in local language -->
				<cbc:Name>Sterile</cbc:Name>
				<!-- feature code from FeatureCode list -->
				<cbc:NameCode listID="urn:gs1:gdd:cl:FeatureCode">STERILE</cbc:NameCode>
				<cbc:Value>true</cbc:Value>
			</cac:AdditionalItemProperty>
		</cac:Item>
	</cac:CatalogueLine>
	<cac:CatalogueLine>
		<cbc:ID>2</cbc:ID>
		<cbc:ActionCode>Add</cbc:ActionCode>
		<cbc:OrderableUnit>EA</cbc:OrderableUnit>
		<cac:RequiredItemLocationQuantity>
			<cac:Price>
				<cbc:PriceAmount currencyID="NOK">15.00</cbc:PriceAmount>
			</cac:Price>
		</cac:RequiredItemLocationQuantity>
		<cac:Item>
			<cbc:Description>Infant formula designed to provide essential nutrients for babies.</cbc:Description>
			<cbc:Name>Infant Formula</cbc:Name>
			<cac:SellersItemIdentification>
				<cbc:ID>2451016</cbc:ID>
			</cac:SellersItemIdentification>
			<cac:ClassifiedTaxCategory>
				<cbc:ID>S</cbc:ID>
				<cbc:Percent>25</cbc:Percent>
				<cac:TaxScheme>
					<cbc:ID>VAT</cbc:ID>
				</cac:TaxScheme>
			</cac:ClassifiedTaxCategory>
			<cac:AdditionalItemProperty>
				<!--Name in in local language -->
				<cbc:Name>Infant formula</cbc:Name>
				<!-- Dietary type from DietTypeCode list -->
				<cbc:NameCode listID="urn:gs1:gdd:cl:DietTypeCode">MOTHERS_MILK_SUBSTITUTE</cbc:NameCode>
				<cbc:Value>true</cbc:Value>
			</cac:AdditionalItemProperty>
		</cac:Item>
	</cac:CatalogueLine>
	<cac:CatalogueLine>
		<cbc:ID>3</cbc:ID>
		<cbc:ActionCode>Add</cbc:ActionCode>
		<cbc:OrderableUnit>EA</cbc:OrderableUnit>
		<cac:RequiredItemLocationQuantity>
			<cac:Price>
				<cbc:PriceAmount currencyID="NOK">45.00</cbc:PriceAmount>
			</cac:Price>
		</cac:RequiredItemLocationQuantity>
		<cac:Item>
			<cbc:Description>A soft, gluten-free bread that delivers the taste and texture of fresh-baked goodness</cbc:Description>
			<cbc:Name>Rise &amp; Bake Bread</cbc:Name>
			<cac:SellersItemIdentification>
				<cbc:ID>2451017</cbc:ID>
			</cac:SellersItemIdentification>
			<cac:ClassifiedTaxCategory>
				<cbc:ID>S</cbc:ID>
				<cbc:Percent>25</cbc:Percent>
				<cac:TaxScheme>
					<cbc:ID>VAT</cbc:ID>
				</cac:TaxScheme>
			</cac:ClassifiedTaxCategory>
			<cac:AdditionalItemProperty>
				<!--Name in in local language -->
				<cbc:Name>Gluten free</cbc:Name>
				<!-- Claim element from ClaimElementCode list -->				
				<cbc:NameCode listID="urn:gs1:gdd:cl:ClaimElementCode">GLUTEN</cbc:NameCode>
				<cbc:Value>true</cbc:Value>
				<!-- Claim type from ClaimTypeCode list -->	
				<cbc:ValueQualifier>FREE_FROM</cbc:ValueQualifier>
			</cac:AdditionalItemProperty>
		</cac:Item>
	</cac:CatalogueLine>
</Catalogue>