<?xml version="1.0" encoding="UTF-8"?>
<Structure xmlns="urn:fdc:difi.no:2017:vefa:structure-1">
	<Term>DespatchAdvice</Term>
	<Property key="sch:prefix">PEPPOL-T16</Property>
	<Property key="sch:identifier">T16-basic</Property>
	<Namespace prefix="ubl">urn:oasis:names:specification:ubl:schema:xsd:DespatchAdvice-2</Namespace>
	<Namespace prefix="cac">urn:oasis:names:specification:ubl:schema:xsd:CommonAggregateComponents-2</Namespace>
	<Namespace prefix="cbc">urn:oasis:names:specification:ubl:schema:xsd:CommonBasicComponents-2</Namespace>
	<Document>
		<Term>ubl:DespatchAdvice</Term>
		<Element>
			<Term>cbc:CustomizationID</Term>
			<Name>Specification identification</Name>
			<Description>Identifies the specification of content and rules that apply to the
				transaction.</Description>
			<DataType>Identifier</DataType>
			<Reference type="BUSINESS_TERM">tir16-002</Reference>
			<Value type="EXAMPLE">urn:fdc:peppol.eu:poacc:trns:despatch_advice:3</Value>
		</Element>
		<Element>
			<Term>cbc:ProfileID</Term>
			<Name>Business process type identifier</Name>
			<Description>Identifies the BII profile or business process context in which the
				transaction appears.</Description>
			<DataType>Identifier</DataType>
			<Reference type="BUSINESS_TERM">tir16-001</Reference>
			<Value type="FIXED">urn:fdc:peppol.eu:poacc:bis:despatch_advice:3</Value>
		</Element>
		<Element>
			<Term>cbc:ID</Term>
			<Name>Document identifier</Name>
			<Description>An transaction instance must contain an identifier. The identifier enables
				positive referencing the document instance for various purposes including
				referencing between transactions that are part of the same process.</Description>
			<DataType>Identifier</DataType>
			<Reference type="BUSINESS_TERM">tir16-003</Reference>
			<Value type="EXAMPLE">123</Value>
		</Element>
		<Element>
			<Term>cbc:IssueDate</Term>
			<Name>Dispatch advice issue date</Name>
			<Description>The date when the despatch advice is issued. Format =
				"YYYY-MM-DD"</Description>
			<DataType>Date</DataType>
			<Reference type="BUSINESS_TERM">tir16-004</Reference>
			<Value type="EXAMPLE">2018-05-25</Value>
		</Element>
		<Element cardinality="0..1">
			<Term>cbc:IssueTime</Term>
			<Name>Dispatch advice issue time</Name>
			<Description>The time when the despatch advice is issued. Format =
				"hh:mm:ss"</Description>
			<DataType>Time</DataType>
			<Reference type="BUSINESS_TERM">tir16-005</Reference>
			<Value type="EXAMPLE">11:34:56</Value>
		</Element>
		<Element cardinality="0..1">
			<Term>cbc:Note</Term>
			<Name>Dispatch note</Name>
			<Description>A textual note for the dispatch as whole.</Description>
			<DataType>Text</DataType>
			<Reference type="BUSINESS_TERM">tir16-088</Reference>
		</Element>
		<Element cardinality="0..n">
			<Term>cac:OrderReference</Term>
			<Name>Order reference information</Name>
			<Element>
				<Term>cbc:ID</Term>
				<Name>Order reference</Name>
				<Description>Used to provide a reference to the order on which the despatch is
					based.</Description>
				<DataType>Identifier</DataType>
				<Reference type="BUSINESS_TERM">tir16-006</Reference>
			</Element>
		</Element>
		<Element>
			<Term>cac:DespatchSupplierParty</Term>
			<Name>Despatching party information</Name>
			<Description>The Despatch Party is the person or organization who provides (despatch)
				the goods or services. The role is carried out by the supplier or on behalf of the
				supplier. (Despatch Party is sometimes known as the Consignor).</Description>
			<Element>
				<Term>cac:Party</Term>
				<Name>Party information</Name>
				<Element>
					<Term>cbc:EndpointID</Term>
					<Name>Despatch party electronic address</Name>
					<Description>Identifies the despatch party's electronic address</Description>
					<DataType>Identifier</DataType>
					<Reference type="BUSINESS_TERM">tir16-071</Reference>
					<Attribute>
						<Term>schemeID</Term>
						<Name>Scheme identifier</Name>
						<Description>Scheme identifier for electronic address</Description>
						<Reference type="CODE_LIST">eas</Reference>
						<Value type="EXAMPLE">0088</Value>
					</Attribute>
					<Value type="EXAMPLE">7300010000001</Value>
				</Element>
				<Element cardinality="0..1">
					<Term>cac:PartyIdentification</Term>
					<Name>Party identification</Name>
					<Element>
						<Term>cbc:ID</Term>
						<Name>Despatching party identifier</Name>
						<Description>The identifier of the despatching party</Description>
						<DataType>Identifier</DataType>
						<Reference type="BUSINESS_TERM">tir16-p001</Reference>
						<Attribute usage="optional">
							<Term>schemeID</Term>
							<Name>Scheme identifier</Name>
							<Description>Scheme identifier for party identification</Description>
							<Reference type="CODE_LIST">ICD</Reference>
							<Value type="EXAMPLE">0184</Value>
						</Attribute>
						<Value type="EXAMPLE">DK88777654</Value>
					</Element>
				</Element>
				<Element cardinality="0..1">
					<Term>cac:PostalAddress</Term>
					<Name>Postal address</Name>
					<Description>Postal address of the depatching party</Description>
					<Element cardinality="0..1">
						<Term>cbc:StreetName</Term>
						<Name>Address line 1</Name>
						<Description>The main address line in a postal address usually the street
							name and number.</Description>
						<DataType>Text</DataType>
						<Reference type="BUSINESS_TERM">tir16-p012</Reference>
					</Element>
					<Element cardinality="0..1">
						<Term>cbc:AdditionalStreetName</Term>
						<Name>Address line 2</Name>
						<Description>An additional address line in a postal address that can be used
							to give further details supplementing the main line. Common use are
							secondary house number in a complex or in a building.</Description>
						<DataType>Text</DataType>
						<Reference type="BUSINESS_TERM">tir16-p013</Reference>
					</Element>
					<Element cardinality="0..1">
						<Term>cbc:CityName</Term>
						<Name>City</Name>
						<Description>The common name of the city where the postal address is. The
							name is written in full rather than as a code.</Description>
						<DataType>Text</DataType>
						<Reference type="BUSINESS_TERM">tir16-p014</Reference>
					</Element>
					<Element cardinality="0..1">
						<Term>cbc:PostalZone</Term>
						<Name>Post code</Name>
						<Description>The identifier for an addressable group of properties according
							to the relevant national postal service, such as a ZIP code or Post
							Code.</Description>
						<DataType>Text</DataType>
						<Reference type="BUSINESS_TERM">tir16-p015</Reference>
					</Element>
					<Element cardinality="0..1">
						<Term>cbc:CountrySubentity</Term>
						<Name>Country subdivision</Name>
						<Description>For specifying a region, county, state, province etc. within a
							country by using text.</Description>
						<DataType>Text</DataType>
						<Reference type="BUSINESS_TERM">tir16-p016</Reference>
					</Element>
					<Element cardinality="0..1">
						<Term>cac:AddressLine</Term>
						<Name>Address Line</Name>
						<Element cardinality="0..1">
							<Term>cbc:Line</Term>
							<Name>Address line 3</Name>
							<Description>An additional address line in an address that can be used
								to give further details supplementing the main line.</Description>
							<DataType>Text</DataType>
							<Reference type="BUSINESS_TERM">tir16-p017</Reference>
							<Value type="EXAMPLE">Use gate 34</Value>
						</Element>
					</Element>
					<Element>
						<Term>cac:Country</Term>
						<Name>Country</Name>
						<Element>
							<Term>cbc:IdentificationCode</Term>
							<Name>Country code</Name>
							<Description>A code that identifies the country.The lists of valid
								countries are registered with the ISO 3166-1 Maintenance agency,
								"Codes for the representation of names of countries and their
								subdivisions". Codes must be according to the alpha-2
								representation.</Description>
							<DataType>Code</DataType>
							<Reference type="BUSINESS_TERM">tir16-p045</Reference>
							<Reference type="CODE_LIST">ISO3166</Reference>
							<Value type="EXAMPLE">DK</Value>
						</Element>
					</Element>
				</Element>
				<Element>
					<Term>cac:PartyLegalEntity</Term>
					<Name>Party Name</Name>
					<Element>
						<Term>cbc:RegistrationName</Term>
						<Name>Dispatching party name</Name>
						<Description>The name of the dispatching party</Description>
						<DataType>Text</DataType>
						<Reference type="BUSINESS_TERM">tir16-007</Reference>
					</Element>
				</Element>
				<Element cardinality="0..1">
					<Term>cac:Contact</Term>
					<Name>Contact information</Name>
					<Element cardinality="0..1">
						<Term>cbc:Name</Term>
						<Name>Contact person name</Name>
						<Description>The name of the contact person.</Description>
						<DataType>Text</DataType>
						<Reference type="BUSINESS_TERM">tir16-008</Reference>
					</Element>
					<Element cardinality="0..1">
						<Term>cbc:Telephone</Term>
						<Name>Contact telephone number</Name>
						<Description>A phone number for the contact person. If the person has a
							direct number, this is that number.</Description>
						<DataType>Text</DataType>
						<Reference type="BUSINESS_TERM">tir16-012</Reference>
					</Element>
					<Element cardinality="0..1">
						<Term>cbc:ElectronicMail</Term>
						<Name>Contact email address</Name>
						<Description>The e-mail address for the contact person. If the person has a
							direct e-mail this is that email.</Description>
						<DataType>Text</DataType>
						<Reference type="BUSINESS_TERM">tir16-013</Reference>
					</Element>
				</Element>
			</Element>
		</Element>
		<Element>
			<Term>cac:DeliveryCustomerParty</Term>
			<Name>Consignee information</Name>
			<Description>The Consignee is the person or organization to which the products will be
				shipped and who is taking possession. The role is carried out by the customer or on
				behalf of the customer. </Description>
			<Element>
				<Term>cac:Party</Term>
				<Name>Party information</Name>
				<Element>
					<Term>cbc:EndpointID</Term>
					<Name>Consignee party electronic address</Name>
					<Description>Identifies the consignee party's electronic address</Description>
					<DataType>Identifier</DataType>
					<Reference type="BUSINESS_TERM">tir16-016</Reference>
					<Attribute>
						<Term>schemeID</Term>
						<Name>Scheme identifier</Name>
						<Description>Scheme identifier for electronic address</Description>
						<Reference type="CODE_LIST">eas</Reference>
						<Value type="EXAMPLE">0088</Value>
					</Attribute>
					<Value type="EXAMPLE">7300010000001</Value>
				</Element>
				<Element cardinality="0..1">
					<Term>cac:PartyIdentification</Term>
					<Name>Party identification</Name>
					<Element>
						<Term>cbc:ID</Term>
						<Name>Consignee party identifier</Name>
						<Description>The receiving party identifier.</Description>
						<DataType>Identifier</DataType>
						<Reference type="BUSINESS_TERM">tir16-015</Reference>
						<Attribute usage="optional">
							<Term>schemeID</Term>
							<Name>Scheme identifier</Name>
							<Description>Scheme identifier for party identification</Description>
							<Reference type="CODE_LIST">ICD</Reference>
							<Value type="EXAMPLE">0184</Value>
						</Attribute>
						<Value type="EXAMPLE">DK88777654</Value>
					</Element>
				</Element>
				<Element cardinality="0..1">
					<Term>cac:PostalAddress</Term>
					<Name>Postal address</Name>
					<Description>Postal address of the consignee</Description>
					<Element cardinality="0..1">
						<Term>cbc:StreetName</Term>
						<Name>Address line 1</Name>
						<Description>The main address line in a postal address usually the street
							name and number.</Description>
						<DataType>Text</DataType>
						<Reference type="BUSINESS_TERM">tir16-018</Reference>
					</Element>
					<Element cardinality="0..1">
						<Term>cbc:AdditionalStreetName</Term>
						<Name>Address line 2</Name>
						<Description>An additional address line in a postal address that can be used
							to give further details supplementing the main line. Common use are
							secondary house number in a complex or in a building.</Description>
						<DataType>Text</DataType>
						<Reference type="BUSINESS_TERM">tir16-019</Reference>
					</Element>
					<Element cardinality="0..1">
						<Term>cbc:CityName</Term>
						<Name>City</Name>
						<Description>The common name of the city where the postal address is. The
							name is written in full rather than as a code.</Description>
						<DataType>Text</DataType>
						<Reference type="BUSINESS_TERM">tir16-020</Reference>
					</Element>
					<Element cardinality="0..1">
						<Term>cbc:PostalZone</Term>
						<Name>Post code</Name>
						<Description>The identifier for an addressable group of properties according
							to the relevant national postal service, such as a ZIP code or Post
							Code.</Description>
						<DataType>Text</DataType>
						<Reference type="BUSINESS_TERM">tir16-021</Reference>
					</Element>
					<Element cardinality="0..1">
						<Term>cbc:CountrySubentity</Term>
						<Name>Country subdivision</Name>
						<Description>For specifying a region, county, state, province etc. within a
							country by using text.</Description>
						<DataType>Text</DataType>
						<Reference type="BUSINESS_TERM">tir16-022</Reference>
					</Element>
					<Element cardinality="0..1">
						<Term>cac:AddressLine</Term>
						<Name>Address Line</Name>
						<Element cardinality="0..1">
							<Term>cbc:Line</Term>
							<Name>Address line 3</Name>
							<Description>An additional address line in an address that can be used
								to give further details supplementing the main line.</Description>
							<DataType>Text</DataType>
							<Reference type="BUSINESS_TERM">tir16-p011</Reference>
							<Value type="EXAMPLE">Use gate 34</Value>
						</Element>
					</Element>
					<Element>
						<Term>cac:Country</Term>
						<Name>Country</Name>
						<Element>
							<Term>cbc:IdentificationCode</Term>
							<Name>Country code</Name>
							<Description>A code that identifies the country.The lists of valid
								countries are registered with the ISO 3166-1 Maintenance agency,
								"Codes for the representation of names of countries and their
								subdivisions". Codes must be according to the alpha-2
								representation.</Description>
							<DataType>Code</DataType>
							<Reference type="BUSINESS_TERM">tir16-023</Reference>
							<Reference type="CODE_LIST">ISO3166</Reference>
							<Value type="EXAMPLE">DK</Value>
						</Element>
					</Element>
				</Element>
				<Element>
					<Term>cac:PartyLegalEntity</Term>
					<Name>Buyer legal party</Name>
					<Element>
						<Term>cbc:RegistrationName</Term>
						<Name>Consignee party name</Name>
						<Description>The name of the receiving party.</Description>
						<DataType>Text</DataType>
						<Reference type="BUSINESS_TERM">tir16-014</Reference>
						<Value type="EXAMPLE">Customer AS</Value>
					</Element>
				</Element>
			</Element>
			<Element cardinality="0..1">
				<Term>cac:DeliveryContact</Term>
				<Name>Contact information</Name>
				<Element cardinality="0..1">
					<Term>cbc:Name</Term>
					<Name>Contact person name</Name>
					<Description>The name of the contact person.</Description>
					<DataType>Text</DataType>
					<Reference type="BUSINESS_TERM">tir16-024</Reference>
					<Value type="EXAMPLE">Ole Olsen</Value>
				</Element>
				<Element cardinality="0..1">
					<Term>cbc:Telephone</Term>
					<Name>Contact telephone number</Name>
					<Description>A phone number for the contact person. If the person has a direct
						number, this is that number.</Description>
					<DataType>Text</DataType>
					<Reference type="BUSINESS_TERM">tir16-027</Reference>
					<Value type="EXAMPLE">983724934</Value>
				</Element>
				<Element cardinality="0..1">
					<Term>cbc:ElectronicMail</Term>
					<Name>Contact email address</Name>
					<Description>The e-mail address for the contact person. If the person has a
						direct e-mail this is that email.</Description>
					<DataType>Text</DataType>
					<Reference type="BUSINESS_TERM">tir16-028</Reference>
					<Value type="EXAMPLE">foo@bar.com</Value>
				</Element>
			</Element>
		</Element>
		<Element cardinality="0..1">
			<Term>cac:BuyerCustomerParty</Term>
			<Name>Buyer</Name>
			<Description>The buyer is the legal person or organization who buys or purchases the
				goods or services. The role is carried out by the customer or on behalf of the
				customer.</Description>
			<Element>
				<Term>cac:Party</Term>
				<Name>Party information</Name>
				<Element cardinality="0..1">
					<Term>cac:PartyIdentification</Term>
					<Name>Party identification</Name>
					<Element>
						<Term>cbc:ID</Term>
						<Name>Buying party identifier</Name>
						<Description>The buying party identifier</Description>
						<DataType>Identifier</DataType>
						<Reference type="BUSINESS_TERM">tir16-030</Reference>
						<Attribute usage="optional">
							<Term>schemeID</Term>
							<Name>Scheme identifier</Name>
							<Description>Scheme identifier for party identification</Description>
							<Reference type="CODE_LIST">ICD</Reference>
							<Value type="EXAMPLE">0184</Value>
						</Attribute>
						<Value type="EXAMPLE">DK88777654</Value>
					</Element>
				</Element>
				<Element cardinality="0..1">
					<Term>cac:PartyName</Term>
					<Name>Party name</Name>
					<Element>
						<Term>cbc:Name</Term>
						<Name>Buying party name</Name>
						<Description>The name of the buying party</Description>
						<DataType>Text</DataType>
						<Reference type="BUSINESS_TERM">tir16-029</Reference>
					</Element>
				</Element>
				<Element cardinality="0..1">
					<Term>cac:PostalAddress</Term>
					<Name>Postal address</Name>
					<Description>Postal address of the customer</Description>
					<Element cardinality="0..1">
						<Term>cbc:StreetName</Term>
						<Name>Address line 1</Name>
						<Description>The main address line in a postal address usually the street
							name and number.</Description>
						<DataType>Text</DataType>
						<Reference type="BUSINESS_TERM">tir16-p025</Reference>
					</Element>
					<Element cardinality="0..1">
						<Term>cbc:AdditionalStreetName</Term>
						<Name>Address line 2</Name>
						<Description>An additional address line in a postal address that can be used
							to give further details supplementing the main line. Common use are
							secondary house number in a complex or in a building.</Description>
						<DataType>Text</DataType>
						<Reference type="BUSINESS_TERM">tir16-p026</Reference>
					</Element>
					<Element cardinality="0..1">
						<Term>cbc:CityName</Term>
						<Name>City</Name>
						<Description>The common name of the city where the postal address is. The
							name is written in full rather than as a code.</Description>
						<DataType>Text</DataType>
						<Reference type="BUSINESS_TERM">tir16-p027</Reference>
					</Element>
					<Element cardinality="0..1">
						<Term>cbc:PostalZone</Term>
						<Name>Post code</Name>
						<Description>The identifier for an addressable group of properties according
							to the relevant national postal service, such as a ZIP code or Post
							Code.</Description>
						<DataType>Text</DataType>
						<Reference type="BUSINESS_TERM">tir16-p028</Reference>
					</Element>
					<Element cardinality="0..1">
						<Term>cbc:CountrySubentity</Term>
						<Name>Country subdivision</Name>
						<Description>For specifying a region, county, state, province etc. within a
							country by using text.</Description>
						<DataType>Text</DataType>
						<Reference type="BUSINESS_TERM">tir16-p029</Reference>
					</Element>
					<Element cardinality="0..1">
						<Term>cac:AddressLine</Term>
						<Name>Address Line</Name>
						<Element cardinality="0..1">
							<Term>cbc:Line</Term>
							<Name>Address line 3</Name>
							<Description>An additional address line in an address that can be used
								to give further details supplementing the main line.</Description>
							<DataType>Text</DataType>
							<Reference type="BUSINESS_TERM">tir16-p030</Reference>
							<Value type="EXAMPLE">Use gate 34</Value>
						</Element>
					</Element>
					<Element>
						<Term>cac:Country</Term>
						<Name>Country</Name>
						<Element>
							<Term>cbc:IdentificationCode</Term>
							<Name>Country code</Name>
							<Description>A code that identifies the country.The lists of valid
								countries are registered with the ISO 3166-1 Maintenance agency,
								"Codes for the representation of names of countries and their
								subdivisions". Codes must be according to the alpha-2
								representation.</Description>
							<DataType>Code</DataType>
							<Reference type="BUSINESS_TERM">tir16-p031</Reference>
							<Reference type="CODE_LIST">ISO3166</Reference>
							<Value type="EXAMPLE">DK</Value>
						</Element>
					</Element>
				</Element>
			</Element>
		</Element>
		<Element cardinality="0..1">
			<Term>cac:SellerSupplierParty</Term>
			<Name>Seller</Name>
			<Description>The seller is the legal person or organization who sells goods or services
				to the customer. The role is carried out by the supplier or on behalf of the
				supplier.</Description>
			<Element>
				<Term>cac:Party</Term>
				<Name>Party information</Name>
				<Element cardinality="0..1">
					<Term>cac:PartyIdentification</Term>
					<Name>Party identification</Name>
					<Element>
						<Term>cbc:ID</Term>
						<Name>Selling party identifier</Name>
						<Description>An identifier for the seller party.</Description>
						<DataType>Identifier</DataType>
						<Reference type="BUSINESS_TERM">tir16-066</Reference>
						<Attribute usage="optional">
							<Term>schemeID</Term>
							<Name>Scheme identifier</Name>
							<Description>Scheme identifier for party identification</Description>
							<Reference type="CODE_LIST">ICD</Reference>
							<Value type="EXAMPLE">0184</Value>
						</Attribute>
						<Value type="EXAMPLE">DK88777654</Value>
					</Element>
				</Element>
				<Element cardinality="0..1">
					<Term>cac:PartyName</Term>
					<Name>Party name</Name>
					<Element>
						<Term>cbc:Name</Term>
						<Name>Selling party name</Name>
						<Description>The seller party name.</Description>
						<DataType>Text</DataType>
						<Reference type="BUSINESS_TERM">tir16-065</Reference>
					</Element>
				</Element>
				<Element cardinality="0..1">
					<Term>cac:PostalAddress</Term>
					<Name>Postal address</Name>
					<Description>Postal address of the supplier</Description>
					<Element cardinality="0..1">
						<Term>cbc:StreetName</Term>
						<Name>Address line 1</Name>
						<Description>The main address line in a postal address usually the street
							name and number.</Description>
						<DataType>Text</DataType>
						<Reference type="BUSINESS_TERM">tir16-p018</Reference>
					</Element>
					<Element cardinality="0..1">
						<Term>cbc:AdditionalStreetName</Term>
						<Name>Address line 2</Name>
						<Description>An additional address line in a postal address that can be used
							to give further details supplementing the main line. Common use are
							secondary house number in a complex or in a building.</Description>
						<DataType>Text</DataType>
						<Reference type="BUSINESS_TERM">tir16-p019</Reference>
					</Element>
					<Element cardinality="0..1">
						<Term>cbc:CityName</Term>
						<Name>City</Name>
						<Description>The common name of the city where the postal address is. The
							name is written in full rather than as a code.</Description>
						<DataType>Text</DataType>
						<Reference type="BUSINESS_TERM">tir16-p020</Reference>
					</Element>
					<Element cardinality="0..1">
						<Term>cbc:PostalZone</Term>
						<Name>Post code</Name>
						<Description>The identifier for an addressable group of properties according
							to the relevant national postal service, such as a ZIP code or Post
							Code.</Description>
						<DataType>Text</DataType>
						<Reference type="BUSINESS_TERM">tir16-p021</Reference>
					</Element>
					<Element cardinality="0..1">
						<Term>cbc:CountrySubentity</Term>
						<Name>Country subdivision</Name>
						<Description>For specifying a region, county, state, province etc. within a
							country by using text.</Description>
						<DataType>Text</DataType>
						<Reference type="BUSINESS_TERM">tir16-p022</Reference>
					</Element>
					<Element cardinality="0..1">
						<Term>cac:AddressLine</Term>
						<Name>Address Line</Name>
						<Element cardinality="0..1">
							<Term>cbc:Line</Term>
							<Name>Address line 3</Name>
							<Description>An additional address line in an address that can be used
								to give further details supplementing the main line.</Description>
							<DataType>Text</DataType>
							<Reference type="BUSINESS_TERM">tir16-p023</Reference>
							<Value type="EXAMPLE">Use gate 34</Value>
						</Element>
					</Element>
					<Element>
						<Term>cac:Country</Term>
						<Name>Country</Name>
						<Element>
							<Term>cbc:IdentificationCode</Term>
							<Name>Country code</Name>
							<Description>A code that identifies the country.The lists of valid
								countries are registered with the ISO 3166-1 Maintenance agency,
								"Codes for the representation of names of countries and their
								subdivisions". Codes must be according to the alpha-2
								representation.</Description>
							<DataType>Code</DataType>
							<Reference type="BUSINESS_TERM">tir16-p024</Reference>
							<Reference type="CODE_LIST">ISO3166</Reference>
							<Value type="EXAMPLE">DK</Value>
						</Element>
					</Element>
				</Element>
			</Element>
		</Element>
		<Element cardinality="0..1">
			<Term>cac:OriginatorCustomerParty</Term>
			<Name>Originator customer party</Name>
			<Element>
				<Term>cac:Party</Term>
				<Name>Party information</Name>
				<Element cardinality="0..1">
					<Term>cac:PartyIdentification</Term>
					<Name>Party identification</Name>
					<Element>
						<Term>cbc:ID</Term>
						<Name>Originating party identifier</Name>
						<Description>The originator party identifier.</Description>
						<Reference type="BUSINESS_TERM">tir16-032</Reference>
						<Attribute usage="optional">
							<Term>schemeID</Term>
							<Name>Scheme identifier</Name>
							<Description>Scheme identifier for party identification</Description>
							<Reference type="CODE_LIST">ICD</Reference>
							<Value type="EXAMPLE">0184</Value>
						</Attribute>
						<Value type="EXAMPLE">DK88777654</Value>
					</Element>
				</Element>
				<Element cardinality="0..1">
					<Term>cac:PartyName</Term>
					<Name>Party name</Name>
					<Element>
						<Term>cbc:Name</Term>
						<Name>Originating party name</Name>
						<Description>The originator party name.</Description>
						<Reference type="BUSINESS_TERM">tir16-031</Reference>
					</Element>
				</Element>
				<Element cardinality="0..1">
					<Term>cac:PostalAddress</Term>
					<Name>Postal address</Name>
					<Description>Postal address of the originator</Description>
					<Element cardinality="0..1">
						<Term>cbc:StreetName</Term>
						<Name>Address line 1</Name>
						<Description>The main address line in a postal address usually the street
							name and number.</Description>
						<DataType>Text</DataType>
						<Reference type="BUSINESS_TERM">tir16-p032</Reference>
					</Element>
					<Element cardinality="0..1">
						<Term>cbc:AdditionalStreetName</Term>
						<Name>Address line 2</Name>
						<Description>An additional address line in a postal address that can be used
							to give further details supplementing the main line. Common use are
							secondary house number in a complex or in a building.</Description>
						<DataType>Text</DataType>
						<Reference type="BUSINESS_TERM">tir16-p033</Reference>
					</Element>
					<Element cardinality="0..1">
						<Term>cbc:CityName</Term>
						<Name>City</Name>
						<Description>The common name of the city where the postal address is. The
							name is written in full rather than as a code.</Description>
						<DataType>Text</DataType>
						<Reference type="BUSINESS_TERM">tir16-p034</Reference>
					</Element>
					<Element cardinality="0..1">
						<Term>cbc:PostalZone</Term>
						<Name>Post code</Name>
						<Description>The identifier for an addressable group of properties according
							to the relevant national postal service, such as a ZIP code or Post
							Code.</Description>
						<DataType>Text</DataType>
						<Reference type="BUSINESS_TERM">tir16-p035</Reference>
					</Element>
					<Element cardinality="0..1">
						<Term>cbc:CountrySubentity</Term>
						<Name>Country subdivision</Name>
						<Description>For specifying a region, county, state, province etc. within a
							country by using text.</Description>
						<DataType>Text</DataType>
						<Reference type="BUSINESS_TERM">tir16-p036</Reference>
					</Element>
					<Element cardinality="0..1">
						<Term>cac:AddressLine</Term>
						<Name>Address Line</Name>
						<Element cardinality="0..1">
							<Term>cbc:Line</Term>
							<Name>Address line 3</Name>
							<Description>An additional address line in an address that can be used
								to give further details supplementing the main line.</Description>
							<DataType>Text</DataType>
							<Reference type="BUSINESS_TERM">tir16-p037</Reference>
							<Value type="EXAMPLE">Use gate 34</Value>
						</Element>
					</Element>
					<Element>
						<Term>cac:Country</Term>
						<Name>Country</Name>
						<Element>
							<Term>cbc:IdentificationCode</Term>
							<Name>Country code</Name>
							<Description>A code that identifies the country.The lists of valid
								countries are registered with the ISO 3166-1 Maintenance agency,
								"Codes for the representation of names of countries and their
								subdivisions". Codes must be according to the alpha-2
								representation.</Description>
							<DataType>Code</DataType>
							<Reference type="BUSINESS_TERM">tir16-p038</Reference>
							<Reference type="CODE_LIST">ISO3166</Reference>
							<Value type="EXAMPLE">DK</Value>
						</Element>
					</Element>
				</Element>
			</Element>
		</Element>
		<Element cardinality="0..1">
			<Term>cac:Shipment</Term>
			<Name>Shipment information</Name>
			<Element>
				<Term>cbc:ID</Term>
				<Name>Shipment identifier</Name>
				<Description>Identifies a shipment.</Description>
				<Reference type="BUSINESS_TERM">tir16-038</Reference>
			</Element>
			<Element cardinality="0..n">
				<Term>cbc:Information</Term>
				<Name>Shipment description</Name>
				<Description>Free-form text applying to a shipment. This element may contain notes
					or any other similar information that is not contained explicitly in another
					structure.</Description>
				<Reference type="BUSINESS_TERM">tir16-039</Reference>
			</Element>
			<Element cardinality="0..1">
				<Term>cbc:GrossWeightMeasure</Term>
				<Name>Shipment gross weight</Name>
				<Description>The total weight of the shipment including packaging, as dispatched
					from the dispatching party.</Description>
				<Reference type="BUSINESS_TERM">tir16-074</Reference>
				<Attribute>
					<Term>unitCode</Term>
					<Name>Shipment quantity unit of measure</Name>
					<Description>The unit of measure that applies to the shipment
						quantity.</Description>
					<DataType>Code</DataType>
					<Reference type="CODE_LIST">UNECERec20</Reference>
					<Value type="EXAMPLE">CTN</Value>
				</Attribute>
			</Element>
			<Element cardinality="0..1">
				<Term>cbc:GrossVolumeMeasure</Term>
				<Name>Shipment gross volume</Name>
				<Description>The total volume of the shipment including packaging, as dispatched
					from the dispatching party.</Description>
				<Reference type="BUSINESS_TERM">tir16-075</Reference>
				<Attribute>
					<Term>unitCode</Term>
					<Name>Shipment volume unit of measure</Name>
					<Description>The unit of measure that applies to the shipment
						volume.</Description>
					<DataType>Code</DataType>
					<Reference type="CODE_LIST">UNECERec20</Reference>
					<Value type="EXAMPLE">M3</Value>
				</Attribute>
			</Element>
			<Element cardinality="0..1">
				<Term>cbc:TotalTransportHandlingUnitQuantity</Term>
				<Name>Total number of transport handling units</Name>
				<Reference type="BUSINESS_TERM">tir16-p002</Reference>
			</Element>
			<Element cardinality="0..1">
				<Term>cac:Consignment</Term>
				<Name>Consignment information</Name>
				<Element>
					<Term>cbc:ID</Term>
					<Name>Consignment identifier</Name>
					<Description>An association to Consignment covering the shipment. Unique number
						assigned to goods, both for import and export.</Description>
					<Reference type="BUSINESS_TERM">tir16-040</Reference>
				</Element>
				<Element cardinality="0..1">
					<Term>cbc:Information</Term>
					<Name>Vehicle description</Name>
					<Description>Description and/or identification of the vehicle that tranpsorts the despatched shipment.</Description>
					<Reference type="BUSINESS_TERM">tir16-077</Reference>
				</Element>
				<Element cardinality="0..1">
					<Term>cac:CarrierParty</Term>
					<Name>Carrier party</Name>
					<Element cardinality="0..1">
						<Term>cac:PartyName</Term>
						<Name>Party name</Name>
						<Element>
							<Term>cbc:Name</Term>
							<Name>Carrier name</Name>
							<Description>The name of the carrier that handles the delivery of the
								dispatched shipment.</Description>
							<Reference type="BUSINESS_TERM">tir16-076</Reference>
						</Element>
					</Element>
					<Element cardinality="0..1">
						<Term>cac:Person</Term>
						<Name>Information about the driver</Name>
						<Element cardinality="1..n">
							<Term>cac:IdentityDocumentReference</Term>
							<Name>Person identity document reference</Name>
							<Element>
								<Term>cbc:ID</Term>
								<Name>Driver information</Name>
								<Description>Identification about the driver of the vehicle that delivers the despatched shipment.</Description>
								<Reference type="BUSINESS_TERM">tir16-078</Reference>
							</Element>
							<Element cardinality="0..1">
								<Term>cbc:DocumentType</Term>
								<Name>Driver identification document type</Name>
								<Description>The type of document used for identifying the driver,
									expressed in text.</Description>
								<Reference type="BUSINESS_TERM">tir16-p009</Reference>
							</Element>
						</Element>
					</Element>
				</Element>
			</Element>
			<Element cardinality="0..1">
				<Term>cac:Delivery</Term>
				<Name>Delivery information</Name>
				<Element cardinality="0..1">
					<Term>cbc:TrackingID</Term>
					<Name>Delivery tracking identifier</Name>
					<Description>Used to provide a tracking id for delvivery e.g. UPS or
						postal.</Description>
					<Reference type="BUSINESS_TERM">tir16-041</Reference>
				</Element>
				<Element cardinality="0..1">
					<Term>cac:EstimatedDeliveryPeriod</Term>
					<Name>Estimated delivery period</Name>
					<Element cardinality="0..1">
						<Term>cbc:StartDate</Term>
						<Name>Period start date</Name>
						<Description>The start date of the period</Description>
						<Reference type="BUSINESS_TERM">tir16-042</Reference>
					</Element>
					<Element cardinality="0..1">
						<Term>cbc:StartTime</Term>
						<Name>Period start time</Name>
						<Description>The start time of the period.</Description>
						<Reference type="BUSINESS_TERM">tir16-043</Reference>
					</Element>
					<Element cardinality="0..1">
						<Term>cbc:EndDate</Term>
						<Name>Period end date</Name>
						<Description>The end date of the period.</Description>
						<Reference type="BUSINESS_TERM">tir16-044</Reference>
					</Element>
					<Element cardinality="0..1">
						<Term>cbc:EndTime</Term>
						<Name>Period end time</Name>
						<Description>The end time of the period.</Description>
						<Reference type="BUSINESS_TERM">tir16-045</Reference>
					</Element>
				</Element>
				<Element cardinality="0..1">
					<Term>cac:Despatch</Term>
					<Name>Actual or expected despatch period</Name>
					<Element cardinality="0..1">
						<Term>cbc:ActualDespatchDate</Term>
						<Name>Shipment dispatch date</Name>
						<Description>The actual or expected date when the shipment was dispatched
							from the dispatching party.</Description>
						<Reference type="BUSINESS_TERM">tir16-072</Reference>
					</Element>
					<Element cardinality="0..1">
						<Term>cbc:ActualDespatchTime</Term>
						<Name>Shipment dispatch time</Name>
						<Description>The actual or expected time when the shipment was dispatched
							from the dispatching party.</Description>
						<Reference type="BUSINESS_TERM">tir16-073</Reference>
					</Element>
					<Element cardinality="0..1">
						<Term>cac:DespatchAddress</Term>
						<Name>Despatch address</Name>
						<Element cardinality="0..1">
							<Term>cbc:ID</Term>
							<Name>Identifier</Name>
							<Description>An identifier for the location to which the goods and services are despatched.</Description>
							<Reference type="BUSINESS_TERM">tir16-p046</Reference></Element>
						<Element cardinality="0..1">
							<Term>cbc:StreetName</Term>
							<Name>Address line 1</Name>
							<Description>The main address line in a postal address usually the street
							name and number.</Description>
							<Reference type="BUSINESS_TERM">tir16-p003</Reference>
						</Element>
						<Element cardinality="0..1">
							<Term>cbc:AdditionalStreetName</Term>
							<Name>Address line 2</Name>
							<Description>An additional address line in a postal address that can be used
							to give further details supplementing the main line. Common use are
							secondary house number in a complex or in a building.</Description>
							<Reference type="BUSINESS_TERM">tir16-p004</Reference>
						</Element>
						<Element cardinality="0..1">
							<Term>cbc:CityName</Term>
							<Name>City</Name>
							<Description>The common name of the city where the postal address is. The
							name is written in full rather than as a code.</Description>
							<Reference type="BUSINESS_TERM">tir16-p005</Reference>
						</Element>
						<Element cardinality="0..1">
							<Term>cbc:PostalZone</Term>
							<Name>Post code</Name>
							<Description>The identifier for an addressable group of properties according
							to the relevant national postal service, such as a ZIP code or Post
							Code.</Description>
							<Reference type="BUSINESS_TERM">tir16-p006</Reference>
						</Element>
						<Element cardinality="0..1">
							<Term>cbc:CountrySubentity</Term>
							<Name>Country subdivision</Name>
							<Description>For specifying a region, county, state, province etc. within a
							country by using text.</Description>
							<Reference type="BUSINESS_TERM">tir16-p007</Reference>
						</Element>
						<Element cardinality="0..1">
							<Term>cac:AddressLine</Term>
							<Name>Address Line</Name>
							<Element cardinality="0..1">
								<Term>cbc:Line</Term>
								<Name>Address line 3</Name>
								<Description>An additional address line in an address that can be
									used to give further details supplementing the main
									line.</Description>
								<DataType>Text</DataType>
								<Value type="EXAMPLE">Use gate 34</Value>
							</Element>
						</Element>
						<Element cardinality="0..1">
							<Term>cac:Country</Term>
							<Name>Country</Name>
							<Element>
								<Term>cbc:IdentificationCode</Term>
								<Name>Country code</Name>
								<Description>A code that identifies the country.The lists of valid
									countries are registered with the ISO 3166-1 Maintenance agency,
									"Codes for the representation of names of countries and their
									subdivisions". Codes must be according to the alpha-2
									representation.</Description>
								<DataType>Code</DataType>
								<Reference type="BUSINESS_TERM">tir16-p008</Reference>
								<Reference type="CODE_LIST">ISO3166</Reference>
								<Value type="EXAMPLE">DK</Value>
							</Element>
						</Element>
					</Element>
				</Element>
			</Element>
		</Element>
		<Element cardinality="1..n">
			<Term>cac:DespatchLine</Term>
			<Name>Despatch advice line</Name>
			<Element>
				<Term>cbc:ID</Term>
				<Name>Dispatch line identifier</Name>
				<Description>A indentifier for the individual line in the despatch
					advice.</Description>
				<Reference type="BUSINESS_TERM">tir16-046</Reference>
			</Element>
			<Element cardinality="0..1">
				<Term>cbc:Note</Term>
				<Name>Dispatch line note</Name>
				<Description>General note regarding the despach advice line. Free-form text applying
					to the Despatch Line. This element may contain notes or any other similar
					information that is not contained explicitly in another structure.</Description>
				<Reference type="BUSINESS_TERM">tir16-047</Reference>
			</Element>
			<Element cardinality="0..1">
				<Term>cbc:DeliveredQuantity</Term>
				<Name>Delivererd quantity</Name>
				<Description>The quantity that is despatched in the line.</Description>
				<Reference type="BUSINESS_TERM">tir16-048</Reference>
				<Reference type="RULE">PEPPOL-T16-R005</Reference>
				<Reference type="RULE">PEPPOL-T16-R006</Reference>
				<Attribute>
					<Term>unitCode</Term>
					<Name>Ordered quantity unit of measure</Name>
					<Description>The unit of measure that applies to the ordered
						quantity.</Description>
					<DataType>Code</DataType>
					<Reference type="CODE_LIST">UNECERec20</Reference>
					<Value type="EXAMPLE">C62</Value>
				</Attribute>
			</Element>
			<Element cardinality="0..1">
				<Term>cbc:OutstandingQuantity</Term>
				<Name>Outstanding quantity</Name>
				<Description>The quantity outstanding (which will follow in a later
					shipment).</Description>
				<Reference type="BUSINESS_TERM">tir16-049</Reference>
				<Reference type="RULE">PEPPOL-T16-R007</Reference>
				<Attribute>
					<Term>unitCode</Term>
					<Name>Ordered quantity unit of measure</Name>
					<Description>The unit of measure that applies to the ordered
						quantity.</Description>
					<DataType>Code</DataType>
					<Reference type="CODE_LIST">UNECERec20</Reference>
					<Value type="EXAMPLE">C62</Value>
				</Attribute>
			</Element>
			<Element cardinality="0..n">
				<Term>cbc:OutstandingReason</Term>
				<Name>Outstanding quantity reason</Name>
				<Description>The reason for the outstanding quantity.</Description>
				<Reference type="BUSINESS_TERM">tir16-050</Reference>
				<Reference type="RULE">PEPPOL-T16-R007</Reference>
			</Element>
			<Element>
				<Term>cac:OrderLineReference</Term>
				<Name>Order line reference</Name>
				<Element>
					<Term>cbc:LineID</Term>
					<Name>Order line identifier</Name>
					<Description>To uniquely identify the line of the order that is being
						despatched.</Description>
					<Reference type="BUSINESS_TERM">tir16-051</Reference>
				</Element>
				<Element cardinality="0..1">
					<Term>cac:OrderReference</Term>
					<Name>Order reference</Name>
					<Element>
						<Term>cbc:ID</Term>
						<Name>Order identifier</Name>
						<Description>Identifies the order that the reference order line belongs
							to.</Description>
						<Reference type="BUSINESS_TERM">tir16-p010</Reference>
						<Reference type="RULE">PEPPOL-T16-R002</Reference>
					</Element>
				</Element>
			</Element>
			<Element>
				<Term>cac:Item</Term>
				<Name>Item information</Name>
				<Element>
					<Term>cbc:Name</Term>
					<Name>Item name</Name>
					<Description>A short name for an item.</Description>
					<Reference type="BUSINESS_TERM">tir16-052</Reference>
					<Reference type="RULE">PEPPOL-T16-R004</Reference>
				</Element>
				<Element cardinality="0..1">
					<Term>cac:BuyersItemIdentification</Term>
					<Name>Buyers item identification</Name>
					<Element>
						<Term>cbc:ID</Term>
						<Name>Buyers item identifier</Name>
						<Description>An identifier, assigned by the buyer, for the item. Associates
							the item with its identification according to the buyer's system. </Description>
						<DataType>Identifier</DataType>
						<Reference type="BUSINESS_TERM">tir16-p041</Reference>
						<Value type="EXAMPLE">111111</Value>
					</Element>
				</Element>
				<Element cardinality="0..1">
					<Term>cac:SellersItemIdentification</Term>
					<Name>Sellers item identification</Name>
					<Reference type="RULE">PEPPOL-T16-R003</Reference>
					<Element>
						<Term>cbc:ID</Term>
						<Name>The Sellers item identifier</Name>
						<Description>An identifier, assigned by the seller, for the item. Associates
							the item with its identification according to the seller's system. </Description>
						<DataType>Identifier</DataType>
						<Reference type="BUSINESS_TERM">tir16-053</Reference>
						<Value type="EXAMPLE">3249834</Value>
					</Element>
					<Element cardinality="0..1">
						<Term>cbc:ExtendedID</Term>
						<Name>The sellers extended item identifier</Name>
						<Description>An extended identifier for the item that identifies the item
							with specific properties, e.g., Item 123 = Chair / Item 123 Ext 45 =
							brown chair.</Description>
						<Reference type="BUSINESS_TERM">tir16-054</Reference>
					</Element>
				</Element>
				<Element cardinality="0..1">
					<Term>cac:StandardItemIdentification</Term>
					<Name>Standard item identification</Name>
					<Reference type="RULE">PEPPOL-T16-R003</Reference>
					<Element>
						<Term>cbc:ID</Term>
						<Name>Item standard identifier</Name>
						<Description>An item identifier based on a registered scheme. Associates the
							item with its identification according to a standard
							system.</Description>
						<DataType>Identifier</DataType>
						<Reference type="BUSINESS_TERM">tir16-055</Reference>
						<Attribute>
							<Term>schemeID</Term>
							<Name>Item standard identifier identification scheme identifier</Name>
							<Description>The identification scheme identifier of the Item standard
								identifier</Description>
							<Reference type="CODE_LIST">ICD</Reference>
							<Value type="EXAMPLE">0160</Value>
						</Attribute>
						<Value type="EXAMPLE">05704066204093</Value>
					</Element>
					<Element cardinality="0..1">
						<Term>cbc:ExtendedID</Term>
						<Name>Item standard extended identifier</Name>
						<Description>with specific properties, e.g., Item 123 = Chair / Item 123 Ext
							45 = brown chair.</Description>
						<Reference type="BUSINESS_TERM">tir16-056</Reference>
					</Element>
				</Element>
				<Element cardinality="0..n">
					<Term>cac:HazardousItem</Term>
					<Name>Hazardous item information</Name>
					<Element cardinality="0..1">
						<Term>cbc:UNDGCode</Term>
						<Name>Hazardous item UNDG code</Name>
						<Description>The identifier assigned to transportable hazardous goods by the
							United Nations, expressed as a code.</Description>
						<Reference type="BUSINESS_TERM">tir16-057</Reference>
						<Reference type="CODE_LIST">UNCL8273</Reference>
					</Element>
					<Element cardinality="0..1">
						<Term>cbc:HazardClassID</Term>
						<Name>Haszardous hazard class Identifier</Name>
						<Description>Identifies a hazard class applicable to dangerous goods as
							defined by the relevant regulation authority, such as the IMDG Class
							Number of the SOLAS Convention ofIMO and the ADR/RID Class Number for
							the road/rail environment.</Description>
						<Reference type="BUSINESS_TERM">tir16-058</Reference>
					</Element>
				</Element>
				<Element cardinality="0..n">
					<Term>cac:AdditionalItemProperty</Term>
					<Name>Additional item property information</Name>
					<Description>A group of business terms providing information about properties of
						the goods and services invoiced.</Description>
					<Element>
						<Term>cbc:Name</Term>
						<Name>Item property name</Name>
						<Description>The name of the property.The name must be sufficiently
							descriptive to define the value. The definition may be supplemented with
							the property unit of measure when relevant.</Description>
						<DataType>Text</DataType>
						<Reference type="BUSINESS_TERM">tir16-p039</Reference>
						<Value type="EXAMPLE">NPLId</Value>
					</Element>
					<Element cardinality="0..1">
						<Term>cbc:NameCode</Term>
						<Name>Item property code</Name>
						<Description>Code for the item property according to a property code
							system.</Description>
						<DataType>Code</DataType>
						<Reference type="BUSINESS_TERM">tir16-p042</Reference>
						<Attribute>
							<Term>listID</Term>
							<Name>Name code list id.</Name>
							<Description>An identifier for the code list used for the Name code,
								this is bilaterally agreed</Description>
						</Attribute>
					</Element>
					<Element>
						<Term>cbc:Value</Term>
						<Name>Item property value</Name>
						<Description>The value of the item property.</Description>
						<DataType>Text</DataType>
						<Reference type="BUSINESS_TERM">tir16-p040</Reference>
						<Value type="EXAMPLE">20300709400050</Value>
					</Element>
					<Element cardinality="0..1">
						<Term>cbc:ValueQuantity</Term>
						<Name>Item property unit of measure</Name>
						<Description>The unit of measure in which the property value is stated, if
						relevant. May not be relevant when properties are descriptive.</Description>
						<DataType>Quantity</DataType>
						<Reference type="BUSINESS_TERM">tir16-p043</Reference>
						<Attribute>
							<Term>unitCode</Term>
							<Name>Value quantity unit of measure</Name>
							<Description>The unit of measure that applies to the value
							quantity.</Description>
							<DataType>Code</DataType>
							<Reference type="CODE_LIST">UNECERec20</Reference>
							<Value type="EXAMPLE">XCS</Value>
						</Attribute>
						<Value type="EXAMPLE">5</Value>
					</Element>
					<Element cardinality="0..1">
						<Term>cbc:ValueQualifier</Term>
						<Name>Property classification</Name>
						<Description>Standardized and predefined classification of items
            properties.</Description>
						<DataType>Text</DataType>
						<Reference type="BUSINESS_TERM">tir16-p044</Reference>
					</Element>
				</Element>
				<Element cardinality="0..n">
					<Term>cac:ItemInstance</Term>
					<Name>Item instance information</Name>
					<Element cardinality="0..1">
						<Term>cbc:ManufactureDate</Term>
						<Name>Item manufactured date</Name>
						<Description>The manufacturing date of all items listed in this dispatch
							line.</Description>
						<Reference type="BUSINESS_TERM">tir16-079</Reference>
					</Element>
					<Element cardinality="0..1">
						<Term>cbc:BestBeforeDate</Term>
						<Name>Item best before date</Name>
						<Description>The best before date of all items listed in this dispatch
							line.</Description>
						<Reference type="BUSINESS_TERM">tir16-080</Reference>
					</Element>
					<Element cardinality="0..1">
						<Term>cbc:SerialID</Term>
						<Name>Item serial numbers</Name>
						<Description>Serial numbers for items listed in the dispatch
							line.</Description>
						<Reference type="BUSINESS_TERM">tir16-083</Reference>
					</Element>
					<Element cardinality="0..1">
						<Term>cac:LotIdentification</Term>
						<Name>Lot identifictation</Name>
						<Element cardinality="0..1">
							<Term>cbc:LotNumberID</Term>
							<Name>Item batch number</Name>
							<Description>The batch number that applies to all items in the dispatch
								line.</Description>
							<Reference type="BUSINESS_TERM">tir16-082</Reference>
						</Element>
						<Element cardinality="0..1">
							<Term>cbc:ExpiryDate</Term>
							<Name>Item expiry date</Name>
							<Description>The expiry date of all items listed in this dispatch
								line.</Description>
							<Reference type="BUSINESS_TERM">tir16-081</Reference>
						</Element>
					</Element>
				</Element>
			</Element>
			<Element cardinality="0..1">
				<Term>cac:Shipment</Term>
				<Name>Shipment information</Name>
				<Element>
					<Term>cbc:ID</Term>
					<Name>Shipment identifier</Name>
					<Description>Element is mandated by syntax structure use value NA</Description>
					<Value type="FIXED">NA</Value>
				</Element>
				<Element cardinality="0..n">
					<Term>cac:TransportHandlingUnit</Term>
					<Name>Transport handling unit information</Name>
					<Element cardinality="0..1">
						<Term>cbc:ID</Term>
						<Name>Handling unit identifier</Name>
						<Description>Identifies the transport handling unit.</Description>
						<Reference type="BUSINESS_TERM">tir16-061</Reference>
					</Element>
					<Element cardinality="0..1">
						<Term>cbc:TransportHandlingUnitTypeCode</Term>
						<Name>Handling unit type</Name>
						<Description>The type of packaging that represent the handling unit, such as
							box, pallet, container etx.</Description>
						<Reference type="BUSINESS_TERM">tir16-085</Reference>
						<Reference type="CODE_LIST">UNECERec21</Reference>
					</Element>
					<Element cardinality="0..1">
						<Term>cbc:HazardousRiskIndicator</Term>
						<Name>Handling unit hazardous indicator</Name>
						<Description>Indicates whether the shipment contains hazardous
							materials.</Description>
						<Reference type="BUSINESS_TERM">tir16-062</Reference>
					</Element>
					<Element cardinality="0..n">
						<Term>cbc:ShippingMarks</Term>
						<Name>Handling unit shipping marks</Name>
						<Description>Free-form description of the marks and numbers on a transport
							unit or package.</Description>
						<Reference type="BUSINESS_TERM">tir16-064</Reference>
					</Element>
					<Element cardinality="0..n">
						<Term>cac:MeasurementDimension</Term>
						<Name>Measurement dimentions</Name>
						<Element>
							<Term>cbc:AttributeID</Term>
							<Name>Attribute identifier</Name>
							<Description>Code to indicate if the measure is gross weight or gross
								volume</Description>
							<Reference type="CODE_LIST">UNCL6313-T16</Reference>
							<Value type="EXAMPLE">AAW</Value>
						</Element>
						<Element cardinality="0..1">
							<Term>cbc:Measure</Term>
							<Name>Handling unit gross weight or handling unit gross volume</Name>
							<Description>Handling gross weight, including packaging as dispatched by
								dispatching party.Handling gross volume, including packaging as
								dispatched by dispatching party.</Description>
							<Reference type="BUSINESS_TERM">tir16-086tir16-087</Reference>
							<Attribute>
								<Term>unitCode</Term>
								<Name>Handling unit gross weight or volume unit of measure</Name>
								<Description>The unit of measure that applies to the handling unit
									gross weight or to the handling unit gross volume.</Description>
								<DataType>Code</DataType>
								<Reference type="CODE_LIST">UNECERec20</Reference>
								<Value type="EXAMPLE">CTN</Value>
							</Attribute>
						</Element>
					</Element>
					<Element cardinality="0..n">
						<Term>cac:Package</Term>
						<Name>Package information</Name>
						<Element cardinality="1..1">
							<Term>cbc:ID</Term>
							<Name>Package identifier</Name>
							<Description>An identifier for this package</Description>
							<Reference type="BUSINESS_TERM">tir16-089</Reference>
						</Element>
						<Element cardinality="0..1">
							<Term>cbc:PackagingTypeCode</Term>
							<Name>Packaging type code</Name>
							<Description>The type of packaging used, such as
							box, pallet, container etx.</Description>
							<Reference type="BUSINESS_TERM">tir16-090</Reference>
							<Reference type="CODE_LIST">UNECERec21</Reference>
						</Element>
					</Element>
				</Element>
			</Element>
		</Element>
	</Document>
</Structure>
