<?xml version="1.0" encoding="UTF-8"?>
<Structure xmlns="urn:fdc:difi.no:2017:vefa:structure-1">
    <Term>InvoiceResponse</Term>

    <Property key="sch:prefix">PEPPOL-T111</Property>
    <Property key="sch:identifier">T111-basic</Property>


    <Namespace prefix="ubl">urn:oasis:names:specification:ubl:schema:xsd:ApplicationResponse-2</Namespace>
    <Namespace prefix="cac">urn:oasis:names:specification:ubl:schema:xsd:CommonAggregateComponents-2</Namespace>
    <Namespace prefix="cbc">urn:oasis:names:specification:ubl:schema:xsd:CommonBasicComponents-2</Namespace>
    <Document>
        <Term>ubl:ApplicationResponse</Term>

        <Element>
            <Term>cbc:CustomizationID</Term>
            <Name>Specification identification</Name>
            <Description>Identifies the specification of content and rules that apply to the
                transaction.</Description>
            <DataType>Identifier</DataType>
            <Reference type="BUSINESS_TERM">tir111-006</Reference>
            <Value type="EXAMPLE">urn:fdc:peppol.eu:poacc:trns:invoice_response:3</Value>
        </Element>
        <Element>
            <Term>cbc:ProfileID</Term>
            <Name>Business process type identifier</Name>
            <Description>Identifies the BII profile or business process context in which the
                transaction appears.</Description>
            <DataType>Identifier</DataType>
            <Reference type="BUSINESS_TERM">tir111-005</Reference>
            <Value type="FIXED">urn:fdc:peppol.eu:poacc:bis:invoice_response:3</Value>
        </Element>
        <Element>
            <Term>cbc:ID</Term>
            <Name>Response identifier</Name>
            <Description>An transaction instance must contain an identifier. The identifier enables
                positive referencing the transaction instance for various purposes including
                referencing between transactions that are part of the same process.</Description>
            <DataType>Identifier</DataType>
            <Reference type="BUSINESS_TERM">tir111-001</Reference>
            <Value type="EXAMPLE">imr-123</Value>
        </Element>
        <Element>
            <Term>cbc:IssueDate</Term>
            <Name>Response issue date</Name>
            <Description>The date on which the transaction instance was issued.</Description>
            <DataType>Date</DataType>
            <Reference type="BUSINESS_TERM">tir111-002</Reference>
            <Value type="EXAMPLE">2018-08-02</Value>
        </Element>
        <Element cardinality="0..1">
            <Term>cbc:IssueTime</Term>
            <Name>Response issue time</Name>
            <Description>The time at which the transaction instance was issued.</Description>
            <DataType>Time</DataType>
            <Reference type="BUSINESS_TERM">tir111-003</Reference>
            <Value type="EXAMPLE">13:34:32</Value>
        </Element>
        <Element cardinality="0..1">
            <Term>cbc:Note</Term>
            <Name>Invoice response note</Name>
            <Description>General comments or instructions that are relevant to the response as a
                whole.</Description>
            <DataType>Text</DataType>
            <Reference type="BUSINESS_TERM">tir111-004</Reference>
            <Value type="EXAMPLE">Please refer to previous email exchange regarding this invoice.</Value>
        </Element>
        <Element>
            <Term>cac:SenderParty</Term>
            <Name>Sender party</Name>
            <Element>
                <Term>cbc:EndpointID</Term>
                <Name>Sender party electronic address</Name>
                <Description>Identifies the sender party's electronic address</Description>
                <DataType>Identifier</DataType>
                <Reference type="BUSINESS_TERM">tir111-009</Reference>
                <Attribute>
                    <Term>schemeID</Term>
                    <Name>Scheme identifier</Name>
                    <Description>Scheme identifier for the electronic address</Description>
                    <Reference type="CODE_LIST">eas</Reference>
                    <Value type="EXAMPLE">0088</Value>
                </Attribute>
                <Value type="EXAMPLE">7300010000001</Value>
            </Element>
            <Element cardinality="0..1">
                <Term>cac:PartyIdentification</Term>
                <Name>Party identification</Name>

                <Element>
                    <Term>cbc:ID</Term>
                    <Name>Party identifier</Name>
                    <Description>It should be possible to specify the identifier or identifiers for
                        the party.</Description>
                    <DataType>Identifier</DataType>
                    <Reference type="BUSINESS_TERM">tir111-008</Reference>

                    <Attribute usage="optional">
                        <Term>schemeID</Term>
                        <Name>Scheme identifier</Name>
                        <Description>Scheme identifier for party identification</Description>
                        <Reference type="CODE_LIST">ICD</Reference>
                        <Value type="EXAMPLE">0184</Value>
                    </Attribute>
                    <Value type="EXAMPLE">DK88777654</Value>
                </Element>
            </Element>

            <Element>
                <Term>cac:PartyLegalEntity</Term>
                <Name>Party name</Name>

                <Element>
                    <Term>cbc:RegistrationName</Term>
                    <Name>Sender party name</Name>
                    <Description>The name of the party sending the response.</Description>
                    <DataType>Text</DataType>
                    <Reference type="BUSINESS_TERM">tir111-007</Reference>
                    <Value type="EXAMPLE">Test company AS</Value>
                </Element>
            </Element>

            <Element cardinality="0..1">
                <Term>cac:Contact</Term>
                <Name>Contact information</Name>

                <Element cardinality="0..1">
                    <Term>cbc:Name</Term>
                    <Name>Party contact point name</Name>
                    <Description>Then name of the sending party contact point for communication
                        regarding this message.</Description>
                    <DataType>Text</DataType>
                    <Reference type="BUSINESS_TERM">tir111-026</Reference>

                    <Value type="EXAMPLE">Jens Jensen</Value>
                </Element>

                <Element cardinality="0..1">
                    <Term>cbc:Telephone</Term>
                    <Name>Party contact point telephone</Name>
                    <Description>Then telephone for the sending party´s contact point for
                        communication regarding this message.</Description>
                    <Reference type="BUSINESS_TERM">tir111-028</Reference>

                    <Value type="EXAMPLE">23 23 23 23</Value>
                </Element>

                <Element cardinality="0..1">
                    <Term>cbc:ElectronicMail</Term>
                    <Name>Party contact point email</Name>
                    <Description>Then email for the sending party´s contact point for communication
                        regarding this message.</Description>
                    <Reference type="BUSINESS_TERM">tir111-027</Reference>


                    <Value type="EXAMPLE">jj@test-company.dk</Value>
                </Element>

            </Element>
        </Element>

        <Element>
            <Term>cac:ReceiverParty</Term>
            <Name>Receiver party</Name>
            <Element>
                <Term>cbc:EndpointID</Term>
                <Name>Reciever party electronic address</Name>
                <Description>Identifies the receiver party's electronic address</Description>
                <DataType>Identifier</DataType>
                <Reference type="BUSINESS_TERM">tir111-012</Reference>
                <Attribute>
                    <Term>schemeID</Term>
                    <Name>Scheme identifier</Name>
                    <Description>Scheme identifier for the electronic address</Description>
                    <Reference type="CODE_LIST">eas</Reference>
                    <Value type="EXAMPLE">0088</Value>
                </Attribute>
                <Value type="EXAMPLE">7300010000001</Value>
            </Element>
            <Element cardinality="0..1">
                <Term>cac:PartyIdentification</Term>
                <Name>Party identification</Name>

                <Element>
                    <Term>cbc:ID</Term>
                    <Name>Reciever party identifier</Name>
                    <Description>It should be possible to specify the identifier or identifiers for
                        the party.</Description>
                    <Reference type="BUSINESS_TERM">tir111-011</Reference>

                    <Attribute usage="optional">
                        <Term>schemeID</Term>
                        <Name>Scheme identifier</Name>
                        <Description>Scheme identifier for party identification</Description>
                        <Reference type="CODE_LIST">ICD</Reference>
                        <Value type="EXAMPLE">0192</Value>
                    </Attribute>
                    <Value type="EXAMPLE">987654321</Value>
                </Element>
            </Element>
            <Element>
                <Term>cac:PartyLegalEntity</Term>
                <Name>Party name</Name>

                <Element>
                    <Term>cbc:RegistrationName</Term>
                    <Name>Receiver party name</Name>
                    <Description>The name of the party receiving the response.</Description>
                    <DataType>Text</DataType>
                    <Reference type="BUSINESS_TERM">tir111-010</Reference>
                    <Value type="EXAMPLE">AS MerTest</Value>
                </Element>
            </Element>


        </Element>

        <Element>
            <Term>cac:DocumentResponse</Term>
            <Name>Document response</Name>

            <Element>
                <Term>cac:Response</Term>
                <Name>Response</Name>

                <Element>
                    <Term>cbc:ResponseCode</Term>
                    <Name>Invoice status</Name>
                    <Description>A code stating the status of the invoice in the
                        process.</Description>
                    <DataType>Code</DataType>
                    <Reference type="BUSINESS_TERM">tir111-013</Reference>
                    <Reference type="CODE_LIST">UNCL4343-T111</Reference>
                    <Value type="EXAMPLE">RE</Value>
                </Element>

                <Element cardinality="0..1">
                    <Term>cbc:EffectiveDate</Term>
                    <Name>Status date</Name>
                    <Description>The date when the status became effective.</Description>
                    <DataType>Date</DataType>
                    <Reference type="BUSINESS_TERM">tir111-014</Reference>
                    <Value type="EXAMPLE">2018-08-02</Value>
                </Element>

                <Element cardinality="0..unbounded">
                    <Term>cac:Status</Term>
                    <Name>Clarification information</Name>
                    <Description>Clarification is mandatory when the status is UQ-Under query, RE - Rejected and CA - Conditionally accepted. Clarification may be given as a code, a description or both. If both are used, they must indicate the same clarification.</Description>

                    <Element cardinality="0..1">
                        <Term>cbc:StatusReasonCode</Term>
                        <Name>Clarification code</Name>
                        <Description>A code defining a clarification given for the invoice
                            status.</Description>
                        <DataType>Code</DataType>
                        <Reference type="BUSINESS_TERM">tir111-015</Reference>
                        <Reference type="CODE_LIST">OPStatusReason</Reference>
                        <Reference type="CODE_LIST">OPStatusAction</Reference>
                        <Attribute>
                            <Term>listID</Term>
                            <Name>List identifier</Name>
                            <Description>List identifier for clarification</Description>
                            <Reference type="CODE_LIST">ClarificationListID</Reference>
                            <Value type="EXAMPLE">OPStatusAction</Value>
                        </Attribute>
                    </Element>

                    <Element cardinality="0..1">
                        <Term>cbc:StatusReason</Term>
                        <Name>Clarification description</Name>
                        <Description>The description of the clarification given for the invoice
                            status.</Description>
                       <DataType>Text</DataType>
                        <Reference type="BUSINESS_TERM">tir111-016</Reference>
                        <Value type="EXAMPLE">TAX Reference not found</Value>
                    </Element>

                    <Element cardinality="0..unbounded">
                        <Term>cac:Condition</Term>
                        <Name>Condition</Name>

                        <Element>
                            <Term>cbc:AttributeID</Term>
                            <Name>Detail type code</Name>
                            <Description>A code defining the type of the detail</Description>
                            <DataType>Code</DataType>
                            <Reference type="BUSINESS_TERM">tir111-017</Reference>
                            <Value type="EXAMPLE">BT-48</Value>
                        </Element>

                        <Element cardinality="0..1">
                            <Term>cbc:Description</Term>
                            <Name>Detail value</Name>
                            <Description>The value of the detail.</Description>
                            <DataType>Text</DataType>
                            <Reference type="BUSINESS_TERM">tir111-018</Reference>
                            <Value type="EXAMPLE">EU123456789</Value>
                        </Element>
                    </Element>
                </Element>
            </Element>

            <Element>
                <Term>cac:DocumentReference</Term>
                <Name>Document reference</Name>

                <Element>
                    <Term>cbc:ID</Term>
                    <Name>Invoice identifier</Name>
                    <Description>An identifier for the invoice that the status applies to. Rules At
                        least one and only one invoice identifier must be of the main invoice number
                        that appears in the invoice itself.</Description>
                    <DataType>Identifier</DataType>
                    <Reference type="BUSINESS_TERM">tir111-020</Reference>
                    <Value type="EXAMPLE">inv-99876</Value>
                </Element>

                <Element cardinality="0..1">
                    <Term>cbc:IssueDate</Term>
                    <Name>Invoice issue date</Name>
                    <Description>The date on which the referenced invoice was issued. Rules An
                        invoice issue date may only be given once even if more than one identifier
                        is used for the invoice.</Description>
                    <DataType>Date</DataType>
                    <Reference type="BUSINESS_TERM">tir111-019</Reference>
                    <Value type="EXAMPLE">2018-08-01</Value>
                </Element>

                <Element>
                    <Term>cbc:DocumentTypeCode</Term>
                    <Name>Identifier Type code</Name>
                    <DataType>Code</DataType>
                    <Reference type="BUSINESS_TERM">tir111-021</Reference>
                    <Reference type="CODE_LIST">UNCL1001</Reference>
                    <Value type="EXAMPLE">380</Value>
                </Element>
            </Element>
            <Element cardinality="0..1">
                <Term>cac:IssuerParty</Term>
                <Name>Seller party information</Name>

                <Element cardinality="0..1">
                    <Term>cac:PartyIdentification</Term>
                    <Name>Party identification</Name>
                    <Element>
                        <Term>cbc:ID</Term>
                        <Name>Seller party identifier</Name>
                        <Description>It should be possible to specify the identifier or identifiers for
                            the party.</Description>
                        <DataType>Identifier</DataType>
                        <Reference type="BUSINESS_TERM">tir111-023</Reference>

                        <Attribute usage="optional">
                            <Term>schemeID</Term>
                            <Name>Scheme identifier</Name>
                            <Description>Scheme identifier for party identification</Description>
                            <Reference type="CODE_LIST">ICD</Reference>
                            <Value type="EXAMPLE">0192</Value>
                        </Attribute>

                        <Value type="EXAMPLE">987654321</Value>
                    </Element>
                </Element>

                <Element>
                    <Term>cac:PartyName</Term>
                    <Name>Party name information</Name>
                    <Element>
                        <Term>cbc:Name</Term>
                        <Name>Seller party name</Name>
                        <Description>The party that issued the reference invoice.</Description>
                        <DataType>Text</DataType>
                        <Reference type="BUSINESS_TERM">tir111-022</Reference>
                        <Value type="EXAMPLE">AS MerTest</Value>
                    </Element>
                </Element>

            </Element>
            <Element cardinality="0..1">
                <Term>cac:RecipientParty</Term>
                <Name>Buyer party information</Name>

                <Element cardinality="0..1">
                    <Term>cac:PartyIdentification</Term>
                    <Name>Party identification</Name>
                    <Element>
                        <Term>cbc:ID</Term>
                        <Name>Buyer party identifier</Name>
                        <Description>It should be possible to specify the identifier or identifiers for
                            the party.</Description>
                        <DataType>Identifier</DataType>
                        <Reference type="BUSINESS_TERM">tir111-025</Reference>

                        <Attribute usage="optional">
                            <Term>schemeID</Term>
                            <Name>Scheme identifier</Name>
                            <Description>Scheme identifier for party identification</Description>
                            <Reference type="CODE_LIST">ICD</Reference>
                            <Value type="EXAMPLE">0192</Value>
                        </Attribute>

                        <Value type="EXAMPLE">999888777</Value>
                    </Element>
                </Element>

                <Element>
                    <Term>cac:PartyName</Term>
                    <Name>Party name</Name>
                    <Element>
                        <Term>cbc:Name</Term>
                        <Name>Buyer party name</Name>
                        <Description>The party to who the referenced invoice is issued.</Description>
                        <DataType>Text</DataType>
                        <Reference type="BUSINESS_TERM">tir111-024</Reference>
                        <Value type="EXAMPLE">Test company AS</Value>
                    </Element>
                </Element>

            </Element>
        </Element>


    </Document>
</Structure>
