<?xml version="1.0" encoding="UTF-8"?>
<testSet xmlns="http://difi.no/xsd/vefa/validator/1.0"
	configuration="peppolbis-t76-base-3.0">
	<assert>
		<description>An order response with code RE (Rejected) should NOT provide order lines.</description>
		<scope>PEPPOL-T76-R009</scope>
	</assert>
	
	<test>

		<assert>		
			<success>PEPPOL-T76-R009</success>
		</assert>
		
		<OrderResponse xmlns:cac="urn:oasis:names:specification:ubl:schema:xsd:CommonAggregateComponents-2"
			xmlns:cbc="urn:oasis:names:specification:ubl:schema:xsd:CommonBasicComponents-2"
			xmlns="urn:oasis:names:specification:ubl:schema:xsd:OrderResponse-2">
			
			<cbc:OrderResponseCode>RE</cbc:OrderResponseCode>
					
<!--			<cac:OrderLine>
				<cac:LineItem>
					<cac:Price>
						<cbc:PriceAmount currencyID="EUR"/>
					</cac:Price>
				</cac:LineItem>
			</cac:OrderLine>-->
				
		</OrderResponse>
	</test>
	
	<test>
		<assert>		
			<warning>PEPPOL-T76-R009</warning>
		</assert>
		
		<OrderResponse xmlns:cac="urn:oasis:names:specification:ubl:schema:xsd:CommonAggregateComponents-2"
			xmlns:cbc="urn:oasis:names:specification:ubl:schema:xsd:CommonBasicComponents-2"
			xmlns="urn:oasis:names:specification:ubl:schema:xsd:OrderResponse-2">
			
      		<cbc:OrderResponseCode>RE</cbc:OrderResponseCode>
				
			<cac:OrderLine>
				<cac:LineItem>
					<cac:Price>
						<cbc:PriceAmount currencyID="EUR"/>
					</cac:Price>
				</cac:LineItem>
			</cac:OrderLine>
			
		</OrderResponse>
	</test>


</testSet>
