<?xml version="1.0" encoding="UTF-8"?>
<testSet xmlns="http://difi.no/xsd/vefa/validator/1.0" configuration="peppolbis-en16931-base-3.0-ubl">
	<assert>
		<description>ICD (0151) provided.</description>
		<scope>PEPPOL-COMMON-R050</scope>
	</assert>
	

	    <test>
		<assert>
			<success>PEPPOL-COMMON-R050</success>
		</assert>
		<Invoice xmlns:cac="urn:oasis:names:specification:ubl:schema:xsd:CommonAggregateComponents-2" xmlns:cbc="urn:oasis:names:specification:ubl:schema:xsd:CommonBasicComponents-2" xmlns="urn:oasis:names:specification:ubl:schema:xsd:Invoice-2">
			<cac:AccountingCustomerParty>
				<cac:Party>
					<cbc:EndpointID schemeID="0151">51824753556</cbc:EndpointID>
				</cac:Party>
			</cac:AccountingCustomerParty>
		</Invoice>
	</test>
	

    <test>
		<assert>
			<error>PEPPOL-COMMON-R050</error>
		</assert>
		<Invoice xmlns:cac="urn:oasis:names:specification:ubl:schema:xsd:CommonAggregateComponents-2" xmlns:cbc="urn:oasis:names:specification:ubl:schema:xsd:CommonBasicComponents-2" xmlns="urn:oasis:names:specification:ubl:schema:xsd:Invoice-2">
			<cac:AccountingCustomerParty>
				<cac:Party>
					<cbc:EndpointID schemeID="0151">ERR51824753556</cbc:EndpointID>
				</cac:Party>
			</cac:AccountingCustomerParty>
		</Invoice>
	</test>
    
        <test>
		<assert>
			<error>PEPPOL-COMMON-R050</error>
		</assert>
		<Invoice xmlns:cac="urn:oasis:names:specification:ubl:schema:xsd:CommonAggregateComponents-2" xmlns:cbc="urn:oasis:names:specification:ubl:schema:xsd:CommonBasicComponents-2" xmlns="urn:oasis:names:specification:ubl:schema:xsd:Invoice-2">
			<cac:AccountingCustomerParty>
				<cac:Party>
					<cbc:EndpointID schemeID="0151">51824753550</cbc:EndpointID>
				</cac:Party>
			</cac:AccountingCustomerParty>
		</Invoice>
	</test>
	
</testSet>
