<?xml version="1.0" encoding="UTF-8"?>
<testSet xmlns="http://difi.no/xsd/vefa/validator/1.0" configuration="peppolbis-en16931-base-3.0-cii">
	<assert>
		<description>Invalid Danish organization number (CVR) provided.</description>
		<scope>PEPPOL-COMMON-R042</scope>
	</assert>
	
	<test>
		<assert>
			<success>PEPPOL-COMMON-R042</success>
		</assert>
        <rsm:CrossIndustryInvoice
			xmlns:ram="urn:un:unece:uncefact:data:standard:ReusableAggregateBusinessInformationEntity:100"
			xmlns:udt="urn:un:unece:uncefact:data:standard:UnqualifiedDataType:100"
			xmlns:rsm="urn:un:unece:uncefact:data:standard:CrossIndustryInvoice:100"
			xmlns:xsi="http://www.w3.org/2001/XMLSchema-instance">
			<rsm:ExchangedDocument>
				<ram:TypeCode>380</ram:TypeCode>
			</rsm:ExchangedDocument>
			<rsm:SupplyChainTradeTransaction>
				<ram:ApplicableHeaderTradeAgreement>
					<ram:SellerTradeParty>
						<ram:SpecifiedLegalOrganization>
							<ram:ID schemeID="0184">DK12345678</ram:ID>
						</ram:SpecifiedLegalOrganization>
						<ram:PostalTradeAddress>
							<ram:CountryID>DK</ram:CountryID>
						</ram:PostalTradeAddress>
					</ram:SellerTradeParty>
					<ram:BuyerTradeParty>
						<ram:SpecifiedLegalOrganization>
							<ram:ID schemeID="0184">DK12345678</ram:ID>
						</ram:SpecifiedLegalOrganization>
					</ram:BuyerTradeParty>
				</ram:ApplicableHeaderTradeAgreement>
			</rsm:SupplyChainTradeTransaction>
		</rsm:CrossIndustryInvoice>
	</test>
    
    <test>
		<assert>
			<success>PEPPOL-COMMON-R042</success>
		</assert>
        <rsm:CrossIndustryInvoice
			xmlns:ram="urn:un:unece:uncefact:data:standard:ReusableAggregateBusinessInformationEntity:100"
			xmlns:udt="urn:un:unece:uncefact:data:standard:UnqualifiedDataType:100"
			xmlns:rsm="urn:un:unece:uncefact:data:standard:CrossIndustryInvoice:100"
			xmlns:xsi="http://www.w3.org/2001/XMLSchema-instance">
			<rsm:ExchangedDocument>
				<ram:TypeCode>380</ram:TypeCode>
			</rsm:ExchangedDocument>
			<rsm:SupplyChainTradeTransaction>
				<ram:ApplicableHeaderTradeAgreement>
					<ram:SellerTradeParty>
						<ram:SpecifiedLegalOrganization>
							<ram:ID schemeID="0184">12345678</ram:ID>
						</ram:SpecifiedLegalOrganization>
					</ram:SellerTradeParty>
					<ram:BuyerTradeParty>
						<ram:SpecifiedLegalOrganization>
							<ram:ID schemeID="0184">12345679</ram:ID>
						</ram:SpecifiedLegalOrganization>
					</ram:BuyerTradeParty>
				</ram:ApplicableHeaderTradeAgreement>
			</rsm:SupplyChainTradeTransaction>
		</rsm:CrossIndustryInvoice>
	</test>
    
	<test>
		<assert>
			<error>PEPPOL-COMMON-R042</error>
		</assert>
        <rsm:CrossIndustryInvoice
			xmlns:ram="urn:un:unece:uncefact:data:standard:ReusableAggregateBusinessInformationEntity:100"
			xmlns:udt="urn:un:unece:uncefact:data:standard:UnqualifiedDataType:100"
			xmlns:rsm="urn:un:unece:uncefact:data:standard:CrossIndustryInvoice:100"
			xmlns:xsi="http://www.w3.org/2001/XMLSchema-instance">
			<rsm:ExchangedDocument>
				<ram:TypeCode>380</ram:TypeCode>
			</rsm:ExchangedDocument>
			<rsm:SupplyChainTradeTransaction>
				<ram:ApplicableHeaderTradeAgreement>
					<ram:SellerTradeParty>
						<ram:SpecifiedLegalOrganization>
							<ram:ID schemeID="0184">345678</ram:ID>
						</ram:SpecifiedLegalOrganization>
					</ram:SellerTradeParty>
				</ram:ApplicableHeaderTradeAgreement>
			</rsm:SupplyChainTradeTransaction>
		</rsm:CrossIndustryInvoice>
	</test>

</testSet>
