<?xml version="1.0" encoding="UTF-8"?>
<testSet xmlns="http://difi.no/xsd/vefa/validator/1.0" configuration="peppolbis-en16931-base-3.0-ubl">
	<assert>
    	<description>Verify allowance/charge is allowance on price level.</description>
		<scope>PEPPOL-EN16931-R044</scope>
	</assert>
	<test>
		<assert>
			<success>PEPPOL-EN16931-R044</success>
		</assert>
		<Invoice xmlns:cac="urn:oasis:names:specification:ubl:schema:xsd:CommonAggregateComponents-2"
			xmlns:cbc="urn:oasis:names:specification:ubl:schema:xsd:CommonBasicComponents-2"
			xmlns="urn:oasis:names:specification:ubl:schema:xsd:Invoice-2">

			<cac:InvoiceLine>
				<cac:Price>
					<cac:AllowanceCharge>
						<cbc:ChargeIndicator>false</cbc:ChargeIndicator>
					</cac:AllowanceCharge>
				</cac:Price>
			</cac:InvoiceLine>

		</Invoice>
	</test>
	<test>
		<assert>
			<error>PEPPOL-EN16931-R044</error>
		</assert>
		<Invoice xmlns:cac="urn:oasis:names:specification:ubl:schema:xsd:CommonAggregateComponents-2"
			xmlns:cbc="urn:oasis:names:specification:ubl:schema:xsd:CommonBasicComponents-2"
			xmlns="urn:oasis:names:specification:ubl:schema:xsd:Invoice-2">

			<cac:InvoiceLine>
				<cac:Price>
					<cac:AllowanceCharge>
						<cbc:ChargeIndicator>true</cbc:ChargeIndicator>
					</cac:AllowanceCharge>
				</cac:Price>
			</cac:InvoiceLine>

		</Invoice>
	</test>
	<test>
		<assert>
			<error>PEPPOL-EN16931-R044</error>
		</assert>
		<Invoice xmlns:cac="urn:oasis:names:specification:ubl:schema:xsd:CommonAggregateComponents-2"
			xmlns:cbc="urn:oasis:names:specification:ubl:schema:xsd:CommonBasicComponents-2"
			xmlns="urn:oasis:names:specification:ubl:schema:xsd:Invoice-2">

			<cac:InvoiceLine>
				<cac:Price>
					<cac:AllowanceCharge>
						<cbc:ChargeIndicator>0</cbc:ChargeIndicator>
					</cac:AllowanceCharge>
				</cac:Price>
			</cac:InvoiceLine>

		</Invoice>
	</test>
	<test>
		<assert>
			<success>PEPPOL-EN16931-R044</success>
		</assert>
		<Invoice xmlns:cac="urn:oasis:names:specification:ubl:schema:xsd:CommonAggregateComponents-2"
			xmlns:cbc="urn:oasis:names:specification:ubl:schema:xsd:CommonBasicComponents-2"
			xmlns="urn:oasis:names:specification:ubl:schema:xsd:Invoice-2">

			<cac:InvoiceLine>
				<cac:AllowanceCharge>
					<cbc:ChargeIndicator>true</cbc:ChargeIndicator>
				</cac:AllowanceCharge>
			</cac:InvoiceLine>

		</Invoice>
	</test>
	<test>
		<assert>
			<success>PEPPOL-EN16931-R044</success>
		</assert>
		<Invoice xmlns:cac="urn:oasis:names:specification:ubl:schema:xsd:CommonAggregateComponents-2"
			xmlns:cbc="urn:oasis:names:specification:ubl:schema:xsd:CommonBasicComponents-2"
			xmlns="urn:oasis:names:specification:ubl:schema:xsd:Invoice-2">

			<cac:AllowanceCharge>
				<cbc:ChargeIndicator>true</cbc:ChargeIndicator>
			</cac:AllowanceCharge>

		</Invoice>
	</test>
</testSet>
