<?xml version="1.0" encoding="UTF-8"?>
<ubl:Invoice xmlns:ubl="urn:oasis:names:specification:ubl:schema:xsd:Invoice-2"
             xmlns:cac="urn:oasis:names:specification:ubl:schema:xsd:CommonAggregateComponents-2"
             xmlns:cbc="urn:oasis:names:specification:ubl:schema:xsd:CommonBasicComponents-2">
    <cbc:CustomizationID>urn:cen.eu:en16931:2017#compliant#urn:xoev-de:kosit:standard:xrechnung_2.1</cbc:CustomizationID>
    <cbc:ID>Rechnungsnummer</cbc:ID>
    <cbc:IssueDate>2016-06-27+01:00</cbc:IssueDate>
    <cbc:InvoiceTypeCode>380</cbc:InvoiceTypeCode>
    <cbc:Note>#ADU#Wir liefern Ihnen ausschließlich zu unseren allgemeinen Geschäftsbedingungen (Stand Februar 2013). Diese werden Ihnen jederzeit auf Wunsch übersandt. Bei Aufträgen, basierend auf öffentlichen Vergaben, gelten die ggf. vereinbarten abweichenden Liefer- und Zahungsbedingungen des Auftraggebers.</cbc:Note>
    <cbc:DocumentCurrencyCode>EUR</cbc:DocumentCurrencyCode>
    <cbc:TaxCurrencyCode>EUR</cbc:TaxCurrencyCode>
    <cbc:BuyerReference>04011000-12351-28</cbc:BuyerReference>
    <cac:OrderReference>
        <cbc:ID>Dummywert</cbc:ID>
        <cbc:SalesOrderID>Auftragsnummer</cbc:SalesOrderID>
    </cac:OrderReference>
    <cac:AccountingSupplierParty>
        <cac:Party>
            <cac:PartyName>
                <cbc:Name>[Seller trading name]</cbc:Name>
            </cac:PartyName>
            <cac:PostalAddress>
                <cbc:StreetName>[Seller address line 1]</cbc:StreetName>
                <cbc:CityName>[Seller city]</cbc:CityName>
                <cbc:PostalZone>12345</cbc:PostalZone>
                <cac:Country>
                    <cbc:IdentificationCode>DE</cbc:IdentificationCode>
                </cac:Country>
            </cac:PostalAddress>
            <cac:PartyTaxScheme>
                <cbc:CompanyID>DE123456789</cbc:CompanyID>
                <cac:TaxScheme>
                    <cbc:ID>VAT</cbc:ID>
                </cac:TaxScheme>
            </cac:PartyTaxScheme>
            <cac:PartyTaxScheme>
                <cbc:CompanyID>123/456/789</cbc:CompanyID>
                <cac:TaxScheme>
                    <cbc:ID>???</cbc:ID>
                </cac:TaxScheme>
            </cac:PartyTaxScheme>
            <cac:PartyLegalEntity>
                <cbc:RegistrationName>[Seller name]</cbc:RegistrationName>
                <cbc:CompanyID>HRB 123456</cbc:CompanyID>
                <cbc:CompanyLegalForm>Sitz der Gesellschaft: […], Registergericht: […], Geschäftsführer: […]</cbc:CompanyLegalForm>
            </cac:PartyLegalEntity>
            <cac:Contact>
                <cbc:Name>Berater / Sachbearbeiter</cbc:Name>
                <cbc:Telephone>+49(0)1234-0</cbc:Telephone>
                <cbc:ElectronicMail>info@seller.de</cbc:ElectronicMail>
            </cac:Contact>
        </cac:Party>
    </cac:AccountingSupplierParty>
    <cac:AccountingCustomerParty>
        <cac:Party>
            <cac:PostalAddress>
                <cbc:StreetName>[Buyer address line 1]</cbc:StreetName>
                <cbc:CityName>[Buyer city]</cbc:CityName>
                <cbc:PostalZone>12345</cbc:PostalZone>
                <cac:Country>
                    <cbc:IdentificationCode>DE</cbc:IdentificationCode>
                </cac:Country>
            </cac:PostalAddress>
            <cac:PartyLegalEntity>
                <cbc:RegistrationName>[Buyer name]</cbc:RegistrationName>
            </cac:PartyLegalEntity>
            <cac:Contact>
                <cbc:Name>Ansprechpartner Käufer</cbc:Name>
            </cac:Contact>
        </cac:Party>
    </cac:AccountingCustomerParty>
    <cac:Delivery>
        <cac:DeliveryLocation>
            <cac:Address>
                <cbc:StreetName>[Deliver to address line 1]</cbc:StreetName>
                <cbc:CityName>[Deliver to city]</cbc:CityName>
                <cbc:PostalZone>12345</cbc:PostalZone>
                <cac:Country>
                    <cbc:IdentificationCode>DE</cbc:IdentificationCode>
                </cac:Country>
            </cac:Address>
        </cac:DeliveryLocation>
        <cac:DeliveryParty>
            <cac:PartyName>
                <cbc:Name>Außenstelle XY</cbc:Name>
            </cac:PartyName>
        </cac:DeliveryParty>
    </cac:Delivery>
    <cac:PaymentMeans>
        <cbc:PaymentMeansCode>58</cbc:PaymentMeansCode>
        <cac:PayeeFinancialAccount><!-- dies ist eine nicht existerende aber valide IBAN als test dummy -->
            
            <cbc:ID>DE75512108001245126199</cbc:ID>
        </cac:PayeeFinancialAccount>
    </cac:PaymentMeans>
    <cac:PaymentMeans>
        <cbc:PaymentMeansCode>58</cbc:PaymentMeansCode>
        <cac:PayeeFinancialAccount><!-- dies ist eine nicht existerende aber valide IBAN als test dummy -->
            
            <cbc:ID>DE12500105170648489890</cbc:ID>
        </cac:PayeeFinancialAccount>
    </cac:PaymentMeans>
    <cac:PaymentTerms>
        <!--This is the active mutation configuration: ubl-inv-br-de-18-case-sensitive-keyword-3-207-identity -->
<?xmute mutator="identity" schematron-invalid="xrinv:BR-DE-18" id="ubl-br-de-18-case-sensitive-keyword-3" description="UBL BR-DE-18 case sensitive keyword"?>
        <cbc:Note>#SKONTO#TAGE=7#PROZENT=2.00#
            #SKONTO#TAGE=14#PROZENT=1.00#BASISBETRAG=2.53#
            #VERZUG#TAGE=30#PROZENT=0.00#
            #SKoNTO#TAGE=14#PROZENT=1.00#BASISBETRAG=-5.53#
        </cbc:Note>
    </cac:PaymentTerms>
    <cac:TaxTotal>
        <cbc:TaxAmount currencyID="EUR">414.2</cbc:TaxAmount>
        <cac:TaxSubtotal>
            <cbc:TaxableAmount currencyID="EUR">2180</cbc:TaxableAmount>
            <cbc:TaxAmount currencyID="EUR">414.2</cbc:TaxAmount>
            <cac:TaxCategory>
                <cbc:ID>S</cbc:ID>
                <cbc:Percent>19</cbc:Percent>
                <cac:TaxScheme>
                    <cbc:ID>VAT</cbc:ID>
                </cac:TaxScheme>
            </cac:TaxCategory>
        </cac:TaxSubtotal>
    </cac:TaxTotal>
    <cac:LegalMonetaryTotal>
        <cbc:LineExtensionAmount currencyID="EUR">2180</cbc:LineExtensionAmount>
        <cbc:TaxExclusiveAmount currencyID="EUR">2180</cbc:TaxExclusiveAmount>
        <cbc:TaxInclusiveAmount currencyID="EUR">2594.2</cbc:TaxInclusiveAmount>
        <cbc:PayableAmount currencyID="EUR">2594.2</cbc:PayableAmount>
    </cac:LegalMonetaryTotal>
    <cac:InvoiceLine>
        <cbc:ID>1</cbc:ID>
        <cbc:InvoicedQuantity unitCode="XPP">10</cbc:InvoicedQuantity>
        <cbc:LineExtensionAmount currencyID="EUR">2180</cbc:LineExtensionAmount>
        <cac:Item>
            <cbc:Description>Sitz: 10-301 blau, Rücken: 10-301 blau, ….</cbc:Description>
            <cbc:Name>Drehstuhl</cbc:Name>
            <cac:SellersItemIdentification>
                <cbc:ID>AL281982</cbc:ID>
            </cac:SellersItemIdentification>
            <cac:ClassifiedTaxCategory>
                <cbc:ID>S</cbc:ID>
                <cbc:Percent>19</cbc:Percent>
                <cac:TaxScheme>
                    <cbc:ID>VAT</cbc:ID>
                </cac:TaxScheme>
            </cac:ClassifiedTaxCategory>
        </cac:Item>
        <cac:Price>
            <cbc:PriceAmount currencyID="EUR">218</cbc:PriceAmount>
        </cac:Price>
    </cac:InvoiceLine>
</ubl:Invoice>
