<?xml version="1.0" encoding="UTF-8"?>
<testSet xmlns="http://difi.no/xsd/vefa/validator/1.0"
	configuration="peppolbis-t114-base-3.0">
	<assert>
		<description>Verify that expected total sum of line amounts is not negative</description>
		<scope>PEPPOL-T114-R007</scope>
	</assert>
	<test>
		<assert>
			<success>PEPPOL-T114-R007</success>
		</assert>
		<OrderChange xmlns:cac="urn:oasis:names:specification:ubl:schema:xsd:CommonAggregateComponents-2"
			xmlns:cbc="urn:oasis:names:specification:ubl:schema:xsd:CommonBasicComponents-2"
			xmlns="urn:oasis:names:specification:ubl:schema:xsd:OrderChange-2">

			<cac:AnticipatedMonetaryTotal>
				<cbc:LineExtensionAmount>2456.30</cbc:LineExtensionAmount>
			</cac:AnticipatedMonetaryTotal>

		</OrderChange>
	</test>

	<test>
		<assert>
			<success>PEPPOL-T114-R007</success>
		</assert>
		<OrderChange xmlns:cac="urn:oasis:names:specification:ubl:schema:xsd:CommonAggregateComponents-2"
			xmlns:cbc="urn:oasis:names:specification:ubl:schema:xsd:CommonBasicComponents-2"
			xmlns="urn:oasis:names:specification:ubl:schema:xsd:OrderChange-2">

			<cac:AnticipatedMonetaryTotal>
				<cbc:LineExtensionAmount>0.00</cbc:LineExtensionAmount>
			</cac:AnticipatedMonetaryTotal>

		</OrderChange>
	</test>

	<test>
		<assert>
			<error>PEPPOL-T114-R007</error>
		</assert>
		<OrderChange xmlns:cac="urn:oasis:names:specification:ubl:schema:xsd:CommonAggregateComponents-2"
			xmlns:cbc="urn:oasis:names:specification:ubl:schema:xsd:CommonBasicComponents-2"
			xmlns="urn:oasis:names:specification:ubl:schema:xsd:OrderChange-2">

			<cac:AnticipatedMonetaryTotal>
				<cbc:LineExtensionAmount>-24</cbc:LineExtensionAmount>
			</cac:AnticipatedMonetaryTotal>

		</OrderChange>
	</test>

</testSet>
