<?xml version="1.0" encoding="UTF-8" standalone="yes"?>
<CodeList xmlns="http://docs.oasis-open.org/codelist/ns/genericode/1.0/">
  <Identification>
    <ShortName>Status Clarification Action Code</ShortName>
    <Version/>
    <CanonicalUri/>
    <CanonicalVersionUri/>
  </Identification>
  <ColumnSet>
    <Column Id="code" Use="required">
      <ShortName>Code</ShortName>
      <Data Type="string"/>
    </Column>
    <Column Id="name" Use="optional">
      <ShortName>Name</ShortName>
      <Data Type="string"/>
    </Column>
    <Key Id="codeKey">
      <ShortName>CodeKey</ShortName>
      <ColumnRef Ref="code"/>
    </Key>
  </ColumnSet>
  <SimpleCodeList>
    <Row>
      <Value ColumnRef="code">
        <SimpleValue>NOA</SimpleValue>
      </Value>
      <Value ColumnRef="name">
        <SimpleValue>No action required</SimpleValue>
      </Value>
    </Row>
    <Row>
      <Value ColumnRef="code">
        <SimpleValue>PIN</SimpleValue>
      </Value>
      <Value ColumnRef="name">
        <SimpleValue>Provide information</SimpleValue>
      </Value>
    </Row>
    <Row>
      <Value ColumnRef="code">
        <SimpleValue>NIN</SimpleValue>
      </Value>
      <Value ColumnRef="name">
        <SimpleValue>Issue new invoice</SimpleValue>
      </Value>
    </Row>
    <Row>
      <Value ColumnRef="code">
        <SimpleValue>CNF</SimpleValue>
      </Value>
      <Value ColumnRef="name">
        <SimpleValue>Credit fully</SimpleValue>
      </Value>
    </Row>
    <Row>
      <Value ColumnRef="code">
        <SimpleValue>CNP</SimpleValue>
      </Value>
      <Value ColumnRef="name">
        <SimpleValue>Credit partially</SimpleValue>
      </Value>
    </Row>
    <Row>
      <Value ColumnRef="code">
        <SimpleValue>CNA</SimpleValue>
      </Value>
      <Value ColumnRef="name">
        <SimpleValue>Credit the amount</SimpleValue>
      </Value>
    </Row>
    <Row>
      <Value ColumnRef="code">
        <SimpleValue>OTH</SimpleValue>
      </Value>
      <Value ColumnRef="name">
        <SimpleValue>Other </SimpleValue>
      </Value>
    </Row>
  </SimpleCodeList>
</CodeList>