<?xml version="1.0" encoding="UTF-8"?>
<testSet xmlns="http://difi.no/xsd/vefa/validator/1.0" configuration="peppolbis-en16931-base-3.0-cii">
	<assert>
		<description>Verify existence of Seller Post Code for Italian suppliers</description>
		<scope>IT-R-004</scope>
	</assert>
	<test>
		<assert>
			<success>IT-R-004</success>
		</assert>
		<CrossIndustryInvoice
				xmlns:udt="urn:un:unece:uncefact:data:standard:UnqualifiedDataType:100"
				xmlns:ram="urn:un:unece:uncefact:data:standard:ReusableAggregateBusinessInformationEntity:100"
				xmlns="urn:un:unece:uncefact:data:standard:CrossIndustryInvoice:100">

			<SupplyChainTradeTransaction>
				<ram:ApplicableHeaderTradeAgreement>
					<ram:SellerTradeParty>
						<ram:PostalTradeAddress>

						<ram:PostcodeCode>11111</ram:PostcodeCode>

							<ram:CountryID>IT</ram:CountryID>
							
						</ram:PostalTradeAddress>
					</ram:SellerTradeParty>
				</ram:ApplicableHeaderTradeAgreement>
			</SupplyChainTradeTransaction>

		</CrossIndustryInvoice>
	</test>

	<test>
		<assert>
			<success>IT-R-004</success>
		</assert>
		<CrossIndustryInvoice
				xmlns:udt="urn:un:unece:uncefact:data:standard:UnqualifiedDataType:100"
				xmlns:ram="urn:un:unece:uncefact:data:standard:ReusableAggregateBusinessInformationEntity:100"
				xmlns="urn:un:unece:uncefact:data:standard:CrossIndustryInvoice:100">

			<SupplyChainTradeTransaction>
				<ram:ApplicableHeaderTradeAgreement>
					<ram:SellerTradeParty>
						<ram:PostalTradeAddress>

							<!-- ram:PostcodeCode>11111</ram:PostcodeCode> -->

							<ram:CountryID>DK</ram:CountryID>
						</ram:PostalTradeAddress>
					</ram:SellerTradeParty>
				</ram:ApplicableHeaderTradeAgreement>
			</SupplyChainTradeTransaction>

		</CrossIndustryInvoice>
	</test>

	<test>
		<assert>
			<error>IT-R-004</error>
		</assert>
		<CrossIndustryInvoice
				xmlns:udt="urn:un:unece:uncefact:data:standard:UnqualifiedDataType:100"
				xmlns:ram="urn:un:unece:uncefact:data:standard:ReusableAggregateBusinessInformationEntity:100"
				xmlns="urn:un:unece:uncefact:data:standard:CrossIndustryInvoice:100">

			<SupplyChainTradeTransaction>
				<ram:ApplicableHeaderTradeAgreement>
					<ram:SellerTradeParty>
						<ram:PostalTradeAddress>

							<!-- ram:PostcodeCode>11111</ram:PostcodeCode> -->

							<ram:CountryID>IT</ram:CountryID>
						</ram:PostalTradeAddress>
					</ram:SellerTradeParty>
				</ram:ApplicableHeaderTradeAgreement>
			</SupplyChainTradeTransaction>

		</CrossIndustryInvoice>
	</test>
</testSet>
