<?xml version='1.0' encoding='UTF-8'?>
<catalog xmlns='urn:oasis:names:tc:entity:xmlns:xml:catalog' xmlns:xsi='http://www.w3.org/2001/XMLSchema-instance' xsi:schemaLocation='urn:oasis:names:tc:entity:xmlns:xml:catalog Catalog.xsd' prefer="public">
<!--reference as name & filepath-->
	<uri name="http://schemas.nav.gov.hu/NTCA/1.0/common" uri="./files/NTCA/Common/common.xsd"/>
	<uri name="http://schemas.nav.gov.hu/OSA/3.0/base" uri="./files/OSA/Invoice/invoiceBase.xsd"/>
<!--reference as name & URI-->
	<!--<uri name="http://schemas.nav.gov.hu/NTCA/1.0/common" uri="https://raw.githubusercontent.com/nav-gov-hu/Common/Common-1.0.RC3/src/schemas/nav/gov/hu/NTCA/common.xsd"/>-->
</catalog>


<!--<?xml version="1.0" encoding="UTF-8" standalone="no"?>
<catalog xmlns="urn:oasis:names:tc:entity:xmlns:xml:catalog">-->

<!--reference as publicId & filepath-->
	<!--<public publicId="http://schemas.nav.gov.hu/NTCA/1.0/common" uri="./files/NTCA/Common/common.xsd"/>-->
	<!--<public publicId="http://schemas.nav.gov.hu/OSA/3.0/base" uri="./files/OSA/Invoice/invoiceBase.xsd"/>-->
<!--reference as publicId & URI-->
	<!--<public publicId="http://schemas.nav.gov.hu/NTCA/1.0/common" uri="https://raw.githubusercontent.com/nav-gov-hu/Common/Common-1.0.RC3/src/schemas/nav/gov/hu/NTCA/common.xsd"/>-->
<!--</catalog>-->