<?xml version="1.0" encoding="UTF-8"?>
<Order xmlns:xs="http://www.w3.org/2001/XMLSchema"
  xmlns="urn:oasis:names:specification:ubl:schema:xsd:Order-2"
  xmlns:cac="urn:oasis:names:specification:ubl:schema:xsd:CommonAggregateComponents-2"
  xmlns:cbc="urn:oasis:names:specification:ubl:schema:xsd:CommonBasicComponents-2">
  <cbc:CustomizationID>urn:fdc:peppol.eu:poacc:trns:order:3</cbc:CustomizationID>
  <cbc:ProfileID>urn:fdc:peppol.eu:poacc:bis:order_only:3</cbc:ProfileID>
  <cbc:ID>1</cbc:ID>
  <cbc:IssueDate>2013-07-01</cbc:IssueDate>
  <cbc:IssueTime>14:15:20</cbc:IssueTime>
  <cbc:DocumentCurrencyCode>EUR</cbc:DocumentCurrencyCode>
  <cbc:AccountingCost>MAFO</cbc:AccountingCost>
  <cac:ValidityPeriod>
    <cbc:EndDate>2013-07-30</cbc:EndDate>
  </cac:ValidityPeriod>
  <!-- tag::originator[] -->
  <cac:OriginatorDocumentReference>
    <cbc:ID>2139239</cbc:ID>
  </cac:OriginatorDocumentReference>
  <!-- end::originator[] -->
  <cac:Contract>
    <cbc:ID>C1</cbc:ID>
  </cac:Contract>
  <cac:BuyerCustomerParty>
    <cac:Party>
      <cbc:EndpointID schemeID="0007">5541277711</cbc:EndpointID>
      <cac:PartyIdentification>
        <cbc:ID schemeID="0007">5541277711</cbc:ID>
      </cac:PartyIdentification>
      <cac:PartyLegalEntity>
        <cbc:RegistrationName>City Hospital 345433</cbc:RegistrationName>
        <cbc:CompanyID schemeID="0007">5541277711</cbc:CompanyID>
        <cac:RegistrationAddress>
          <cbc:CityName>Eurocity</cbc:CityName>
          <cac:Country>
            <cbc:IdentificationCode>SE</cbc:IdentificationCode>
          </cac:Country>
        </cac:RegistrationAddress>
      </cac:PartyLegalEntity>
      <cac:Contact>
        <cbc:Name>Martin Foggerty</cbc:Name>
        <cbc:Telephone>+46555785488</cbc:Telephone>
        <cbc:ElectronicMail>martin.foggerty@cityhospital.se</cbc:ElectronicMail>
      </cac:Contact>
    </cac:Party>
  </cac:BuyerCustomerParty>
  <cac:SellerSupplierParty>
    <cac:Party>
      <cbc:EndpointID schemeID="0007">5546577799</cbc:EndpointID>
      <cac:PartyIdentification>
        <cbc:ID schemeID="0007">5546577799</cbc:ID>
      </cac:PartyIdentification>
      <cac:PartyName>
        <cbc:Name>The Supplier AB</cbc:Name>
      </cac:PartyName>
      <cac:PostalAddress>
        <cac:Country>
          <cbc:IdentificationCode>SE</cbc:IdentificationCode>
        </cac:Country>
      </cac:PostalAddress>
      <cac:PartyLegalEntity>
        <cbc:RegistrationName>The Supplier AB</cbc:RegistrationName>
      </cac:PartyLegalEntity>
    </cac:Party>
  </cac:SellerSupplierParty>
  <cac:Delivery>
    <cac:DeliveryLocation>
      <cac:Address>
        <cbc:StreetName>Lower street 5</cbc:StreetName>
        <cbc:AdditionalStreetName>Reception</cbc:AdditionalStreetName>
        <cbc:CityName>Stockholm</cbc:CityName>
        <cbc:PostalZone>11120</cbc:PostalZone>
        <cac:Country>
          <cbc:IdentificationCode>SE</cbc:IdentificationCode>
        </cac:Country>
      </cac:Address>
    </cac:DeliveryLocation>
    <cac:RequestedDeliveryPeriod>
      <cbc:StartDate>2013-07-15</cbc:StartDate>
      <cbc:EndDate>2013-07-16</cbc:EndDate>
    </cac:RequestedDeliveryPeriod>
    <cac:DeliveryParty>
      <cac:PartyName>
        <cbc:Name>Hospital Tourist Department</cbc:Name>
      </cac:PartyName>
      <cac:Contact>
        <cbc:Name>John</cbc:Name>
        <cbc:Telephone>+465558877523</cbc:Telephone>
        <cbc:ElectronicMail>john@cityhospital.se</cbc:ElectronicMail>
      </cac:Contact>
    </cac:DeliveryParty>
  </cac:Delivery>
  <cac:AllowanceCharge>
    <cbc:ChargeIndicator>true</cbc:ChargeIndicator>
    <cbc:AllowanceChargeReason>Freight cost</cbc:AllowanceChargeReason>
    <cbc:Amount currencyID="EUR">200</cbc:Amount>
<cac:TaxCategory>
  <cbc:ID>S</cbc:ID>
  <cbc:Percent>25</cbc:Percent>
  <cac:TaxScheme>
    <cbc:ID>VAT</cbc:ID>
  </cac:TaxScheme>
</cac:TaxCategory>
  </cac:AllowanceCharge>
  <cac:AllowanceCharge>
    <cbc:ChargeIndicator>false</cbc:ChargeIndicator>
    <cbc:AllowanceChargeReason>Agreed discount</cbc:AllowanceChargeReason>
    <cbc:Amount currencyID="EUR">100</cbc:Amount>
    <cac:TaxCategory>
      <cbc:ID>S</cbc:ID>
      <cbc:Percent>25</cbc:Percent>
      <cac:TaxScheme>
        <cbc:ID>VAT</cbc:ID>
      </cac:TaxScheme>
    </cac:TaxCategory>
  </cac:AllowanceCharge>
  <!-- tag::totals[] -->
  <cac:TaxTotal>
    <cbc:TaxAmount currencyID="EUR">85.63</cbc:TaxAmount>
  </cac:TaxTotal>

  <cac:AnticipatedMonetaryTotal>
    <cbc:LineExtensionAmount currencyID="EUR">700</cbc:LineExtensionAmount>
    <cbc:TaxExclusiveAmount currencyID="EUR">800</cbc:TaxExclusiveAmount>
    <cbc:TaxInclusiveAmount currencyID="EUR">885.63</cbc:TaxInclusiveAmount>
    <cbc:AllowanceTotalAmount currencyID="EUR">100</cbc:AllowanceTotalAmount>
    <cbc:ChargeTotalAmount currencyID="EUR">200</cbc:ChargeTotalAmount>
    <cbc:PrepaidAmount currencyID="EUR">135</cbc:PrepaidAmount>
    <cbc:PayableRoundingAmount currencyID="EUR">0.37</cbc:PayableRoundingAmount>
    <cbc:PayableAmount currencyID="EUR">751.00</cbc:PayableAmount>
  </cac:AnticipatedMonetaryTotal>
  <!-- end::totals[] -->
  <cac:OrderLine>
    <cac:LineItem>
      <cbc:ID>1</cbc:ID>
      <cbc:Quantity unitCode="NAR">10</cbc:Quantity>
      <cbc:LineExtensionAmount currencyID="EUR">400</cbc:LineExtensionAmount>
      <cbc:AccountingCost>MAFO-1</cbc:AccountingCost>
      <cac:Price>
        <cbc:PriceAmount currencyID="EUR">40</cbc:PriceAmount>
      </cac:Price>
      <cac:Item>
        <cbc:Description>Free text description of item 1</cbc:Description>
        <cbc:Name>Item 1</cbc:Name>
        <cac:ClassifiedTaxCategory>
          <cbc:ID>S</cbc:ID>
          <cbc:Percent>25</cbc:Percent>
          <cac:TaxScheme>
            <cbc:ID>VAT</cbc:ID>
          </cac:TaxScheme>
        </cac:ClassifiedTaxCategory>
        <cac:AdditionalItemProperty>
          <cbc:Name>Color</cbc:Name>
          <cbc:Value>Red</cbc:Value>
        </cac:AdditionalItemProperty>
        <cac:AdditionalItemProperty>
          <cbc:Name>Size</cbc:Name>
          <cbc:Value>43</cbc:Value>
        </cac:AdditionalItemProperty>
      </cac:Item>
    </cac:LineItem>
  </cac:OrderLine>
  <cac:OrderLine>
    <cac:LineItem>
      <cbc:ID>2</cbc:ID>
      <cbc:Quantity unitCode="NAR">50</cbc:Quantity>
      <cbc:LineExtensionAmount currencyID="EUR">300</cbc:LineExtensionAmount>
      <cbc:AccountingCost>MAFO-1</cbc:AccountingCost>
      <cac:Price>
        <cbc:PriceAmount currencyID="EUR">6</cbc:PriceAmount>
      </cac:Price>
      <cac:Item>
        <cbc:Description>Free text description of item 2</cbc:Description>
        <cbc:Name>Item 2</cbc:Name>
        <cac:ClassifiedTaxCategory>
          <cbc:ID>S</cbc:ID>
          <cbc:Percent>25</cbc:Percent>
          <cac:TaxScheme>
            <cbc:ID>VAT</cbc:ID>
          </cac:TaxScheme>
        </cac:ClassifiedTaxCategory>
        <cac:AdditionalItemProperty>
          <cbc:Name>Color</cbc:Name>
          <cbc:Value>Yellow</cbc:Value>
        </cac:AdditionalItemProperty>
        <cac:AdditionalItemProperty>
          <cbc:Name>Size</cbc:Name>
          <cbc:Value>36</cbc:Value>
        </cac:AdditionalItemProperty>
      </cac:Item>
    </cac:LineItem>
  </cac:OrderLine>
</Order>
