<?xml version="1.0" encoding="UTF-8" ?> 
<!-- 
******************************************************************************************************************
	PEPPOL BIS Billing 3 - Instance Document: Invoice	Version of this instance document: 1.0

        Testfil Testbolagets Faktura med factoringinformation
        Ref: Kammarkollegiet, test av fakturautskrift
	
******************************************************************************************************************
-->
<Invoice xmlns="urn:oasis:names:specification:ubl:schema:xsd:Invoice-2" xmlns:cac="urn:oasis:names:specification:ubl:schema:xsd:CommonAggregateComponents-2" xmlns:cbc="urn:oasis:names:specification:ubl:schema:xsd:CommonBasicComponents-2" xmlns:ccts="urn:un:unece:uncefact:documentation:2" xmlns:qdt="urn:oasis:names:specification:ubl:schema:xsd:QualifiedDatatypes-2" xmlns:udt="urn:un:unece:uncefact:data:specification:UnqualifiedDataTypesSchemaModule:2">

  <cbc:CustomizationID>urn:cen.eu:en16931:2017#compliant#urn:fdc:peppol.eu:2017:poacc:billing:3.0</cbc:CustomizationID>
  <cbc:ProfileID>urn:fdc:peppol.eu:2017:poacc:billing:01:1.0</cbc:ProfileID>
  <cbc:ID>101000550</cbc:ID>
  <cbc:IssueDate>2016-11-14</cbc:IssueDate>
  <cbc:DueDate>2016-12-14</cbc:DueDate>
  <cbc:InvoiceTypeCode>380</cbc:InvoiceTypeCode>
  <cbc:Note>1) Tillstånd har begränsad giltighetstid om 1 år, tillståndet är ej överlåtningsbart.  

2) Fakturan betalas med befriande verkan till Fakturautställarverkets Betalningsservice, med användande av det bankgironummer och den betalningsreferens som anvisas i denna faktura.</cbc:Note>
  <cbc:DocumentCurrencyCode>SEK</cbc:DocumentCurrencyCode>
  <cac:OrderReference>
    <cbc:ID>TEST1000012345</cbc:ID>
  </cac:OrderReference>

  <cac:AdditionalDocumentReference>
    <cbc:ID>101</cbc:ID>
   <cbc:DocumentDescription>AQY Filidentifiering nummer (print)</cbc:DocumentDescription>
  </cac:AdditionalDocumentReference>
  <cac:AdditionalDocumentReference>
    <cbc:ID>3434343434</cbc:ID>
    <cbc:DocumentDescription>IT Säljarens kundnummer</cbc:DocumentDescription>
  </cac:AdditionalDocumentReference>

  <cac:AccountingSupplierParty>
    <cac:Party>
      <cac:PostalAddress>
        <cbc:StreetName>Utställargatan 123 A</cbc:StreetName>
        <cbc:AdditionalStreetName>Utställarbox 1234512</cbc:AdditionalStreetName>
        <cbc:CityName>Utställarby</cbc:CityName>
        <!-- Svenskt postnummer redigeras enligt mallen "123 45" vid visning/utskrift: -->
        <cbc:PostalZone>12345</cbc:PostalZone>
        <cac:Country>
          <cbc:IdentificationCode>SE</cbc:IdentificationCode>
        </cac:Country>
      </cac:PostalAddress>
      <cac:PartyTaxScheme>
        <!-- Svenskt VAT-nummer visas utan redigering vid visning/utskrift: -->
        <cbc:CompanyID>SE123412123401</cbc:CompanyID>
        <cac:TaxScheme>
          <cbc:ID>VAT</cbc:ID>
        </cac:TaxScheme>
      </cac:PartyTaxScheme>
      <cac:PartyTaxScheme>
        <cbc:CompanyID>Godkänd för F-skatt</cbc:CompanyID>
        <cac:TaxScheme>
          <cbc:ID>TAX</cbc:ID>
        </cac:TaxScheme>
      </cac:PartyTaxScheme>
      <cac:PartyLegalEntity>
        <cbc:RegistrationName>Fakturautställarverket</cbc:RegistrationName>
        <!-- Svenskt organisationsnummer redigeras enligt mallen "123456-7890" vid visning/utskrift: -->
        <cbc:CompanyID schemeID="0007">1234121234</cbc:CompanyID>
        <cbc:CompanyLegalForm>Säte: Utställarstaden</cbc:CompanyLegalForm>
      </cac:PartyLegalEntity>
      <cac:Contact>
        <cbc:Name>Filip "Test" Fakturautställare</cbc:Name>
        <cbc:Telephone>010123123</cbc:Telephone>
        <cbc:ElectronicMail>test@fakturautstallarverket.se</cbc:ElectronicMail>
      </cac:Contact>
    </cac:Party>
  </cac:AccountingSupplierParty>

  <cac:AccountingCustomerParty>
    <cac:Party>
      <cac:PostalAddress>
        <cbc:StreetName>Mottagargatan 56</cbc:StreetName>
        <cbc:AdditionalStreetName>Mottagarbox 56789</cbc:AdditionalStreetName>
        <cbc:CityName>Mottagarby</cbc:CityName>
        <cbc:PostalZone>56790</cbc:PostalZone>
        <cac:Country>
          <cbc:IdentificationCode>SE</cbc:IdentificationCode>
        </cac:Country>
      </cac:PostalAddress>
      <cac:PartyLegalEntity>
        <cbc:RegistrationName>Fakturamottagarföretaget AB</cbc:RegistrationName>
      </cac:PartyLegalEntity>
      <cac:Contact>
        <cbc:Name>Berit "Test" Beställarsson</cbc:Name>
      </cac:Contact>
    </cac:Party>
  </cac:AccountingCustomerParty>

  <cac:PayeeParty>
    <cac:PartyName>
      <cbc:Name>Fakturautställarverkets Betalningsservice</cbc:Name>
    </cac:PartyName>
  </cac:PayeeParty>

  <cac:Delivery>
    <cbc:ActualDeliveryDate>2017-11-11</cbc:ActualDeliveryDate>
    <cac:DeliveryLocation>
      <cbc:ID schemeID="GLN">6677889906789</cbc:ID>
      <cac:Address>
        <cbc:StreetName>Raka Spåret 1</cbc:StreetName>
        <cbc:AdditionalStreetName>Varumottagningen</cbc:AdditionalStreetName>
        <cbc:CityName>Terminalorten</cbc:CityName>
        <cbc:PostalZone>56799</cbc:PostalZone>
        <cac:Country>
          <cbc:IdentificationCode>SE</cbc:IdentificationCode>
        </cac:Country>
      </cac:Address>
    </cac:DeliveryLocation>
  </cac:Delivery>
  <cac:PaymentMeans>
    <cbc:PaymentMeansCode>30</cbc:PaymentMeansCode>
    <cbc:PaymentID>8880005502</cbc:PaymentID>
    <cac:PayeeFinancialAccount>
      <cbc:ID>8889999</cbc:ID>
      <cac:FinancialInstitutionBranch>
        <cbc:ID>SE:BANKGIRO</cbc:ID>
      </cac:FinancialInstitutionBranch>
    </cac:PayeeFinancialAccount>
  </cac:PaymentMeans>
  <cac:PaymentTerms>
    <cbc:Note>Efter förfallodagen utgår dröjsmålränta med referensräntan plus 7,5%.</cbc:Note>
  </cac:PaymentTerms>

  <cac:TaxTotal>
    <cbc:TaxAmount currencyID="SEK">4790.60</cbc:TaxAmount>
    <cac:TaxSubtotal>
      <cbc:TaxableAmount currencyID="SEK">19162.40</cbc:TaxableAmount>
      <cbc:TaxAmount currencyID="SEK">4790.60</cbc:TaxAmount>
      <cac:TaxCategory>
        <cbc:ID>S</cbc:ID>
        <cbc:Percent>25</cbc:Percent>
        <cac:TaxScheme>
          <cbc:ID>VAT</cbc:ID>
        </cac:TaxScheme>
      </cac:TaxCategory>
    </cac:TaxSubtotal>
  </cac:TaxTotal>
  <cac:LegalMonetaryTotal>
    <cbc:LineExtensionAmount currencyID="SEK">19162.40</cbc:LineExtensionAmount>
    <cbc:TaxExclusiveAmount currencyID="SEK">19162.40</cbc:TaxExclusiveAmount>
    <cbc:TaxInclusiveAmount currencyID="SEK">23953.00</cbc:TaxInclusiveAmount>
    <cbc:PayableAmount currencyID="SEK">23953.00</cbc:PayableAmount>
  </cac:LegalMonetaryTotal>

  <cac:InvoiceLine>
    <cbc:ID>1</cbc:ID>
    <cbc:InvoicedQuantity unitCode="EA">1</cbc:InvoicedQuantity>
    <cbc:LineExtensionAmount currencyID="SEK">19162.40</cbc:LineExtensionAmount>
    <cac:Item>
      <cbc:Name>Handlägging av e-faktureringstillstånd</cbc:Name>
      <cac:ClassifiedTaxCategory>
        <cbc:ID>S</cbc:ID>
        <cbc:Percent>25</cbc:Percent>
        <cac:TaxScheme>
          <cbc:ID>VAT</cbc:ID>
        </cac:TaxScheme>
      </cac:ClassifiedTaxCategory>
    </cac:Item>
    <cac:Price>
      <cbc:PriceAmount currencyID="SEK">19162.40</cbc:PriceAmount>
    </cac:Price>
  </cac:InvoiceLine>
</Invoice>