<?xml version="1.0" encoding="UTF-8" ?> 
<!-- 
******************************************************************************************************************
	PEPPOL BIS Billing 3 - Instance Document: Invoice	Version of this instance document: 1.0

        Testfil Faktura: Abonnemang med lite innehåll
        Ref: Kammarkollegiet, test av fakturautskrift
	
******************************************************************************************************************
-->

<Invoice xmlns="urn:oasis:names:specification:ubl:schema:xsd:Invoice-2" xmlns:cac="urn:oasis:names:specification:ubl:schema:xsd:CommonAggregateComponents-2" xmlns:cbc="urn:oasis:names:specification:ubl:schema:xsd:CommonBasicComponents-2" xmlns:ccts="urn:un:unece:uncefact:documentation:2" xmlns:qdt="urn:oasis:names:specification:ubl:schema:xsd:QualifiedDatatypes-2" xmlns:udt="urn:un:unece:uncefact:data:specification:UnqualifiedDataTypesSchemaModule:2">

  <cbc:CustomizationID>urn:cen.eu:en16931:2017#compliant#urn:fdc:peppol.eu:2017:poacc:billing:3.0</cbc:CustomizationID>
  <cbc:ProfileID>urn:fdc:peppol.eu:2017:poacc:billing:01:1.0</cbc:ProfileID>
  <cbc:ID>401000220</cbc:ID>
  <cbc:IssueDate>2017-09-01</cbc:IssueDate>
  <cbc:DueDate>2017-10-01</cbc:DueDate>
  <cbc:InvoiceTypeCode>380</cbc:InvoiceTypeCode>
  <cbc:Note>Nästa faktureringstillfälle är 1 oktober 2017</cbc:Note>
  <cbc:DocumentCurrencyCode>SEK</cbc:DocumentCurrencyCode>
  <cbc:BuyerReference>BEBE</cbc:BuyerReference>
  <cac:ContractDocumentReference>
    <cbc:ID>Avtal-dnr 321/123</cbc:ID>
  </cac:ContractDocumentReference>

  <cac:AdditionalDocumentReference>
    <cbc:ID>401</cbc:ID>
    <cbc:DocumentDescription>AQY Filidentifiering nummer (print)</cbc:DocumentDescription>
  </cac:AdditionalDocumentReference>
  <cac:AdditionalDocumentReference>
    <cbc:ID>3434343434</cbc:ID>
    <cbc:DocumentDescription>IT Säljarens kundnummer</cbc:DocumentDescription>
  </cac:AdditionalDocumentReference>

  <cac:AccountingSupplierParty>
    <cac:Party>
      <cac:PostalAddress>
        <cbc:CityName>Utställarby (med eget postnr)</cbc:CityName>
        <cbc:PostalZone>10034</cbc:PostalZone>
        <cac:Country>
          <cbc:IdentificationCode>SE</cbc:IdentificationCode>
        </cac:Country>
      </cac:PostalAddress>
      <cac:PartyTaxScheme>
        <!-- Svenskt VAT-nummer visas utan redigering vid visning/utskrift: -->
        <cbc:CompanyID>SE123412123401</cbc:CompanyID>
        <cac:TaxScheme>
          <cbc:ID>VAT</cbc:ID>
        </cac:TaxScheme>
      </cac:PartyTaxScheme>
      <cac:PartyTaxScheme>
        <cbc:CompanyID>Godkänd för F-skatt</cbc:CompanyID>
        <cac:TaxScheme>
          <cbc:ID>TAX</cbc:ID>
        </cac:TaxScheme>
      </cac:PartyTaxScheme>
      <cac:PartyLegalEntity>
        <cbc:RegistrationName>Fakturautställarverket</cbc:RegistrationName>
        <!-- Svenskt organisationsnummer redigeras enligt mallen "123456-7890" vid visning/utskrift: -->
        <cbc:CompanyID schemeID="0007">1234121234</cbc:CompanyID>
      </cac:PartyLegalEntity>
    </cac:Party>
  </cac:AccountingSupplierParty>

  <cac:AccountingCustomerParty>
    <cac:Party>
      <cac:PostalAddress>
        <cbc:CityName>Mottagarby (med eget postnr)</cbc:CityName>
        <cbc:PostalZone>98765</cbc:PostalZone>
        <cac:Country>
          <cbc:IdentificationCode>SE</cbc:IdentificationCode>
        </cac:Country>
      </cac:PostalAddress>
      <cac:PartyLegalEntity>
        <cbc:RegistrationName>Fakturamottagarföretaget AB</cbc:RegistrationName>
        <!-- Svenskt organisationsnummer redigeras enligt mallen "123456-7890" vid visning/utskrift: -->
        <cbc:CompanyID schemeID="0007">5678956789</cbc:CompanyID>
      </cac:PartyLegalEntity>
    </cac:Party>
  </cac:AccountingCustomerParty>

  <cac:PaymentMeans>
    <cbc:PaymentMeansCode>30</cbc:PaymentMeansCode>
    <cac:PayeeFinancialAccount>
      <!-- Svenskt bankgironummer redigeras enligt mallen "123-4567" eller "1234-5678" vid visning/utskrift: -->
      <cbc:ID>98765432</cbc:ID>
      <cac:FinancialInstitutionBranch>
        <cbc:ID>SE:PLUSGIRO</cbc:ID>
      </cac:FinancialInstitutionBranch>
    </cac:PayeeFinancialAccount>
  </cac:PaymentMeans>

  <cac:TaxTotal>
    <cbc:TaxAmount currencyID="SEK">750</cbc:TaxAmount>
    <cac:TaxSubtotal>
      <cbc:TaxableAmount currencyID="SEK">3000</cbc:TaxableAmount>
      <cbc:TaxAmount currencyID="SEK">750</cbc:TaxAmount>
      <cac:TaxCategory>
        <cbc:ID>S</cbc:ID>
        <cbc:Percent>25</cbc:Percent>
        <cac:TaxScheme>
          <cbc:ID>VAT</cbc:ID>
        </cac:TaxScheme>
      </cac:TaxCategory>
    </cac:TaxSubtotal>
  </cac:TaxTotal>
  <cac:LegalMonetaryTotal>
    <cbc:LineExtensionAmount currencyID="SEK">3000</cbc:LineExtensionAmount>
    <cbc:TaxExclusiveAmount currencyID="SEK">3000</cbc:TaxExclusiveAmount>
    <cbc:TaxInclusiveAmount currencyID="SEK">3750</cbc:TaxInclusiveAmount>
    <cbc:PayableAmount currencyID="SEK">3750</cbc:PayableAmount>
  </cac:LegalMonetaryTotal>

  <cac:InvoiceLine>
    <cbc:ID>1</cbc:ID>
    <cbc:InvoicedQuantity unitCode="MON">1</cbc:InvoicedQuantity>
    <cbc:LineExtensionAmount currencyID="SEK">1000</cbc:LineExtensionAmount>
    <cac:InvoicePeriod>
      <cbc:StartDate>2017-08-01</cbc:StartDate>
      <cbc:EndDate>2017-08-31</cbc:EndDate>
    </cac:InvoicePeriod>
    <cac:Item>
      <cbc:Name>Abonnemang, augusti 2017</cbc:Name>
      <cac:ClassifiedTaxCategory>
        <cbc:ID>S</cbc:ID>
        <cbc:Percent>25</cbc:Percent>
        <cac:TaxScheme>
          <cbc:ID>VAT</cbc:ID>
        </cac:TaxScheme>
      </cac:ClassifiedTaxCategory>
    </cac:Item>
    <cac:Price>
      <cbc:PriceAmount currencyID="SEK">1000</cbc:PriceAmount>
    </cac:Price>
  </cac:InvoiceLine>
  <cac:InvoiceLine>
    <cbc:ID>2</cbc:ID>
    <cbc:InvoicedQuantity unitCode="HUR">4</cbc:InvoicedQuantity>
    <cbc:LineExtensionAmount currencyID="SEK">2000</cbc:LineExtensionAmount>
    <cac:InvoicePeriod>
      <cbc:StartDate>2017-08-01</cbc:StartDate>
      <cbc:EndDate>2017-08-31</cbc:EndDate>
    </cac:InvoicePeriod>
    <cac:Item>
      <cbc:Name>Helpdesk-support</cbc:Name>
      <cac:ClassifiedTaxCategory>
        <cbc:ID>S</cbc:ID>
        <cbc:Percent>25</cbc:Percent>
        <cac:TaxScheme>
          <cbc:ID>VAT</cbc:ID>
        </cac:TaxScheme>
      </cac:ClassifiedTaxCategory>
    </cac:Item>
    <cac:Price>
      <cbc:PriceAmount currencyID="SEK">500</cbc:PriceAmount>
    </cac:Price>
  </cac:InvoiceLine>
</Invoice>