<?xml version="1.0" encoding="UTF-8" ?> 
<!-- 
******************************************************************************************************************
	PEPPOL BIS Billing 3 - Instance Document: Invoice	Version of this instance document: 1.0

        Testfil Faktura: Med betalningsmottagare, med många fakturarader (test sidbrytning)
        Ref: Kammarkollegiet, test av fakturautskrift
	
******************************************************************************************************************
-->

<Invoice xmlns="urn:oasis:names:specification:ubl:schema:xsd:Invoice-2" xmlns:cac="urn:oasis:names:specification:ubl:schema:xsd:CommonAggregateComponents-2" xmlns:cbc="urn:oasis:names:specification:ubl:schema:xsd:CommonBasicComponents-2" xmlns:ccts="urn:un:unece:uncefact:documentation:2" xmlns:qdt="urn:oasis:names:specification:ubl:schema:xsd:QualifiedDatatypes-2" xmlns:udt="urn:un:unece:uncefact:data:specification:UnqualifiedDataTypesSchemaModule:2">

  <cbc:CustomizationID>urn:cen.eu:en16931:2017#compliant#urn:fdc:peppol.eu:2017:poacc:billing:3.0</cbc:CustomizationID>
  <cbc:ProfileID>urn:fdc:peppol.eu:2017:poacc:billing:01:1.0</cbc:ProfileID>
  <cbc:ID>101000330</cbc:ID>
  <cbc:IssueDate>2017-09-20</cbc:IssueDate>
  <cbc:DueDate>2017-10-20</cbc:DueDate>
  <cbc:InvoiceTypeCode>380</cbc:InvoiceTypeCode>
  <cbc:DocumentCurrencyCode>SEK</cbc:DocumentCurrencyCode>
  <cbc:BuyerReference>BEBE</cbc:BuyerReference>

  <cac:InvoicePeriod>
    <cbc:StartDate>2017-08-01</cbc:StartDate>
    <cbc:EndDate>2017-08-31</cbc:EndDate>
  </cac:InvoicePeriod>
  <cac:ContractDocumentReference>
    <cbc:ID>Avtal-dnr 321/123</cbc:ID>
  </cac:ContractDocumentReference>
  <cac:AdditionalDocumentReference>
    <cbc:ID>101</cbc:ID>
    <cbc:DocumentDescription>AQY Filidentifiering nummer (print)</cbc:DocumentDescription>
  </cac:AdditionalDocumentReference>
  <cac:AdditionalDocumentReference>
    <cbc:ID>3434343434</cbc:ID>
    <cbc:DocumentDescription>IT Säljarens kundnummer</cbc:DocumentDescription>
  </cac:AdditionalDocumentReference>

  <cac:AccountingSupplierParty>
    <cac:Party>
      <cac:PostalAddress>
        <cbc:StreetName>Utställargatan 123 A</cbc:StreetName>
        <cbc:AdditionalStreetName>Utställarbox 1234512</cbc:AdditionalStreetName>
        <cbc:CityName>Utställarby</cbc:CityName>
        <cbc:PostalZone>12345</cbc:PostalZone>
        <cac:Country>
          <cbc:IdentificationCode>SE</cbc:IdentificationCode>
        </cac:Country>
      </cac:PostalAddress>
      <cac:PartyTaxScheme>
        <!-- Svenskt VAT-nummer visas utan redigering vid visning/utskrift: -->
        <cbc:CompanyID>SE123412123401</cbc:CompanyID>
        <cac:TaxScheme>
          <cbc:ID>VAT</cbc:ID>
        </cac:TaxScheme>
      </cac:PartyTaxScheme>
      <cac:PartyTaxScheme>
        <cbc:CompanyID>Godkänd för F-skatt</cbc:CompanyID>
        <cac:TaxScheme>
          <cbc:ID>TAX</cbc:ID>
        </cac:TaxScheme>
      </cac:PartyTaxScheme>
      <cac:PartyLegalEntity>
        <cbc:RegistrationName>Fakturautställarverket</cbc:RegistrationName>
        <!-- Svenskt organisationsnummer redigeras enligt mallen "123456-7890" vid visning/utskrift: -->
        <cbc:CompanyID schemeID="0007">1234121234</cbc:CompanyID>
        <cbc:CompanyLegalForm>Säte: Utställarstaden</cbc:CompanyLegalForm>
      </cac:PartyLegalEntity>
      <cac:Contact>
        <cbc:Name>Filip "Test" Fakturautställare</cbc:Name>
        <!-- Svenskt telefonnummer redigeras enligt mallen "X" vid visning/utskrift: -->
        <cbc:Telephone>+4612341234</cbc:Telephone>
        <cbc:ElectronicMail>test@fakturautstallarverket.se</cbc:ElectronicMail>
      </cac:Contact>
    </cac:Party>
  </cac:AccountingSupplierParty>

  <cac:AccountingCustomerParty>
    <cac:Party>
      <cac:PostalAddress>
        <cbc:StreetName>Mottagargatan 56</cbc:StreetName>
        <cbc:AdditionalStreetName>Mottagarbox 56789</cbc:AdditionalStreetName>
        <cbc:CityName>Mottagarby</cbc:CityName>
        <cbc:PostalZone>56790</cbc:PostalZone>
        <cac:Country>
          <cbc:IdentificationCode>SE</cbc:IdentificationCode>
        </cac:Country>
      </cac:PostalAddress>
      <cac:PartyLegalEntity>
        <cbc:RegistrationName>Fakturamottagarföretaget AB</cbc:RegistrationName>
      </cac:PartyLegalEntity>
      <cac:Contact>
        <cbc:Name>Berit "Test" Beställarsson</cbc:Name>
      </cac:Contact>
    </cac:Party>
  </cac:AccountingCustomerParty>

  <cac:PaymentMeans>
    <cbc:PaymentMeansCode>30</cbc:PaymentMeansCode>
    <cac:PayeeFinancialAccount>
      <!-- Svenskt bankgironummer redigeras enligt mallen "123-4567" eller "1234-5678" vid visning/utskrift: -->
      <cbc:ID>5678901</cbc:ID>
      <cac:FinancialInstitutionBranch>
        <cbc:ID>SE:BANKGIRO</cbc:ID>
      </cac:FinancialInstitutionBranch>
    </cac:PayeeFinancialAccount>
  </cac:PaymentMeans>
  <cac:PaymentTerms>
    <cbc:Note>Dröjsmålsränta: referensräntan + 8%. </cbc:Note>
  </cac:PaymentTerms>

  <cac:TaxTotal>
    <cbc:TaxAmount currencyID="SEK">4875</cbc:TaxAmount>
    <cac:TaxSubtotal>
      <cbc:TaxableAmount currencyID="SEK">19500</cbc:TaxableAmount>
      <cbc:TaxAmount currencyID="SEK">4875</cbc:TaxAmount>
      <cac:TaxCategory>
        <cbc:ID>S</cbc:ID>
        <cbc:Percent>25</cbc:Percent>
        <cac:TaxScheme>
          <cbc:ID>VAT</cbc:ID>
        </cac:TaxScheme>
      </cac:TaxCategory>
    </cac:TaxSubtotal>
  </cac:TaxTotal>
  <cac:LegalMonetaryTotal>
    <cbc:LineExtensionAmount currencyID="SEK">19500</cbc:LineExtensionAmount>
    <cbc:TaxExclusiveAmount currencyID="SEK">19500</cbc:TaxExclusiveAmount>
    <cbc:TaxInclusiveAmount currencyID="SEK">24375</cbc:TaxInclusiveAmount>
    <cbc:PayableAmount currencyID="SEK">24375</cbc:PayableAmount>
  </cac:LegalMonetaryTotal>

  <cac:InvoiceLine>
    <cbc:ID>1</cbc:ID>
    <cbc:InvoicedQuantity unitCode="HUR">1</cbc:InvoicedQuantity>
    <cbc:LineExtensionAmount currencyID="SEK">500</cbc:LineExtensionAmount>
    <cac:Item>
      <cbc:Name>Daglig tillsyn</cbc:Name>
      <cac:SellersItemIdentification>
        <cbc:ID>T123</cbc:ID>
      </cac:SellersItemIdentification>
      <cac:ClassifiedTaxCategory>
        <cbc:ID>S</cbc:ID>
        <cbc:Percent>25</cbc:Percent>
        <cac:TaxScheme>
          <cbc:ID>VAT</cbc:ID>
        </cac:TaxScheme>
      </cac:ClassifiedTaxCategory>
    </cac:Item>
    <cac:Price>
      <cbc:PriceAmount currencyID="SEK">500</cbc:PriceAmount>
    </cac:Price>
  </cac:InvoiceLine>
  <cac:InvoiceLine>
    <cbc:ID>2</cbc:ID>
    <cbc:InvoicedQuantity unitCode="HUR">1</cbc:InvoicedQuantity>
    <cbc:LineExtensionAmount currencyID="SEK">500</cbc:LineExtensionAmount>
    <cac:Item>
      <cbc:Name>Daglig tillsyn</cbc:Name>
      <cac:SellersItemIdentification>
        <cbc:ID>T123</cbc:ID>
      </cac:SellersItemIdentification>
      <cac:ClassifiedTaxCategory>
        <cbc:ID>S</cbc:ID>
        <cbc:Percent>25</cbc:Percent>
        <cac:TaxScheme>
          <cbc:ID>VAT</cbc:ID>
        </cac:TaxScheme>
      </cac:ClassifiedTaxCategory>
    </cac:Item>
    <cac:Price>
      <cbc:PriceAmount currencyID="SEK">500</cbc:PriceAmount>
    </cac:Price>
  </cac:InvoiceLine>
  <cac:InvoiceLine>
    <cbc:ID>3</cbc:ID>
    <cbc:InvoicedQuantity unitCode="HUR">1</cbc:InvoicedQuantity>
    <cbc:LineExtensionAmount currencyID="SEK">500</cbc:LineExtensionAmount>
    <cac:Item>
      <cbc:Name>Daglig tillsyn</cbc:Name>
      <cac:SellersItemIdentification>
        <cbc:ID>T123</cbc:ID>
      </cac:SellersItemIdentification>
      <cac:ClassifiedTaxCategory>
        <cbc:ID>S</cbc:ID>
        <cbc:Percent>25</cbc:Percent>
        <cac:TaxScheme>
          <cbc:ID>VAT</cbc:ID>
        </cac:TaxScheme>
      </cac:ClassifiedTaxCategory>
    </cac:Item>
    <cac:Price>
      <cbc:PriceAmount currencyID="SEK">500</cbc:PriceAmount>
    </cac:Price>
  </cac:InvoiceLine>
  <cac:InvoiceLine>
    <cbc:ID>4</cbc:ID>
    <cbc:InvoicedQuantity unitCode="HUR">1</cbc:InvoicedQuantity>
    <cbc:LineExtensionAmount currencyID="SEK">500</cbc:LineExtensionAmount>
    <cac:Item>
      <cbc:Name>Daglig tillsyn</cbc:Name>
      <cac:SellersItemIdentification>
        <cbc:ID>T123</cbc:ID>
      </cac:SellersItemIdentification>
      <cac:ClassifiedTaxCategory>
        <cbc:ID>S</cbc:ID>
        <cbc:Percent>25</cbc:Percent>
        <cac:TaxScheme>
          <cbc:ID>VAT</cbc:ID>
        </cac:TaxScheme>
      </cac:ClassifiedTaxCategory>
    </cac:Item>
    <cac:Price>
      <cbc:PriceAmount currencyID="SEK">500</cbc:PriceAmount>
    </cac:Price>
  </cac:InvoiceLine>
  <cac:InvoiceLine>
    <cbc:ID>5</cbc:ID>
    <cbc:InvoicedQuantity unitCode="HUR">1</cbc:InvoicedQuantity>
    <cbc:LineExtensionAmount currencyID="SEK">1000</cbc:LineExtensionAmount>
    <cac:Item>
      <cbc:Description>Veckoslutstillägg 100%</cbc:Description>
      <cbc:Name>Veckoslutstillsyn lördag</cbc:Name>
      <cac:SellersItemIdentification>
        <cbc:ID>T222-L</cbc:ID>
      </cac:SellersItemIdentification>
      <cac:ClassifiedTaxCategory>
        <cbc:ID>S</cbc:ID>
        <cbc:Percent>25</cbc:Percent>
        <cac:TaxScheme>
          <cbc:ID>VAT</cbc:ID>
        </cac:TaxScheme>
      </cac:ClassifiedTaxCategory>
    </cac:Item>
    <cac:Price>
      <cbc:PriceAmount currencyID="SEK">1000</cbc:PriceAmount>
    </cac:Price>
  </cac:InvoiceLine>
  <cac:InvoiceLine>
    <cbc:ID>6</cbc:ID>
    <cbc:InvoicedQuantity unitCode="HUR">1</cbc:InvoicedQuantity>
    <cbc:LineExtensionAmount currencyID="SEK">1000</cbc:LineExtensionAmount>
    <cac:Item>
      <cbc:Description>Veckoslutstillägg 100%</cbc:Description>
      <cbc:Name>Veckoslutstillsyn söndag</cbc:Name>
      <cac:SellersItemIdentification>
        <cbc:ID>T333-S</cbc:ID>
      </cac:SellersItemIdentification>
      <cac:ClassifiedTaxCategory>
        <cbc:ID>S</cbc:ID>
        <cbc:Percent>25</cbc:Percent>
        <cac:TaxScheme>
          <cbc:ID>VAT</cbc:ID>
        </cac:TaxScheme>
      </cac:ClassifiedTaxCategory>
    </cac:Item>
    <cac:Price>
      <cbc:PriceAmount currencyID="SEK">1000</cbc:PriceAmount>
    </cac:Price>
  </cac:InvoiceLine>
  <cac:InvoiceLine>
    <cbc:ID>7</cbc:ID>
    <cbc:InvoicedQuantity unitCode="HUR">1</cbc:InvoicedQuantity>
    <cbc:LineExtensionAmount currencyID="SEK">500</cbc:LineExtensionAmount>
    <cac:Item>
      <cbc:Name>Daglig tillsyn</cbc:Name>
      <cac:SellersItemIdentification>
        <cbc:ID>T123</cbc:ID>
      </cac:SellersItemIdentification>
      <cac:ClassifiedTaxCategory>
        <cbc:ID>S</cbc:ID>
        <cbc:Percent>25</cbc:Percent>
        <cac:TaxScheme>
          <cbc:ID>VAT</cbc:ID>
        </cac:TaxScheme>
      </cac:ClassifiedTaxCategory>
    </cac:Item>
    <cac:Price>
      <cbc:PriceAmount currencyID="SEK">500</cbc:PriceAmount>
    </cac:Price>
  </cac:InvoiceLine>
  <cac:InvoiceLine>
    <cbc:ID>8</cbc:ID>
    <cbc:InvoicedQuantity unitCode="HUR">1</cbc:InvoicedQuantity>
    <cbc:LineExtensionAmount currencyID="SEK">500</cbc:LineExtensionAmount>
    <cac:Item>
      <cbc:Name>Daglig tillsyn</cbc:Name>
      <cac:SellersItemIdentification>
        <cbc:ID>T123</cbc:ID>
      </cac:SellersItemIdentification>
      <cac:ClassifiedTaxCategory>
        <cbc:ID>S</cbc:ID>
        <cbc:Percent>25</cbc:Percent>
        <cac:TaxScheme>
          <cbc:ID>VAT</cbc:ID>
        </cac:TaxScheme>
      </cac:ClassifiedTaxCategory>
    </cac:Item>
    <cac:Price>
      <cbc:PriceAmount currencyID="SEK">500</cbc:PriceAmount>
    </cac:Price>
  </cac:InvoiceLine>
  <cac:InvoiceLine>
    <cbc:ID>9</cbc:ID>
    <cbc:InvoicedQuantity unitCode="HUR">1</cbc:InvoicedQuantity>
    <cbc:LineExtensionAmount currencyID="SEK">500</cbc:LineExtensionAmount>
    <cac:Item>
      <cbc:Name>Daglig tillsyn</cbc:Name>
      <cac:SellersItemIdentification>
        <cbc:ID>T123</cbc:ID>
      </cac:SellersItemIdentification>
      <cac:ClassifiedTaxCategory>
        <cbc:ID>S</cbc:ID>
        <cbc:Percent>25</cbc:Percent>
        <cac:TaxScheme>
          <cbc:ID>VAT</cbc:ID>
        </cac:TaxScheme>
      </cac:ClassifiedTaxCategory>
    </cac:Item>
    <cac:Price>
      <cbc:PriceAmount currencyID="SEK">500</cbc:PriceAmount>
    </cac:Price>
  </cac:InvoiceLine>
  <cac:InvoiceLine>
    <cbc:ID>10</cbc:ID>
    <cbc:InvoicedQuantity unitCode="HUR">1</cbc:InvoicedQuantity>
    <cbc:LineExtensionAmount currencyID="SEK">500</cbc:LineExtensionAmount>
    <cac:Item>
      <cbc:Name>Daglig tillsyn</cbc:Name>
      <cac:SellersItemIdentification>
        <cbc:ID>T123</cbc:ID>
      </cac:SellersItemIdentification>
      <cac:ClassifiedTaxCategory>
        <cbc:ID>S</cbc:ID>
        <cbc:Percent>25</cbc:Percent>
        <cac:TaxScheme>
          <cbc:ID>VAT</cbc:ID>
        </cac:TaxScheme>
      </cac:ClassifiedTaxCategory>
    </cac:Item>
    <cac:Price>
      <cbc:PriceAmount currencyID="SEK">500</cbc:PriceAmount>
    </cac:Price>
  </cac:InvoiceLine>
  <cac:InvoiceLine>
    <cbc:ID>11</cbc:ID>
    <cbc:InvoicedQuantity unitCode="HUR">1</cbc:InvoicedQuantity>
    <cbc:LineExtensionAmount currencyID="SEK">500</cbc:LineExtensionAmount>
    <cac:Item>
      <cbc:Name>Daglig tillsyn</cbc:Name>
      <cac:SellersItemIdentification>
        <cbc:ID>T123</cbc:ID>
      </cac:SellersItemIdentification>
      <cac:ClassifiedTaxCategory>
        <cbc:ID>S</cbc:ID>
        <cbc:Percent>25</cbc:Percent>
        <cac:TaxScheme>
          <cbc:ID>VAT</cbc:ID>
        </cac:TaxScheme>
      </cac:ClassifiedTaxCategory>
    </cac:Item>
    <cac:Price>
      <cbc:PriceAmount currencyID="SEK">500</cbc:PriceAmount>
    </cac:Price>
  </cac:InvoiceLine>
  <cac:InvoiceLine>
    <cbc:ID>12</cbc:ID>
    <cbc:InvoicedQuantity unitCode="HUR">1</cbc:InvoicedQuantity>
    <cbc:LineExtensionAmount currencyID="SEK">1000</cbc:LineExtensionAmount>
    <cac:Item>
      <cbc:Description>Veckoslutstillägg 100%</cbc:Description>
      <cbc:Name>Veckoslutstillsyn lördag</cbc:Name>
      <cac:SellersItemIdentification>
        <cbc:ID>T222-L</cbc:ID>
      </cac:SellersItemIdentification>
      <cac:ClassifiedTaxCategory>
        <cbc:ID>S</cbc:ID>
        <cbc:Percent>25</cbc:Percent>
        <cac:TaxScheme>
          <cbc:ID>VAT</cbc:ID>
        </cac:TaxScheme>
      </cac:ClassifiedTaxCategory>
    </cac:Item>
    <cac:Price>
      <cbc:PriceAmount currencyID="SEK">1000</cbc:PriceAmount>
    </cac:Price>
  </cac:InvoiceLine>
  <cac:InvoiceLine>
    <cbc:ID>13</cbc:ID>
    <cbc:InvoicedQuantity unitCode="HUR">1</cbc:InvoicedQuantity>
    <cbc:LineExtensionAmount currencyID="SEK">1000</cbc:LineExtensionAmount>
    <cac:Item>
      <cbc:Description>Veckoslutstillägg 100%</cbc:Description>
      <cbc:Name>Veckoslutstillsyn söndag</cbc:Name>
      <cac:SellersItemIdentification>
        <cbc:ID>T333-S</cbc:ID>
      </cac:SellersItemIdentification>
      <cac:ClassifiedTaxCategory>
        <cbc:ID>S</cbc:ID>
        <cbc:Percent>25</cbc:Percent>
        <cac:TaxScheme>
          <cbc:ID>VAT</cbc:ID>
        </cac:TaxScheme>
      </cac:ClassifiedTaxCategory>
    </cac:Item>
    <cac:Price>
      <cbc:PriceAmount currencyID="SEK">1000</cbc:PriceAmount>
    </cac:Price>
  </cac:InvoiceLine>
  <cac:InvoiceLine>
    <cbc:ID>14</cbc:ID>
    <cbc:InvoicedQuantity unitCode="HUR">1</cbc:InvoicedQuantity>
    <cbc:LineExtensionAmount currencyID="SEK">500</cbc:LineExtensionAmount>
    <cac:Item>
      <cbc:Name>Daglig tillsyn</cbc:Name>
      <cac:SellersItemIdentification>
        <cbc:ID>T123</cbc:ID>
      </cac:SellersItemIdentification>
      <cac:ClassifiedTaxCategory>
        <cbc:ID>S</cbc:ID>
        <cbc:Percent>25</cbc:Percent>
        <cac:TaxScheme>
          <cbc:ID>VAT</cbc:ID>
        </cac:TaxScheme>
      </cac:ClassifiedTaxCategory>
    </cac:Item>
    <cac:Price>
      <cbc:PriceAmount currencyID="SEK">500</cbc:PriceAmount>
    </cac:Price>
  </cac:InvoiceLine>
  <cac:InvoiceLine>
    <cbc:ID>15</cbc:ID>
    <cbc:InvoicedQuantity unitCode="HUR">1</cbc:InvoicedQuantity>
    <cbc:LineExtensionAmount currencyID="SEK">500</cbc:LineExtensionAmount>
    <cac:Item>
      <cbc:Name>Daglig tillsyn</cbc:Name>
      <cac:SellersItemIdentification>
        <cbc:ID>T123</cbc:ID>
      </cac:SellersItemIdentification>
      <cac:ClassifiedTaxCategory>
        <cbc:ID>S</cbc:ID>
        <cbc:Percent>25</cbc:Percent>
        <cac:TaxScheme>
          <cbc:ID>VAT</cbc:ID>
        </cac:TaxScheme>
      </cac:ClassifiedTaxCategory>
    </cac:Item>
    <cac:Price>
      <cbc:PriceAmount currencyID="SEK">500</cbc:PriceAmount>
    </cac:Price>
  </cac:InvoiceLine>
  <cac:InvoiceLine>
    <cbc:ID>16</cbc:ID>
    <cbc:InvoicedQuantity unitCode="HUR">1</cbc:InvoicedQuantity>
    <cbc:LineExtensionAmount currencyID="SEK">500</cbc:LineExtensionAmount>
    <cac:Item>
      <cbc:Name>Daglig tillsyn</cbc:Name>
      <cac:SellersItemIdentification>
        <cbc:ID>T123</cbc:ID>
      </cac:SellersItemIdentification>
      <cac:ClassifiedTaxCategory>
        <cbc:ID>S</cbc:ID>
        <cbc:Percent>25</cbc:Percent>
        <cac:TaxScheme>
          <cbc:ID>VAT</cbc:ID>
        </cac:TaxScheme>
      </cac:ClassifiedTaxCategory>
    </cac:Item>
    <cac:Price>
      <cbc:PriceAmount currencyID="SEK">500</cbc:PriceAmount>
    </cac:Price>
  </cac:InvoiceLine>
  <cac:InvoiceLine>
    <cbc:ID>17</cbc:ID>
    <cbc:InvoicedQuantity unitCode="HUR">1</cbc:InvoicedQuantity>
    <cbc:LineExtensionAmount currencyID="SEK">500</cbc:LineExtensionAmount>
    <cac:Item>
      <cbc:Name>Daglig tillsyn</cbc:Name>
      <cac:SellersItemIdentification>
        <cbc:ID>T123</cbc:ID>
      </cac:SellersItemIdentification>
      <cac:ClassifiedTaxCategory>
        <cbc:ID>S</cbc:ID>
        <cbc:Percent>25</cbc:Percent>
        <cac:TaxScheme>
          <cbc:ID>VAT</cbc:ID>
        </cac:TaxScheme>
      </cac:ClassifiedTaxCategory>
    </cac:Item>
    <cac:Price>
      <cbc:PriceAmount currencyID="SEK">500</cbc:PriceAmount>
    </cac:Price>
  </cac:InvoiceLine>
  <cac:InvoiceLine>
    <cbc:ID>18</cbc:ID>
    <cbc:InvoicedQuantity unitCode="HUR">1</cbc:InvoicedQuantity>
    <cbc:LineExtensionAmount currencyID="SEK">500</cbc:LineExtensionAmount>
    <cac:Item>
      <cbc:Name>Daglig tillsyn</cbc:Name>
      <cac:SellersItemIdentification>
        <cbc:ID>T123</cbc:ID>
      </cac:SellersItemIdentification>
      <cac:ClassifiedTaxCategory>
        <cbc:ID>S</cbc:ID>
        <cbc:Percent>25</cbc:Percent>
        <cac:TaxScheme>
          <cbc:ID>VAT</cbc:ID>
        </cac:TaxScheme>
      </cac:ClassifiedTaxCategory>
    </cac:Item>
    <cac:Price>
      <cbc:PriceAmount currencyID="SEK">500</cbc:PriceAmount>
    </cac:Price>
  </cac:InvoiceLine>
  <cac:InvoiceLine>
    <cbc:ID>19</cbc:ID>
    <cbc:InvoicedQuantity unitCode="HUR">1</cbc:InvoicedQuantity>
    <cbc:LineExtensionAmount currencyID="SEK">1000</cbc:LineExtensionAmount>
    <cac:Item>
      <cbc:Description>Veckoslutstillägg 100%</cbc:Description>
      <cbc:Name>Veckoslutstillsyn lördag</cbc:Name>
      <cac:SellersItemIdentification>
        <cbc:ID>T222-L</cbc:ID>
      </cac:SellersItemIdentification>
      <cac:ClassifiedTaxCategory>
        <cbc:ID>S</cbc:ID>
        <cbc:Percent>25</cbc:Percent>
        <cac:TaxScheme>
          <cbc:ID>VAT</cbc:ID>
        </cac:TaxScheme>
      </cac:ClassifiedTaxCategory>
    </cac:Item>
    <cac:Price>
      <cbc:PriceAmount currencyID="SEK">1000</cbc:PriceAmount>
    </cac:Price>
  </cac:InvoiceLine>
  <cac:InvoiceLine>
    <cbc:ID>20</cbc:ID>
    <cbc:InvoicedQuantity unitCode="HUR">1</cbc:InvoicedQuantity>
    <cbc:LineExtensionAmount currencyID="SEK">1000</cbc:LineExtensionAmount>
    <cac:Item>
      <cbc:Description>Veckoslutstillägg 100%</cbc:Description>
      <cbc:Name>Veckoslutstillsyn söndag</cbc:Name>
      <cac:SellersItemIdentification>
        <cbc:ID>T333-S</cbc:ID>
      </cac:SellersItemIdentification>
      <cac:ClassifiedTaxCategory>
        <cbc:ID>S</cbc:ID>
        <cbc:Percent>25</cbc:Percent>
        <cac:TaxScheme>
          <cbc:ID>VAT</cbc:ID>
        </cac:TaxScheme>
      </cac:ClassifiedTaxCategory>
    </cac:Item>
    <cac:Price>
      <cbc:PriceAmount currencyID="SEK">1000</cbc:PriceAmount>
    </cac:Price>
  </cac:InvoiceLine>
  <cac:InvoiceLine>
    <cbc:ID>21</cbc:ID>
    <cbc:InvoicedQuantity unitCode="HUR">1</cbc:InvoicedQuantity>
    <cbc:LineExtensionAmount currencyID="SEK">500</cbc:LineExtensionAmount>
    <cac:Item>
      <cbc:Name>Daglig tillsyn</cbc:Name>
      <cac:SellersItemIdentification>
        <cbc:ID>T123</cbc:ID>
      </cac:SellersItemIdentification>
      <cac:ClassifiedTaxCategory>
        <cbc:ID>S</cbc:ID>
        <cbc:Percent>25</cbc:Percent>
        <cac:TaxScheme>
          <cbc:ID>VAT</cbc:ID>
        </cac:TaxScheme>
      </cac:ClassifiedTaxCategory>
    </cac:Item>
    <cac:Price>
      <cbc:PriceAmount currencyID="SEK">500</cbc:PriceAmount>
    </cac:Price>
  </cac:InvoiceLine>
  <cac:InvoiceLine>
    <cbc:ID>22</cbc:ID>
    <cbc:InvoicedQuantity unitCode="HUR">1</cbc:InvoicedQuantity>
    <cbc:LineExtensionAmount currencyID="SEK">500</cbc:LineExtensionAmount>
    <cac:Item>
      <cbc:Name>Daglig tillsyn</cbc:Name>
      <cac:SellersItemIdentification>
        <cbc:ID>T123</cbc:ID>
      </cac:SellersItemIdentification>
      <cac:ClassifiedTaxCategory>
        <cbc:ID>S</cbc:ID>
        <cbc:Percent>25</cbc:Percent>
        <cac:TaxScheme>
          <cbc:ID>VAT</cbc:ID>
        </cac:TaxScheme>
      </cac:ClassifiedTaxCategory>
    </cac:Item>
    <cac:Price>
      <cbc:PriceAmount currencyID="SEK">500</cbc:PriceAmount>
    </cac:Price>
  </cac:InvoiceLine>
  <cac:InvoiceLine>
    <cbc:ID>23</cbc:ID>
    <cbc:InvoicedQuantity unitCode="HUR">1</cbc:InvoicedQuantity>
    <cbc:LineExtensionAmount currencyID="SEK">500</cbc:LineExtensionAmount>
    <cac:Item>
      <cbc:Name>Daglig tillsyn</cbc:Name>
      <cac:SellersItemIdentification>
        <cbc:ID>T123</cbc:ID>
      </cac:SellersItemIdentification>
      <cac:ClassifiedTaxCategory>
        <cbc:ID>S</cbc:ID>
        <cbc:Percent>25</cbc:Percent>
        <cac:TaxScheme>
          <cbc:ID>VAT</cbc:ID>
        </cac:TaxScheme>
      </cac:ClassifiedTaxCategory>
    </cac:Item>
    <cac:Price>
      <cbc:PriceAmount currencyID="SEK">500</cbc:PriceAmount>
    </cac:Price>
  </cac:InvoiceLine>
  <cac:InvoiceLine>
    <cbc:ID>24</cbc:ID>
    <cbc:InvoicedQuantity unitCode="HUR">1</cbc:InvoicedQuantity>
    <cbc:LineExtensionAmount currencyID="SEK">500</cbc:LineExtensionAmount>
    <cac:Item>
      <cbc:Name>Daglig tillsyn</cbc:Name>
      <cac:SellersItemIdentification>
        <cbc:ID>T123</cbc:ID>
      </cac:SellersItemIdentification>
      <cac:ClassifiedTaxCategory>
        <cbc:ID>S</cbc:ID>
        <cbc:Percent>25</cbc:Percent>
        <cac:TaxScheme>
          <cbc:ID>VAT</cbc:ID>
        </cac:TaxScheme>
      </cac:ClassifiedTaxCategory>
    </cac:Item>
    <cac:Price>
      <cbc:PriceAmount currencyID="SEK">500</cbc:PriceAmount>
    </cac:Price>
  </cac:InvoiceLine>
  <cac:InvoiceLine>
    <cbc:ID>25</cbc:ID>
    <cbc:InvoicedQuantity unitCode="HUR">1</cbc:InvoicedQuantity>
    <cbc:LineExtensionAmount currencyID="SEK">500</cbc:LineExtensionAmount>
    <cac:Item>
      <cbc:Name>Daglig tillsyn</cbc:Name>
      <cac:SellersItemIdentification>
        <cbc:ID>T123</cbc:ID>
      </cac:SellersItemIdentification>
      <cac:ClassifiedTaxCategory>
        <cbc:ID>S</cbc:ID>
        <cbc:Percent>25</cbc:Percent>
        <cac:TaxScheme>
          <cbc:ID>VAT</cbc:ID>
        </cac:TaxScheme>
      </cac:ClassifiedTaxCategory>
    </cac:Item>
    <cac:Price>
      <cbc:PriceAmount currencyID="SEK">500</cbc:PriceAmount>
    </cac:Price>
  </cac:InvoiceLine>
  <cac:InvoiceLine>
    <cbc:ID>26</cbc:ID>
    <cbc:InvoicedQuantity unitCode="HUR">1</cbc:InvoicedQuantity>
    <cbc:LineExtensionAmount currencyID="SEK">1000</cbc:LineExtensionAmount>
    <cac:Item>
      <cbc:Description>Veckoslutstillägg 100%</cbc:Description>
      <cbc:Name>Veckoslutstillsyn lördag</cbc:Name>
      <cac:SellersItemIdentification>
        <cbc:ID>T222-L</cbc:ID>
      </cac:SellersItemIdentification>
      <cac:ClassifiedTaxCategory>
        <cbc:ID>S</cbc:ID>
        <cbc:Percent>25</cbc:Percent>
        <cac:TaxScheme>
          <cbc:ID>VAT</cbc:ID>
        </cac:TaxScheme>
      </cac:ClassifiedTaxCategory>
    </cac:Item>
    <cac:Price>
      <cbc:PriceAmount currencyID="SEK">1000</cbc:PriceAmount>
    </cac:Price>
  </cac:InvoiceLine>
  <cac:InvoiceLine>
    <cbc:ID>27</cbc:ID>
    <cbc:InvoicedQuantity unitCode="HUR">1</cbc:InvoicedQuantity>
    <cbc:LineExtensionAmount currencyID="SEK">1000</cbc:LineExtensionAmount>
    <cac:Item>
      <cbc:Description>Veckoslutstillägg 100%</cbc:Description>
      <cbc:Name>Veckoslutstillsyn söndag</cbc:Name>
      <cac:SellersItemIdentification>
        <cbc:ID>T333-S</cbc:ID>
      </cac:SellersItemIdentification>
      <cac:ClassifiedTaxCategory>
        <cbc:ID>S</cbc:ID>
        <cbc:Percent>25</cbc:Percent>
        <cac:TaxScheme>
          <cbc:ID>VAT</cbc:ID>
        </cac:TaxScheme>
      </cac:ClassifiedTaxCategory>
    </cac:Item>
    <cac:Price>
      <cbc:PriceAmount currencyID="SEK">1000</cbc:PriceAmount>
    </cac:Price>
  </cac:InvoiceLine>
  <cac:InvoiceLine>
    <cbc:ID>28</cbc:ID>
    <cbc:InvoicedQuantity unitCode="HUR">1</cbc:InvoicedQuantity>
    <cbc:LineExtensionAmount currencyID="SEK">500</cbc:LineExtensionAmount>
    <cac:Item>
      <cbc:Name>Daglig tillsyn</cbc:Name>
      <cac:SellersItemIdentification>
        <cbc:ID>T123</cbc:ID>
      </cac:SellersItemIdentification>
      <cac:ClassifiedTaxCategory>
        <cbc:ID>S</cbc:ID>
        <cbc:Percent>25</cbc:Percent>
        <cac:TaxScheme>
          <cbc:ID>VAT</cbc:ID>
        </cac:TaxScheme>
      </cac:ClassifiedTaxCategory>
    </cac:Item>
    <cac:Price>
      <cbc:PriceAmount currencyID="SEK">500</cbc:PriceAmount>
    </cac:Price>
  </cac:InvoiceLine>
  <cac:InvoiceLine>
    <cbc:ID>29</cbc:ID>
    <cbc:InvoicedQuantity unitCode="HUR">1</cbc:InvoicedQuantity>
    <cbc:LineExtensionAmount currencyID="SEK">500</cbc:LineExtensionAmount>
    <cac:Item>
      <cbc:Name>Daglig tillsyn</cbc:Name>
      <cac:SellersItemIdentification>
        <cbc:ID>T123</cbc:ID>
      </cac:SellersItemIdentification>
      <cac:ClassifiedTaxCategory>
        <cbc:ID>S</cbc:ID>
        <cbc:Percent>25</cbc:Percent>
        <cac:TaxScheme>
          <cbc:ID>VAT</cbc:ID>
        </cac:TaxScheme>
      </cac:ClassifiedTaxCategory>
    </cac:Item>
    <cac:Price>
      <cbc:PriceAmount currencyID="SEK">500</cbc:PriceAmount>
    </cac:Price>
  </cac:InvoiceLine>
  <cac:InvoiceLine>
    <cbc:ID>30</cbc:ID>
    <cbc:InvoicedQuantity unitCode="HUR">1</cbc:InvoicedQuantity>
    <cbc:LineExtensionAmount currencyID="SEK">500</cbc:LineExtensionAmount>
    <cac:Item>
      <cbc:Name>Daglig tillsyn</cbc:Name>
      <cac:SellersItemIdentification>
        <cbc:ID>T123</cbc:ID>
      </cac:SellersItemIdentification>
      <cac:ClassifiedTaxCategory>
        <cbc:ID>S</cbc:ID>
        <cbc:Percent>25</cbc:Percent>
        <cac:TaxScheme>
          <cbc:ID>VAT</cbc:ID>
        </cac:TaxScheme>
      </cac:ClassifiedTaxCategory>
    </cac:Item>
    <cac:Price>
      <cbc:PriceAmount currencyID="SEK">500</cbc:PriceAmount>
    </cac:Price>
  </cac:InvoiceLine>
  <cac:InvoiceLine>
    <cbc:ID>31</cbc:ID>
    <cbc:InvoicedQuantity unitCode="HUR">1</cbc:InvoicedQuantity>
    <cbc:LineExtensionAmount currencyID="SEK">500</cbc:LineExtensionAmount>
    <cac:Item>
      <cbc:Name>Daglig tillsyn</cbc:Name>
      <cac:SellersItemIdentification>
        <cbc:ID>T123</cbc:ID>
      </cac:SellersItemIdentification>
      <cac:ClassifiedTaxCategory>
        <cbc:ID>S</cbc:ID>
        <cbc:Percent>25</cbc:Percent>
        <cac:TaxScheme>
          <cbc:ID>VAT</cbc:ID>
        </cac:TaxScheme>
      </cac:ClassifiedTaxCategory>
    </cac:Item>
    <cac:Price>
      <cbc:PriceAmount currencyID="SEK">500</cbc:PriceAmount>
    </cac:Price>
  </cac:InvoiceLine>

</Invoice>