<?xml version="1.0" encoding="UTF-8" ?> 
<!-- 
******************************************************************************************************************
	PEPPOL BIS Billing 3 - Instance Document: Invoice	Version of this instance document: 1.0

        Testfil Faktura (allmänt innehåll)
        Ref: Kammarkollegiet, test av fakturautskrift
	
******************************************************************************************************************
-->

<Invoice xmlns="urn:oasis:names:specification:ubl:schema:xsd:Invoice-2" xmlns:cac="urn:oasis:names:specification:ubl:schema:xsd:CommonAggregateComponents-2" xmlns:cbc="urn:oasis:names:specification:ubl:schema:xsd:CommonBasicComponents-2" xmlns:ccts="urn:un:unece:uncefact:documentation:2" xmlns:qdt="urn:oasis:names:specification:ubl:schema:xsd:QualifiedDatatypes-2" xmlns:udt="urn:un:unece:uncefact:data:specification:UnqualifiedDataTypesSchemaModule:2">

  <cbc:CustomizationID>urn:cen.eu:en16931:2017#compliant#urn:fdc:peppol.eu:2017:poacc:billing:3.0</cbc:CustomizationID>
  <cbc:ProfileID>urn:fdc:peppol.eu:2017:poacc:billing:01:1.0</cbc:ProfileID>
  <cbc:ID>101000110</cbc:ID>
  <cbc:IssueDate>2016-12-31</cbc:IssueDate>
  <cbc:DueDate>2017-01-31</cbc:DueDate>
  <cbc:InvoiceTypeCode>380</cbc:InvoiceTypeCode>
  <cbc:Note>Nästa faktureringstillfälle är 2017-02-01.</cbc:Note>
  <cbc:DocumentCurrencyCode>SEK</cbc:DocumentCurrencyCode>
  <cbc:BuyerReference>BEBE</cbc:BuyerReference>

  <cac:InvoicePeriod>
    <cbc:StartDate>2016-12-01</cbc:StartDate>
    <cbc:EndDate>2016-12-31</cbc:EndDate>
  </cac:InvoicePeriod>
  <cac:OrderReference>
    <cbc:ID>ORDERNR-12345</cbc:ID>
  </cac:OrderReference>
  <cac:ContractDocumentReference>
    <cbc:ID>AVTALSNR-12345</cbc:ID>
  </cac:ContractDocumentReference>

  <cac:AdditionalDocumentReference>
    <cbc:ID>101</cbc:ID>
    <cbc:DocumentDescription>AQY Filidentifiering nummer (print)</cbc:DocumentDescription>
  </cac:AdditionalDocumentReference>
  <cac:AdditionalDocumentReference>
    <cbc:ID>3434343434</cbc:ID>
    <cbc:DocumentDescription>IT Säljarens kundnummer</cbc:DocumentDescription>
  </cac:AdditionalDocumentReference>

  <cac:AccountingSupplierParty>
    <cac:Party>
      <cac:PartyIdentification>
        <cbc:ID schemeID="0088">7300010000001</cbc:ID >
      </cac:PartyIdentification>
      <cac:PartyName>
        <cbc:Name>"Faktureringsverket"</cbc:Name>
      </cac:PartyName>
      <cac:PostalAddress>
        <cbc:StreetName>Utställargatan 123 A</cbc:StreetName>
        <cbc:AdditionalStreetName>Utställarbox 1234512</cbc:AdditionalStreetName>
        <cbc:CityName>Utställarby</cbc:CityName>
        <cbc:PostalZone>12345</cbc:PostalZone>
        <cac:Country>
          <cbc:IdentificationCode>SE</cbc:IdentificationCode>
        </cac:Country>
      </cac:PostalAddress>
      <cac:PartyTaxScheme>
        <!-- Svenskt VAT-nummer visas utan redigering vid visning/utskrift: -->
        <cbc:CompanyID>SE123412123401</cbc:CompanyID>
        <cac:TaxScheme>
          <cbc:ID>VAT</cbc:ID>
        </cac:TaxScheme>
      </cac:PartyTaxScheme>
      <cac:PartyTaxScheme>
        <cbc:CompanyID>Godkänd för F-skatt</cbc:CompanyID>
        <cac:TaxScheme>
          <cbc:ID>TAX</cbc:ID>
        </cac:TaxScheme>
      </cac:PartyTaxScheme>
      <cac:PartyLegalEntity>
        <cbc:RegistrationName>Fakturautställarverket</cbc:RegistrationName>
        <!-- Svenskt organisationsnummer redigeras enligt mallen "123456-7890" vid visning/utskrift: -->
        <cbc:CompanyID schemeID="0007">1234121234</cbc:CompanyID>
        <cbc:CompanyLegalForm>Säte: Utställarstaden</cbc:CompanyLegalForm>
      </cac:PartyLegalEntity>
      <cac:Contact>
        <cbc:Name>Filip "Test" Fakturautställare</cbc:Name>
        <!-- Svenskt telefonnummer redigeras enligt mallen "X" vid visning/utskrift: -->
        <cbc:Telephone>010123123</cbc:Telephone>
        <cbc:ElectronicMail>test@fakturautstallarverket.se</cbc:ElectronicMail>
      </cac:Contact>
    </cac:Party>
  </cac:AccountingSupplierParty>

  <cac:AccountingCustomerParty>
    <cac:Party>
      <cac:PartyIdentification>
        <cbc:ID schemeID="0088">7350053850019</cbc:ID >
      </cac:PartyIdentification>
      <cac:PartyName>
        <cbc:Name>"Fakturainsamlingen"</cbc:Name>
      </cac:PartyName>
      <cac:PostalAddress>
        <cbc:StreetName>Mottagargatan 56</cbc:StreetName>
        <cbc:AdditionalStreetName>Mottagarbox 56789</cbc:AdditionalStreetName>
        <cbc:CityName>Mottagarby</cbc:CityName>
        <cbc:PostalZone>56790</cbc:PostalZone>
        <cac:Country>
          <cbc:IdentificationCode>SE</cbc:IdentificationCode>
        </cac:Country>
      </cac:PostalAddress>
      <cac:PartyLegalEntity>
        <cbc:RegistrationName>Fakturamottagarföretaget AB</cbc:RegistrationName>
        <!-- Svenskt organisationsnummer redigeras enligt mallen "123456-7890" vid visning/utskrift: -->
        <cbc:CompanyID schemeID="0007">5678906789</cbc:CompanyID>
      </cac:PartyLegalEntity>
      <cac:Contact>
        <cbc:Name>Berit "Test" Beställarsson</cbc:Name>
      </cac:Contact>
    </cac:Party>
  </cac:AccountingCustomerParty>

  <cac:Delivery>
    <cbc:ActualDeliveryDate>2016-12-20</cbc:ActualDeliveryDate>
    <cac:DeliveryLocation>
      <cac:Address>
        <cbc:CityName>Utställarby</cbc:CityName>
        <cac:Country>
          <cbc:IdentificationCode>SE</cbc:IdentificationCode>
        </cac:Country>
      </cac:Address>
    </cac:DeliveryLocation>
  </cac:Delivery>
  <cac:PaymentMeans>
    <cbc:PaymentMeansCode>30</cbc:PaymentMeansCode>
    <cbc:PaymentID>1010001103</cbc:PaymentID>
    <cac:PayeeFinancialAccount>
      <!-- Svenskt bankgironummer redigeras enligt mallen "123-4567" eller "1234-5678" vid visning/utskrift: -->
      <cbc:ID>1234567</cbc:ID>
      <cac:FinancialInstitutionBranch>
        <cbc:ID>SE:BANKGIRO</cbc:ID>
      </cac:FinancialInstitutionBranch>
    </cac:PayeeFinancialAccount>
  </cac:PaymentMeans>
  <cac:PaymentTerms>
    <cbc:Note>30 dagar, dröjsmålsränta 5% över referensräntan.</cbc:Note>
  </cac:PaymentTerms>
  <cac:AllowanceCharge>  <!-- Rabatt -->
    <cbc:ChargeIndicator>false</cbc:ChargeIndicator>
    <cbc:AllowanceChargeReason>Volymrabatt mat</cbc:AllowanceChargeReason>
    <cbc:Amount currencyID="SEK">100</cbc:Amount>
    <cac:TaxCategory>
      <cbc:ID>S</cbc:ID>
      <cbc:Percent>12</cbc:Percent>
      <cac:TaxScheme>
        <cbc:ID>VAT</cbc:ID>
      </cac:TaxScheme>
    </cac:TaxCategory>
  </cac:AllowanceCharge>
  <cac:AllowanceCharge> <!-- Avgift -->
    <cbc:ChargeIndicator>true</cbc:ChargeIndicator>
    <cbc:AllowanceChargeReason>Pappersfaktura</cbc:AllowanceChargeReason>
    <cbc:Amount currencyID="SEK">25</cbc:Amount>
    <cac:TaxCategory>
      <cbc:ID>S</cbc:ID>
      <cbc:Percent>25</cbc:Percent>
      <cac:TaxScheme>
        <cbc:ID>VAT</cbc:ID>
      </cac:TaxScheme>
    </cac:TaxCategory>
  </cac:AllowanceCharge>

  <cac:TaxTotal>
    <cbc:TaxAmount currencyID="SEK">5654.25</cbc:TaxAmount>
    <cac:TaxSubtotal>
      <cbc:TaxableAmount currencyID="SEK">20025</cbc:TaxableAmount>
      <cbc:TaxAmount currencyID="SEK">5006.25</cbc:TaxAmount>
      <cac:TaxCategory>
        <cbc:ID>S</cbc:ID>
        <cbc:Percent>25</cbc:Percent>
        <cac:TaxScheme>
          <cbc:ID>VAT</cbc:ID>
        </cac:TaxScheme>
      </cac:TaxCategory>
    </cac:TaxSubtotal>
    <cac:TaxSubtotal>
      <cbc:TaxableAmount currencyID="SEK">4400</cbc:TaxableAmount>
      <cbc:TaxAmount currencyID="SEK">528.00</cbc:TaxAmount>
      <cac:TaxCategory>
        <cbc:ID>S</cbc:ID>
        <cbc:Percent>12</cbc:Percent>
        <cac:TaxScheme>
          <cbc:ID>VAT</cbc:ID>
        </cac:TaxScheme>
      </cac:TaxCategory>
    </cac:TaxSubtotal>
    <cac:TaxSubtotal>
      <cbc:TaxableAmount currencyID="SEK">2000</cbc:TaxableAmount>
      <cbc:TaxAmount currencyID="SEK">120.00</cbc:TaxAmount>
      <cac:TaxCategory>
        <cbc:ID>S</cbc:ID>
        <cbc:Percent>6</cbc:Percent>
        <cac:TaxScheme>
          <cbc:ID>VAT</cbc:ID>
        </cac:TaxScheme>
      </cac:TaxCategory>
    </cac:TaxSubtotal>
    <cac:TaxSubtotal>
      <cbc:TaxableAmount currencyID="SEK">500.00</cbc:TaxableAmount>
      <cbc:TaxAmount currencyID="SEK">0</cbc:TaxAmount>
      <cac:TaxCategory>
        <cbc:ID>E</cbc:ID>
        <cbc:Percent>0</cbc:Percent>
        <cbc:TaxExemptionReason>Annonsering personaltidsskrift</cbc:TaxExemptionReason>
        <cac:TaxScheme>
          <cbc:ID>VAT</cbc:ID>
        </cac:TaxScheme>
      </cac:TaxCategory>
    </cac:TaxSubtotal>
  </cac:TaxTotal>

  <cac:LegalMonetaryTotal>
    <cbc:LineExtensionAmount currencyID="SEK">27000</cbc:LineExtensionAmount>
    <cbc:TaxExclusiveAmount currencyID="SEK">26925</cbc:TaxExclusiveAmount>
    <cbc:TaxInclusiveAmount currencyID="SEK">32579.25</cbc:TaxInclusiveAmount>
    <cbc:AllowanceTotalAmount currencyID="SEK">100</cbc:AllowanceTotalAmount>
    <cbc:ChargeTotalAmount currencyID="SEK">25</cbc:ChargeTotalAmount>
    <cbc:PayableRoundingAmount currencyID="SEK">-0.25</cbc:PayableRoundingAmount>
    <cbc:PayableAmount currencyID="SEK">32579</cbc:PayableAmount>
  </cac:LegalMonetaryTotal>

  <cac:InvoiceLine>
    <cbc:ID>1</cbc:ID>
    <cbc:Note>Ingår: Anpassad möblering inkl. återställning.
              Beställaren medför egen utrustning för ljussättning.
              Försäkring för övernatt-förvaring.
    </cbc:Note>
    <cbc:InvoicedQuantity unitCode="DAY">3</cbc:InvoicedQuantity>
    <cbc:LineExtensionAmount currencyID="SEK">15000</cbc:LineExtensionAmount>
    <cac:InvoicePeriod>
      <cbc:StartDate>2016-12-18</cbc:StartDate>
      <cbc:EndDate>2016-12-20</cbc:EndDate>
    </cac:InvoicePeriod>
    <cac:Item>
      <cbc:Name>Lokalhyra</cbc:Name>
      <cac:SellersItemIdentification>
        <cbc:ID>ROOM</cbc:ID>
      </cac:SellersItemIdentification>
      <cac:ClassifiedTaxCategory>
        <cbc:ID>S</cbc:ID>
        <cbc:Percent>25</cbc:Percent>
        <cac:TaxScheme>
          <cbc:ID>VAT</cbc:ID>
        </cac:TaxScheme>
      </cac:ClassifiedTaxCategory>
    </cac:Item>
    <cac:Price>
      <cbc:PriceAmount currencyID="SEK">5000</cbc:PriceAmount>
    </cac:Price>
  </cac:InvoiceLine>

  <cac:InvoiceLine>
    <cbc:ID>2</cbc:ID>
    <cbc:InvoicedQuantity unitCode="DAY">2</cbc:InvoicedQuantity>
    <cbc:LineExtensionAmount currencyID="SEK">5000</cbc:LineExtensionAmount>
    <cac:InvoicePeriod>
      <cbc:StartDate>2016-12-19</cbc:StartDate>
      <cbc:EndDate>2016-12-20</cbc:EndDate>
    </cac:InvoicePeriod>
    <cac:Item>
      <cbc:Name>Hyra A/V-hjälpmedel</cbc:Name>
      <cac:SellersItemIdentification>
        <cbc:ID>AV</cbc:ID>
      </cac:SellersItemIdentification>
      <cac:ClassifiedTaxCategory>
        <cbc:ID>S</cbc:ID>
        <cbc:Percent>25</cbc:Percent>
        <cac:TaxScheme>
          <cbc:ID>VAT</cbc:ID>
        </cac:TaxScheme>
      </cac:ClassifiedTaxCategory>
    </cac:Item>
    <cac:Price>
      <cbc:PriceAmount currencyID="SEK">2500</cbc:PriceAmount>
    </cac:Price>
  </cac:InvoiceLine>

  <cac:InvoiceLine>
    <cbc:ID>3</cbc:ID>
    <cbc:InvoicedQuantity unitCode="EA">20</cbc:InvoicedQuantity>
    <cbc:LineExtensionAmount currencyID="SEK">1500</cbc:LineExtensionAmount>
    <cac:InvoicePeriod>
      <cbc:StartDate>2016-12-18</cbc:StartDate>
      <cbc:EndDate>2016-12-18</cbc:EndDate>
    </cac:InvoicePeriod>
    <cac:Item>
      <cbc:Name>Lunch-paket "Take away 1"</cbc:Name>
      <cac:SellersItemIdentification>
        <cbc:ID>FOOD1</cbc:ID>
      </cac:SellersItemIdentification>
      <cac:ClassifiedTaxCategory>
        <cbc:ID>S</cbc:ID>
        <cbc:Percent>12</cbc:Percent>
        <cac:TaxScheme>
          <cbc:ID>VAT</cbc:ID>
        </cac:TaxScheme>
      </cac:ClassifiedTaxCategory>
    </cac:Item>
    <cac:Price>
      <cbc:PriceAmount currencyID="SEK">75</cbc:PriceAmount>
    </cac:Price>
  </cac:InvoiceLine>

  <cac:InvoiceLine>
    <cbc:ID>4</cbc:ID>
    <cbc:InvoicedQuantity unitCode="EA">20</cbc:InvoicedQuantity>
    <cbc:LineExtensionAmount currencyID="SEK">1500</cbc:LineExtensionAmount>
    <cac:InvoicePeriod>
      <cbc:StartDate>2016-12-19</cbc:StartDate>
      <cbc:EndDate>2016-12-19</cbc:EndDate>
    </cac:InvoicePeriod>
    <cac:Item>
      <cbc:Name>Lunch-paket "Take away 2"</cbc:Name>
      <cac:SellersItemIdentification>
        <cbc:ID>FOOD2</cbc:ID>
      </cac:SellersItemIdentification>
      <cac:ClassifiedTaxCategory>
        <cbc:ID>S</cbc:ID>
        <cbc:Percent>12</cbc:Percent>
        <cac:TaxScheme>
          <cbc:ID>VAT</cbc:ID>
        </cac:TaxScheme>
      </cac:ClassifiedTaxCategory>
    </cac:Item>
    <cac:Price>
      <cbc:PriceAmount currencyID="SEK">75</cbc:PriceAmount>
    </cac:Price>
  </cac:InvoiceLine>

  <cac:InvoiceLine>
    <cbc:ID>5</cbc:ID>
    <cbc:InvoicedQuantity unitCode="EA">20</cbc:InvoicedQuantity>
    <cbc:LineExtensionAmount currencyID="SEK">1500</cbc:LineExtensionAmount>
    <cac:InvoicePeriod>
      <cbc:StartDate>2016-12-20</cbc:StartDate>
      <cbc:EndDate>2016-12-20</cbc:EndDate>
    </cac:InvoicePeriod>
    <cac:Item>
      <cbc:Name>Lunch-paket "Take away 1"</cbc:Name>
      <cac:SellersItemIdentification>
        <cbc:ID>FOOD1</cbc:ID>
      </cac:SellersItemIdentification>
      <cac:ClassifiedTaxCategory>
        <cbc:ID>S</cbc:ID>
        <cbc:Percent>12</cbc:Percent>
        <cac:TaxScheme>
          <cbc:ID>VAT</cbc:ID>
        </cac:TaxScheme>
      </cac:ClassifiedTaxCategory>
    </cac:Item>
    <cac:Price>
      <cbc:PriceAmount currencyID="SEK">75</cbc:PriceAmount>
    </cac:Price>
  </cac:InvoiceLine>

  <cac:InvoiceLine>
    <cbc:ID>6</cbc:ID>
    <cbc:InvoicedQuantity unitCode="EA">100</cbc:InvoicedQuantity>
    <cbc:LineExtensionAmount currencyID="SEK">2000</cbc:LineExtensionAmount>
    <cac:Item>
      <cbc:Description>Tidskriften Personalnytt, nr 4 2017</cbc:Description>
      <cbc:Name>Särtryck</cbc:Name>
      <cac:SellersItemIdentification>
        <cbc:ID>PRINT</cbc:ID>
      </cac:SellersItemIdentification>
      <cac:ClassifiedTaxCategory>
        <cbc:ID>S</cbc:ID>
        <cbc:Percent>6</cbc:Percent>
        <cac:TaxScheme>
          <cbc:ID>VAT</cbc:ID>
        </cac:TaxScheme>
      </cac:ClassifiedTaxCategory>
    </cac:Item>
    <cac:Price>
      <cbc:PriceAmount currencyID="SEK">20</cbc:PriceAmount>
    </cac:Price>
  </cac:InvoiceLine>

  <cac:InvoiceLine>
    <cbc:ID>7</cbc:ID>
    <cbc:InvoicedQuantity unitCode="EA">1</cbc:InvoicedQuantity>
    <cbc:LineExtensionAmount currencyID="SEK">500</cbc:LineExtensionAmount>
    <cac:Item>
      <cbc:Description>Tidskriften Personalnytt, nr 5 2017</cbc:Description>
      <cbc:Name>Annonsering</cbc:Name>
      <cac:SellersItemIdentification>
        <cbc:ID>ÖVRIGT</cbc:ID>
      </cac:SellersItemIdentification>
      <cac:ClassifiedTaxCategory>
        <cbc:ID>E</cbc:ID>
        <cbc:Percent>0</cbc:Percent>
        <cac:TaxScheme>
          <cbc:ID>VAT</cbc:ID>
        </cac:TaxScheme>
      </cac:ClassifiedTaxCategory>
    </cac:Item>
    <cac:Price>
      <cbc:PriceAmount currencyID="SEK">500</cbc:PriceAmount>
    </cac:Price>
  </cac:InvoiceLine>
</Invoice>