<?xml version="1.0" encoding="UTF-8" ?> 
<!-- 
******************************************************************************************************************
	PEPPOL BIS Billing 3 - Instance Document: Invoice	Version of this instance document: 1.0

        Testfil Kreditnota (generell men med IBAN + bankgiro, samt AQY=102)
        Ref: Kammarkollegiet, test av fakturautskrift
	
******************************************************************************************************************
-->
<CreditNote xmlns="urn:oasis:names:specification:ubl:schema:xsd:CreditNote-2" xmlns:cac="urn:oasis:names:specification:ubl:schema:xsd:CommonAggregateComponents-2" xmlns:cbc="urn:oasis:names:specification:ubl:schema:xsd:CommonBasicComponents-2" xmlns:ccts="urn:un:unece:uncefact:documentation:2" xmlns:qdt="urn:oasis:names:specification:ubl:schema:xsd:QualifiedDatatypes-2" xmlns:udt="urn:un:unece:uncefact:data:specification:UnqualifiedDataTypesSchemaModule:2">

  <cbc:CustomizationID>urn:cen.eu:en16931:2017#compliant#urn:fdc:peppol.eu:2017:poacc:billing:3.0</cbc:CustomizationID>
  <cbc:ProfileID>urn:fdc:peppol.eu:2017:poacc:billing:01:1.0</cbc:ProfileID>
  <cbc:ID>102003033</cbc:ID>
  <cbc:IssueDate>2016-11-20</cbc:IssueDate>
  <cbc:CreditNoteTypeCode>381</cbc:CreditNoteTypeCode>
  <cbc:Note>1st year promo incentive: 50% of processing fee.</cbc:Note>
  <cbc:DocumentCurrencyCode>SEK</cbc:DocumentCurrencyCode>
  <cac:OrderReference>
    <cbc:ID>TEST1000012345</cbc:ID>
  </cac:OrderReference>
  <cac:BillingReference>
    <cac:InvoiceDocumentReference>
      <cbc:ID>102003030</cbc:ID>
      <cbc:IssueDate>2016-11-14</cbc:IssueDate>
    </cac:InvoiceDocumentReference>
  </cac:BillingReference>
  <cac:ContractDocumentReference>
    <cbc:ID>Contract No. 321/123</cbc:ID>
  </cac:ContractDocumentReference>

  <cac:AdditionalDocumentReference>
    <cbc:ID>102</cbc:ID>
    <cbc:DocumentDescription>AQY File identification number (print)</cbc:DocumentDescription>
  </cac:AdditionalDocumentReference>
  <cac:AdditionalDocumentReference>
    <cbc:ID>3434343434</cbc:ID>
    <cbc:DocumentDescription>IT Internal customer number</cbc:DocumentDescription>
  </cac:AdditionalDocumentReference>

  <cac:AccountingSupplierParty>
    <cac:Party>
      <cac:PartyName>
        <cbc:Name>Authority for the issuing of invoices</cbc:Name>
      </cac:PartyName>
      <cac:PostalAddress>
        <cbc:StreetName>Utställargatan 123 A</cbc:StreetName>
        <cbc:AdditionalStreetName>Utställarbox 1234512</cbc:AdditionalStreetName>
        <cbc:CityName>Utställarby</cbc:CityName>
        <cbc:PostalZone>12345</cbc:PostalZone>
        <cac:Country>
          <cbc:IdentificationCode>SE</cbc:IdentificationCode>
        </cac:Country>
      </cac:PostalAddress>
      <cac:PartyTaxScheme>
        <!-- Svenskt VAT-nummer visas utan redigering vid visning/utskrift: -->
        <cbc:CompanyID>SE123412123401</cbc:CompanyID>
        <cac:TaxScheme>
          <cbc:ID>VAT</cbc:ID>
        </cac:TaxScheme>
      </cac:PartyTaxScheme>
      <cac:PartyTaxScheme>
        <cbc:CompanyID>Godkänd för F-skatt</cbc:CompanyID>
        <cac:TaxScheme>
          <cbc:ID>TAX</cbc:ID>
        </cac:TaxScheme>
      </cac:PartyTaxScheme>
      <cac:PartyLegalEntity>
        <cbc:RegistrationName>Fakturautställarverket</cbc:RegistrationName>
        <!-- Svenskt organisationsnummer redigeras enligt mallen "123456-7890" vid visning/utskrift: -->
        <cbc:CompanyID schemeID="0007">1234121234</cbc:CompanyID>
        <cbc:CompanyLegalForm>Place of registration: Utställarstaden</cbc:CompanyLegalForm>
      </cac:PartyLegalEntity>
      <cac:Contact>
        <cbc:Name>Filip "Test" Fakturautställare</cbc:Name>
        <cbc:Telephone>+46010123123</cbc:Telephone>
        <cbc:ElectronicMail>test@fakturautstallarverket.se</cbc:ElectronicMail>
      </cac:Contact>
    </cac:Party>
  </cac:AccountingSupplierParty>

  <cac:AccountingCustomerParty>
    <cac:Party>
      <cac:PostalAddress>
        <cbc:StreetName>1 Upper Littleton</cbc:StreetName>
        <cbc:AdditionalStreetName>Wimsforth</cbc:AdditionalStreetName>
        <cbc:CityName>Bristol</cbc:CityName>
        <cbc:PostalZone>BS18 8HF</cbc:PostalZone>
        <cbc:CountrySubentity>Nowhereshire</cbc:CountrySubentity>
        <cac:Country>
          <cbc:IdentificationCode>GB</cbc:IdentificationCode>
        </cac:Country>
      </cac:PostalAddress>
      <cac:PartyTaxScheme>
        <!-- Europeiskt VAT-nummer visas utan redigering vid visning/utskrift: -->
        <cbc:CompanyID>GB987654321</cbc:CompanyID>
        <cac:TaxScheme>
          <cbc:ID>VAT</cbc:ID>
        </cac:TaxScheme>
      </cac:PartyTaxScheme>
      <cac:PartyLegalEntity>
        <cbc:RegistrationName>Invoice Receivers Inc. Ltd.</cbc:RegistrationName>
      </cac:PartyLegalEntity>
      <cac:Contact>
        <cbc:Name>Betty "Test" Pearson</cbc:Name>
      </cac:Contact>
    </cac:Party>
  </cac:AccountingCustomerParty>

  <cac:Delivery>
    <cbc:ActualDeliveryDate>2016-11-13</cbc:ActualDeliveryDate>
    <cac:DeliveryLocation>
      <cac:Address>
        <cac:Country>
          <cbc:IdentificationCode>SE</cbc:IdentificationCode>
        </cac:Country>
      </cac:Address>
    </cac:DeliveryLocation>
  </cac:Delivery>

  <cac:PaymentTerms>
    <cbc:Note>As per contract, clause A11 (2)</cbc:Note>
  </cac:PaymentTerms>

  <cac:TaxTotal>
    <cbc:TaxAmount currencyID="SEK">0</cbc:TaxAmount>
    <cac:TaxSubtotal>
      <cbc:TaxableAmount currencyID="SEK">495.20</cbc:TaxableAmount>
      <cbc:TaxAmount currencyID="SEK">0</cbc:TaxAmount>
      <cac:TaxCategory>
        <cbc:ID>K</cbc:ID>
        <cbc:Percent>0</cbc:Percent>
        <cbc:TaxExemptionReason>Intra EU supply</cbc:TaxExemptionReason>
        <cac:TaxScheme>
          <cbc:ID>VAT</cbc:ID>
        </cac:TaxScheme>
      </cac:TaxCategory>
    </cac:TaxSubtotal>
  </cac:TaxTotal>

  <cac:LegalMonetaryTotal>
    <cbc:LineExtensionAmount currencyID="SEK">495.20</cbc:LineExtensionAmount>
    <cbc:TaxExclusiveAmount currencyID="SEK">495.20</cbc:TaxExclusiveAmount>
    <cbc:TaxInclusiveAmount currencyID="SEK">495.20</cbc:TaxInclusiveAmount>
    <cbc:PayableRoundingAmount currencyID="SEK">-.20</cbc:PayableRoundingAmount>
    <cbc:PayableAmount currencyID="SEK">495.00</cbc:PayableAmount>
  </cac:LegalMonetaryTotal>

  <cac:CreditNoteLine>
    <cbc:ID>1</cbc:ID>
    <cbc:CreditedQuantity unitCode="EA">1</cbc:CreditedQuantity>
    <cbc:LineExtensionAmount currencyID="SEK">495.20</cbc:LineExtensionAmount>
    <cac:Item>
      <cbc:Name>Processing of e-invoicing authorisation</cbc:Name>
      <cac:ClassifiedTaxCategory>
        <cbc:ID>K</cbc:ID>
        <cbc:Percent>0</cbc:Percent>
        <cac:TaxScheme>
          <cbc:ID>VAT</cbc:ID>
        </cac:TaxScheme>
      </cac:ClassifiedTaxCategory>
    </cac:Item>
    <cac:Price>
      <cbc:PriceAmount currencyID="SEK">495.20</cbc:PriceAmount>
    </cac:Price>
  </cac:CreditNoteLine>
</CreditNote>