<?xml version="1.0" encoding="UTF-8" ?> 
<!-- 
******************************************************************************************************************
	PEPPOL BIS Billing 3 - Instance Document: Invoice	Version of this instance document: 1.0

        Testfil Faktura (generell men med IBAN i.st.f. bankgiro)
        Ref: Kammarkollegiet, test av fakturautskrift
	
******************************************************************************************************************
-->
<Invoice xmlns="urn:oasis:names:specification:ubl:schema:xsd:Invoice-2" xmlns:cac="urn:oasis:names:specification:ubl:schema:xsd:CommonAggregateComponents-2" xmlns:cbc="urn:oasis:names:specification:ubl:schema:xsd:CommonBasicComponents-2" xmlns:ccts="urn:un:unece:uncefact:documentation:2" xmlns:qdt="urn:oasis:names:specification:ubl:schema:xsd:QualifiedDatatypes-2" xmlns:udt="urn:un:unece:uncefact:data:specification:UnqualifiedDataTypesSchemaModule:2">

  <cbc:CustomizationID>urn:cen.eu:en16931:2017#compliant#urn:fdc:peppol.eu:2017:poacc:billing:3.0</cbc:CustomizationID>
  <cbc:ProfileID>urn:fdc:peppol.eu:2017:poacc:billing:01:1.0</cbc:ProfileID>
  <cbc:ID>101000555</cbc:ID>
  <cbc:IssueDate>2016-11-14</cbc:IssueDate>
  <cbc:DueDate>2016-12-14</cbc:DueDate>
  <cbc:InvoiceTypeCode>380</cbc:InvoiceTypeCode>
  <cbc:Note>Tillstånd har begränsad giltighetstid om 1 år, tillståndet är ej överlåtningsbart.</cbc:Note>
  <cbc:DocumentCurrencyCode>SEK</cbc:DocumentCurrencyCode>
  <cbc:BuyerReference>TIC</cbc:BuyerReference>
  <cac:OrderReference>
    <cbc:ID>TEST1000023232</cbc:ID>
  </cac:OrderReference>
  <cac:ContractDocumentReference>
    <cbc:ID>Avtal-dnr 121/323</cbc:ID>
  </cac:ContractDocumentReference>

  <cac:AdditionalDocumentReference>
    <cbc:ID>101</cbc:ID>
   <cbc:DocumentDescription>AQY Filidentifiering nummer (print)</cbc:DocumentDescription>
  </cac:AdditionalDocumentReference>
  <cac:AdditionalDocumentReference>
    <cbc:ID>4242424242</cbc:ID>
   <cbc:DocumentDescription>IT Säljarens kundnummer</cbc:DocumentDescription>
  </cac:AdditionalDocumentReference>

  <cac:AccountingSupplierParty>
    <cac:Party>
      <cac:PostalAddress>
        <cbc:StreetName>Utställargatan 123 A</cbc:StreetName>
        <cbc:CityName>Utställarby</cbc:CityName>
        <cbc:PostalZone>12345</cbc:PostalZone>
        <cac:Country>
          <cbc:IdentificationCode>SE</cbc:IdentificationCode>
        </cac:Country>
      </cac:PostalAddress>
      <cac:PartyTaxScheme>
        <!-- Svenskt VAT-nummer visas utan redigering vid visning/utskrift: -->
        <cbc:CompanyID>SE123412123401</cbc:CompanyID>
        <cac:TaxScheme>
          <cbc:ID>VAT</cbc:ID>
        </cac:TaxScheme>
      </cac:PartyTaxScheme>
      <cac:PartyTaxScheme>
        <cbc:CompanyID>Godkänd för F-skatt</cbc:CompanyID>
        <cac:TaxScheme>
          <cbc:ID>TAX</cbc:ID>
        </cac:TaxScheme>
      </cac:PartyTaxScheme>
      <cac:PartyLegalEntity>
        <cbc:RegistrationName>Fakturautställarverket</cbc:RegistrationName>
        <!-- Svenskt organisationsnummer redigeras enligt mallen "123456-7890" vid visning/utskrift: -->
        <cbc:CompanyID schemeID="0007">1234121234</cbc:CompanyID>
        <cbc:CompanyLegalForm>Säte: Utställarstaden</cbc:CompanyLegalForm>
      </cac:PartyLegalEntity>
      <cac:Contact>
        <cbc:Telephone>010123123</cbc:Telephone>
        <cbc:ElectronicMail>test@fakturautstallarverket.se</cbc:ElectronicMail>
      </cac:Contact>
    </cac:Party>
  </cac:AccountingSupplierParty>

  <cac:AccountingCustomerParty>
    <cac:Party>
      <cac:PostalAddress>
        <cbc:StreetName>Mottagarbox 7788</cbc:StreetName>
        <cbc:CityName>Mottagarstan</cbc:CityName>
        <cbc:PostalZone>66788</cbc:PostalZone>
        <cac:Country>
          <cbc:IdentificationCode>SE</cbc:IdentificationCode>
        </cac:Country>
      </cac:PostalAddress>
      <cac:PartyLegalEntity>
        <cbc:RegistrationName>Fakturamottagarbyrån AB</cbc:RegistrationName>
      </cac:PartyLegalEntity>
    </cac:Party>
  </cac:AccountingCustomerParty>

  <cac:PaymentMeans>
    <cbc:PaymentMeansCode>30</cbc:PaymentMeansCode> 
    <cbc:PaymentID>101000555</cbc:PaymentID>
    <cac:PayeeFinancialAccount>
      <!-- Kontots längd & struktur implicerar IBAN-nummer; speciellt attribut ska nte användas -->
      <!-- Svenskt IBAN-nummer redigeras enligt mallen "SE12 1234 1234 1234 1234 1234" vid visning/utskrift: -->
      <cbc:ID>SE1212341234123412341234</cbc:ID>
      <cac:FinancialInstitutionBranch>
          <cbc:ID>BANKSBIC</cbc:ID>
      </cac:FinancialInstitutionBranch>
    </cac:PayeeFinancialAccount>
  </cac:PaymentMeans>
  <cac:PaymentTerms>
    <cbc:Note>Efter förfallodagen utgår dröjsmålränta med referensräntan plus 7,5%</cbc:Note>
  </cac:PaymentTerms>

  <cac:TaxTotal>
    <cbc:TaxAmount currencyID="SEK">4790.60</cbc:TaxAmount>
    <cac:TaxSubtotal>
      <cbc:TaxableAmount currencyID="SEK">19162.40</cbc:TaxableAmount>
      <cbc:TaxAmount currencyID="SEK">4790.60</cbc:TaxAmount>
      <cac:TaxCategory>
        <cbc:ID>S</cbc:ID>
        <cbc:Percent>25</cbc:Percent>
        <cac:TaxScheme>
          <cbc:ID>VAT</cbc:ID>
        </cac:TaxScheme>
      </cac:TaxCategory>
    </cac:TaxSubtotal>
  </cac:TaxTotal>
  <cac:LegalMonetaryTotal>
    <cbc:LineExtensionAmount currencyID="SEK">19162.40</cbc:LineExtensionAmount>
    <cbc:TaxExclusiveAmount currencyID="SEK">19162.40</cbc:TaxExclusiveAmount>
    <cbc:TaxInclusiveAmount currencyID="SEK">23953.00</cbc:TaxInclusiveAmount>
    <cbc:PayableAmount currencyID="SEK">23953.00</cbc:PayableAmount>
  </cac:LegalMonetaryTotal>

  <cac:InvoiceLine>
    <cbc:ID>1</cbc:ID>
    <cbc:InvoicedQuantity unitCode="EA">1</cbc:InvoicedQuantity>
    <cbc:LineExtensionAmount currencyID="SEK">19162.40</cbc:LineExtensionAmount>
    <cac:Item>
      <cbc:Name>Handlägging av e-faktureringstillstånd</cbc:Name>
      <cac:ClassifiedTaxCategory>
        <cbc:ID>S</cbc:ID>
        <cbc:Percent>25</cbc:Percent>
        <cac:TaxScheme>
          <cbc:ID>VAT</cbc:ID>
        </cac:TaxScheme>
      </cac:ClassifiedTaxCategory>
    </cac:Item>
    <cac:Price>
      <cbc:PriceAmount currencyID="SEK">19162.40</cbc:PriceAmount>
    </cac:Price>
  </cac:InvoiceLine>
</Invoice>