<?xml version="1.0" encoding="UTF-8"?>
<testSet xmlns="http://difi.no/xsd/vefa/validator/1.0" configuration="peppolbis-en16931-base-3.0-ubl">
	<assert>
    	<description>Verify calculation of allowance/charge.</description>
		<scope>PEPPOL-EN16931-R040</scope>
	</assert>
	<test>
		<assert>
			<success>PEPPOL-EN16931-R040</success>
		</assert>
		<Invoice xmlns:cac="urn:oasis:names:specification:ubl:schema:xsd:CommonAggregateComponents-2"
			xmlns:cbc="urn:oasis:names:specification:ubl:schema:xsd:CommonBasicComponents-2"
			xmlns="urn:oasis:names:specification:ubl:schema:xsd:Invoice-2">

			<cac:AllowanceCharge>
				<cbc:MultiplierFactorNumeric>200</cbc:MultiplierFactorNumeric>
				<cbc:BaseAmount currencyID="NOK">50</cbc:BaseAmount>
				<cbc:Amount currencyID="NOK">100</cbc:Amount>
			</cac:AllowanceCharge>

		</Invoice>
	</test>
	<test>
		<assert>
			<success>PEPPOL-EN16931-R040</success>
		</assert>
		<Invoice xmlns:cac="urn:oasis:names:specification:ubl:schema:xsd:CommonAggregateComponents-2"
			xmlns:cbc="urn:oasis:names:specification:ubl:schema:xsd:CommonBasicComponents-2"
			xmlns="urn:oasis:names:specification:ubl:schema:xsd:Invoice-2">

			<cac:AllowanceCharge>
				<cbc:MultiplierFactorNumeric>200</cbc:MultiplierFactorNumeric>
				<cbc:BaseAmount currencyID="NOK">50</cbc:BaseAmount>
				<cbc:Amount currencyID="NOK">100.01</cbc:Amount>
			</cac:AllowanceCharge>

		</Invoice>
	</test>
	<test>
		<assert>
			<success>PEPPOL-EN16931-R040</success>
		</assert>
		<Invoice xmlns:cac="urn:oasis:names:specification:ubl:schema:xsd:CommonAggregateComponents-2"
			xmlns:cbc="urn:oasis:names:specification:ubl:schema:xsd:CommonBasicComponents-2"
			xmlns="urn:oasis:names:specification:ubl:schema:xsd:Invoice-2">

			<cac:AllowanceCharge>
				<cbc:MultiplierFactorNumeric>200</cbc:MultiplierFactorNumeric>
				<cbc:BaseAmount currencyID="NOK">50</cbc:BaseAmount>
				<cbc:Amount currencyID="NOK">100.02</cbc:Amount>
			</cac:AllowanceCharge>

		</Invoice>
	</test>
	<test>
		<assert>
			<error>PEPPOL-EN16931-R040</error>
		</assert>
		<Invoice xmlns:cac="urn:oasis:names:specification:ubl:schema:xsd:CommonAggregateComponents-2"
			xmlns:cbc="urn:oasis:names:specification:ubl:schema:xsd:CommonBasicComponents-2"
			xmlns="urn:oasis:names:specification:ubl:schema:xsd:Invoice-2">

			<cac:AllowanceCharge>
				<cbc:MultiplierFactorNumeric>200</cbc:MultiplierFactorNumeric>
				<cbc:BaseAmount currencyID="NOK">50</cbc:BaseAmount>
				<cbc:Amount currencyID="NOK">100.03</cbc:Amount>
			</cac:AllowanceCharge>

		</Invoice>
	</test>
	<test>
		<assert>
			<success>PEPPOL-EN16931-R040</success>
		</assert>
		<Invoice xmlns:cac="urn:oasis:names:specification:ubl:schema:xsd:CommonAggregateComponents-2"
			xmlns:cbc="urn:oasis:names:specification:ubl:schema:xsd:CommonBasicComponents-2"
			xmlns="urn:oasis:names:specification:ubl:schema:xsd:Invoice-2">

			<cac:AllowanceCharge>
				<cbc:MultiplierFactorNumeric>200</cbc:MultiplierFactorNumeric>
				<cbc:BaseAmount currencyID="NOK">50</cbc:BaseAmount>
				<cbc:Amount currencyID="NOK">99.99</cbc:Amount>
			</cac:AllowanceCharge>

		</Invoice>
	</test>
	<test>
		<assert>
			<success>PEPPOL-EN16931-R040</success>
		</assert>
		<Invoice xmlns:cac="urn:oasis:names:specification:ubl:schema:xsd:CommonAggregateComponents-2"
			xmlns:cbc="urn:oasis:names:specification:ubl:schema:xsd:CommonBasicComponents-2"
			xmlns="urn:oasis:names:specification:ubl:schema:xsd:Invoice-2">

			<cac:AllowanceCharge>
				<cbc:MultiplierFactorNumeric>200</cbc:MultiplierFactorNumeric>
				<cbc:BaseAmount currencyID="NOK">50</cbc:BaseAmount>
				<cbc:Amount currencyID="NOK">99.98</cbc:Amount>
			</cac:AllowanceCharge>

		</Invoice>
	</test>
	<test>
		<assert>
			<error>PEPPOL-EN16931-R040</error>
		</assert>
		<Invoice xmlns:cac="urn:oasis:names:specification:ubl:schema:xsd:CommonAggregateComponents-2"
			xmlns:cbc="urn:oasis:names:specification:ubl:schema:xsd:CommonBasicComponents-2"
			xmlns="urn:oasis:names:specification:ubl:schema:xsd:Invoice-2">

			<cac:AllowanceCharge>
				<cbc:MultiplierFactorNumeric>200</cbc:MultiplierFactorNumeric>
				<cbc:BaseAmount currencyID="NOK">50</cbc:BaseAmount>
				<cbc:Amount currencyID="NOK">99.97</cbc:Amount>
			</cac:AllowanceCharge>

		</Invoice>
	</test>
	<test>
		<assert>
			<success>PEPPOL-EN16931-R040</success>
		</assert>
		<Invoice xmlns:cac="urn:oasis:names:specification:ubl:schema:xsd:CommonAggregateComponents-2"
			xmlns:cbc="urn:oasis:names:specification:ubl:schema:xsd:CommonBasicComponents-2"
			xmlns="urn:oasis:names:specification:ubl:schema:xsd:Invoice-2">

			<cac:InvoiceLine>
				<cac:AllowanceCharge>
					<cbc:MultiplierFactorNumeric>200</cbc:MultiplierFactorNumeric>
					<cbc:BaseAmount currencyID="NOK">50</cbc:BaseAmount>
					<cbc:Amount currencyID="NOK">99.98</cbc:Amount>
				</cac:AllowanceCharge>
			</cac:InvoiceLine>

		</Invoice>
	</test>
	<test>
		<assert>
			<error>PEPPOL-EN16931-R040</error>
		</assert>
		<Invoice xmlns:cac="urn:oasis:names:specification:ubl:schema:xsd:CommonAggregateComponents-2"
			xmlns:cbc="urn:oasis:names:specification:ubl:schema:xsd:CommonBasicComponents-2"
			xmlns="urn:oasis:names:specification:ubl:schema:xsd:Invoice-2">

			<cac:InvoiceLine>
				<cac:AllowanceCharge>
					<cbc:MultiplierFactorNumeric>200</cbc:MultiplierFactorNumeric>
					<cbc:BaseAmount currencyID="NOK">50</cbc:BaseAmount>
					<cbc:Amount currencyID="NOK">99.97</cbc:Amount>
				</cac:AllowanceCharge>
			</cac:InvoiceLine>

		</Invoice>
	</test>
	<test>
		<assert>
			<description>Make sure rule is not triggered on Price-level.</description>
			<success>PEPPOL-EN16931-R040</success>
		</assert>
		<Invoice xmlns:cac="urn:oasis:names:specification:ubl:schema:xsd:CommonAggregateComponents-2"
			xmlns:cbc="urn:oasis:names:specification:ubl:schema:xsd:CommonBasicComponents-2"
			xmlns="urn:oasis:names:specification:ubl:schema:xsd:Invoice-2">

			<cac:InvoiceLine>
				<cac:Price>
					<cac:AllowanceCharge>
						<cbc:MultiplierFactorNumeric>200</cbc:MultiplierFactorNumeric>
						<cbc:BaseAmount currencyID="NOK">50</cbc:BaseAmount>
						<cbc:Amount currencyID="NOK">99.97</cbc:Amount>
					</cac:AllowanceCharge>
				</cac:Price>
			</cac:InvoiceLine>

		</Invoice>
	</test>
</testSet>
