<?xml version="1.0" encoding="UTF-8"?>
<testSet xmlns="http://difi.no/xsd/vefa/validator/1.0" configuration="peppolbis-t114-base-3.0">
	<assert>
	    <description>Correct use of charge codes.</description>
		<scope>PEPPOL-T114-CL002</scope>
	</assert>
	<test>
		<assert>
			<success number="3">PEPPOL-T114-CL002</success>
		</assert>
		<OrderChange xmlns:cac="urn:oasis:names:specification:ubl:schema:xsd:CommonAggregateComponents-2"
			xmlns:cbc="urn:oasis:names:specification:ubl:schema:xsd:CommonBasicComponents-2"
			xmlns="urn:oasis:names:specification:ubl:schema:xsd:OrderChange-2">


			<cac:AllowanceCharge>
				<cbc:ChargeIndicator>true</cbc:ChargeIndicator>
				<cbc:AllowanceChargeReasonCode>HAA</cbc:AllowanceChargeReasonCode>
				<cbc:AllowanceChargeReasonCode>SU</cbc:AllowanceChargeReasonCode>
				<cbc:AllowanceChargeReasonCode>AAA</cbc:AllowanceChargeReasonCode>
			</cac:AllowanceCharge>

		</OrderChange>
	</test>
	<!--	<test>
		<assert>
			<error number="3">PEPPOL-T114-CL002</error>
		</assert>
		<OrderChange xmlns:cac="urn:oasis:names:specification:ubl:schema:xsd:CommonAggregateComponents-2"
			xmlns:cbc="urn:oasis:names:specification:ubl:schema:xsd:CommonBasicComponents-2"
			xmlns="urn:oasis:names:specification:ubl:schema:xsd:OrderChange-2">


			<cac:AllowanceCharge>
				<cbc:ChargeIndicator>true</cbc:ChargeIndicator>
				<cbc:AllowanceChargeReasonCode>AAB</cbc:AllowanceChargeReasonCode>
				<cbc:AllowanceChargeReasonCode>ADS</cbc:AllowanceChargeReasonCode>
				<cbc:AllowanceChargeReasonCode>TOS</cbc:AllowanceChargeReasonCode>
			</cac:AllowanceCharge>

		</OrderChange>
	</test>-->
</testSet>
