<?xml version="1.0" encoding="UTF-8"?>
<testSet xmlns="http://difi.no/xsd/vefa/validator/1.0"
	configuration="peppolbis-t114-base-3.0">
	<assert>
		<description>Verify that allowance/charge base amount is provided when allowance/charge percentage is provided.</description>
		<scope>PEPPOL-T114-R020</scope>
	</assert>
	<test>
		<assert>
			<success>PEPPOL-T114-R020</success>
		</assert>
		<OrderChange xmlns:cac="urn:oasis:names:specification:ubl:schema:xsd:CommonAggregateComponents-2"
			xmlns:cbc="urn:oasis:names:specification:ubl:schema:xsd:CommonBasicComponents-2"
			xmlns="urn:oasis:names:specification:ubl:schema:xsd:OrderChange-2">

			<cac:AllowanceCharge>
				<cbc:ChargeIndicator>true</cbc:ChargeIndicator>
				<cbc:MultiplierFactorNumeric>10</cbc:MultiplierFactorNumeric>
				<cbc:BaseAmount>1000</cbc:BaseAmount>
			</cac:AllowanceCharge>

			<cac:AllowanceCharge>
				<cbc:ChargeIndicator>false</cbc:ChargeIndicator>
				<cbc:MultiplierFactorNumeric>10</cbc:MultiplierFactorNumeric>
				<cbc:BaseAmount>1000</cbc:BaseAmount>
			</cac:AllowanceCharge>

		</OrderChange>
	</test>
	<test>
		<assert>
			<success>PEPPOL-T114-R020</success>
		</assert>
		<OrderChange xmlns:cac="urn:oasis:names:specification:ubl:schema:xsd:CommonAggregateComponents-2"
			xmlns:cbc="urn:oasis:names:specification:ubl:schema:xsd:CommonBasicComponents-2"
			xmlns="urn:oasis:names:specification:ubl:schema:xsd:OrderChange-2">

			<cac:OrderLine>
				<cac:LineItem>
					<cac:AllowanceCharge>
						<cbc:ChargeIndicator>true</cbc:ChargeIndicator>
						<cbc:MultiplierFactorNumeric>10</cbc:MultiplierFactorNumeric>
						<cbc:BaseAmount>1000</cbc:BaseAmount>
					</cac:AllowanceCharge>

					<cac:AllowanceCharge>
						<cbc:ChargeIndicator>false</cbc:ChargeIndicator>
						<cbc:MultiplierFactorNumeric>10</cbc:MultiplierFactorNumeric>
						<cbc:BaseAmount>1000</cbc:BaseAmount>
					</cac:AllowanceCharge>
				</cac:LineItem>
			</cac:OrderLine>

		</OrderChange>
	</test>

	<test>
		<assert>
			<error number="2">PEPPOL-T114-R020</error>
		</assert>
		<OrderChange xmlns:cac="urn:oasis:names:specification:ubl:schema:xsd:CommonAggregateComponents-2"
			xmlns:cbc="urn:oasis:names:specification:ubl:schema:xsd:CommonBasicComponents-2"
			xmlns="urn:oasis:names:specification:ubl:schema:xsd:OrderChange-2">

			<cac:AllowanceCharge>
				<cbc:ChargeIndicator>true</cbc:ChargeIndicator>
				<cbc:MultiplierFactorNumeric>10</cbc:MultiplierFactorNumeric>
				<!--<cbc:BaseAmount>1000</cbc:BaseAmount>-->
			</cac:AllowanceCharge>

			<cac:AllowanceCharge>
				<cbc:ChargeIndicator>false</cbc:ChargeIndicator>
				<cbc:MultiplierFactorNumeric>10</cbc:MultiplierFactorNumeric>
				<!--<cbc:BaseAmount>1000</cbc:BaseAmount>-->
			</cac:AllowanceCharge>

		</OrderChange>
	</test>
	<test>
		<assert>
			<error number="2">PEPPOL-T114-R020</error>
		</assert>
		<OrderChange xmlns:cac="urn:oasis:names:specification:ubl:schema:xsd:CommonAggregateComponents-2"
			xmlns:cbc="urn:oasis:names:specification:ubl:schema:xsd:CommonBasicComponents-2"
			xmlns="urn:oasis:names:specification:ubl:schema:xsd:OrderChange-2">

			<cac:OrderLine>
				<cac:LineItem>
					<cac:AllowanceCharge>
						<cbc:ChargeIndicator>true</cbc:ChargeIndicator>
						<cbc:MultiplierFactorNumeric>10</cbc:MultiplierFactorNumeric>
<!--						<cbc:BaseAmount>1000</cbc:BaseAmount>-->
					</cac:AllowanceCharge>

					<cac:AllowanceCharge>
						<cbc:ChargeIndicator>false</cbc:ChargeIndicator>
						<cbc:MultiplierFactorNumeric>10</cbc:MultiplierFactorNumeric>
<!--						<cbc:BaseAmount>1000</cbc:BaseAmount>-->
					</cac:AllowanceCharge>
				</cac:LineItem>
			</cac:OrderLine>

		</OrderChange>
	</test>

</testSet>
