<?xml version="1.0" encoding="UTF-8"?>
<testSet xmlns="http://difi.no/xsd/vefa/validator/1.0" configuration="peppolbis-t114-base-3.0">
	<assert>
		<scope>PEPPOL-T114-R028</scope>
		<description>Verify that all elements with datatype amount has maximum 2 decimals</description>
	</assert>
	<test id ="1">
		<assert>
			<success>PEPPOL-T114-R028</success>
		</assert>
		<OrderChange
			xmlns:cac="urn:oasis:names:specification:ubl:schema:xsd:CommonAggregateComponents-2"
			xmlns:cbc="urn:oasis:names:specification:ubl:schema:xsd:CommonBasicComponents-2"
			xmlns="urn:oasis:names:specification:ubl:schema:xsd:OrderChange-2">

			<cac:AllowanceCharge>
				<cbc:ChargeIndicator>false</cbc:ChargeIndicator>
				<cbc:Amount>100.00</cbc:Amount>
			</cac:AllowanceCharge>

			<cac:TaxTotal>
				<cbc:TaxAmount>1000.00</cbc:TaxAmount>
			</cac:TaxTotal>

			<cac:AnticipatedMonetaryTotal>
				<cbc:LineExtensionAmount>6525.00</cbc:LineExtensionAmount>
				<cbc:TaxExclusiveAmount>6825</cbc:TaxExclusiveAmount>
				<cbc:TaxInclusiveAmount>7825</cbc:TaxInclusiveAmount>
				<cbc:AllowanceTotalAmount>100.0</cbc:AllowanceTotalAmount>
				<cbc:ChargeTotalAmount>400.00</cbc:ChargeTotalAmount>
				<cbc:PrepaidAmount>10</cbc:PrepaidAmount>
				<cbc:PayableAmount>7815.00</cbc:PayableAmount>
			</cac:AnticipatedMonetaryTotal>

			<cac:OrderLine>
				<cac:LineItem>
					<cbc:LineExtensionAmount>6300.00</cbc:LineExtensionAmount>

					<cac:AllowanceCharge>
						<cbc:ChargeIndicator>false</cbc:ChargeIndicator>
						<cbc:Amount>100</cbc:Amount>
						<cbc:BaseAmount>1000</cbc:BaseAmount>
					</cac:AllowanceCharge>
					<cac:Price>
						<cbc:PriceAmount>100.000</cbc:PriceAmount>
						<cac:AllowanceCharge>
							<cbc:ChargeIndicator>false</cbc:ChargeIndicator>
							<cbc:Amount>100.0000</cbc:Amount>
							<cbc:BaseAmount>115.0000</cbc:BaseAmount>
						</cac:AllowanceCharge>
					</cac:Price>

				</cac:LineItem>
			</cac:OrderLine>

		</OrderChange>
	</test>
	
	<test id="2">
		<assert>
			<error number="12">PEPPOL-T114-R028</error>
		</assert>
		<OrderChange
			xmlns:cac="urn:oasis:names:specification:ubl:schema:xsd:CommonAggregateComponents-2"
			xmlns:cbc="urn:oasis:names:specification:ubl:schema:xsd:CommonBasicComponents-2"
			xmlns="urn:oasis:names:specification:ubl:schema:xsd:OrderChange-2">

			<cac:AllowanceCharge>
				<cbc:ChargeIndicator>false</cbc:ChargeIndicator>
				<cbc:Amount>100.000</cbc:Amount>
			</cac:AllowanceCharge>

			<cac:TaxTotal>
				<cbc:TaxAmount>1000.200</cbc:TaxAmount>
			</cac:TaxTotal>

			<cac:AnticipatedMonetaryTotal>
				<cbc:LineExtensionAmount>6525.100</cbc:LineExtensionAmount>
				<cbc:TaxExclusiveAmount>6825.890</cbc:TaxExclusiveAmount>
				<cbc:TaxInclusiveAmount>7825.0030</cbc:TaxInclusiveAmount>
				<cbc:AllowanceTotalAmount>100.040</cbc:AllowanceTotalAmount>
				<cbc:ChargeTotalAmount>400.004</cbc:ChargeTotalAmount>
				<cbc:PrepaidAmount>10.100</cbc:PrepaidAmount>
				<cbc:PayableAmount>7815.200</cbc:PayableAmount>
			</cac:AnticipatedMonetaryTotal>

			<cac:OrderLine>
				<cac:LineItem>
					<cbc:LineExtensionAmount>6300.030</cbc:LineExtensionAmount>

					<cac:AllowanceCharge>
						<cbc:ChargeIndicator>false</cbc:ChargeIndicator>
						<cbc:Amount>100.000</cbc:Amount>
						<cbc:BaseAmount>1000.0000</cbc:BaseAmount>
					</cac:AllowanceCharge>
					<cac:Price>
						<cbc:PriceAmount>100.000</cbc:PriceAmount>
						<cac:AllowanceCharge>
							<cbc:ChargeIndicator>false</cbc:ChargeIndicator>
							<cbc:Amount>100.0000</cbc:Amount>
							<cbc:BaseAmount>115.0000</cbc:BaseAmount>
						</cac:AllowanceCharge>
					</cac:Price>

				</cac:LineItem>
			</cac:OrderLine>

		</OrderChange>
	</test>

</testSet>
