<?xml version="1.0" encoding="UTF-8"?>
<testSet xmlns="http://difi.no/xsd/vefa/validator/1.0"
	configuration="peppolbis-t114-base-3.0">
	<assert>
		<description>Verify that total sum of line amounts equal the sum of the order line amounts at order line level</description>
		<scope>PEPPOL-T114-R008</scope>
	</assert>

	<test>
		<assert>
			<success>PEPPOL-T114-R008</success>
		</assert>
		<OrderChange xmlns:cac="urn:oasis:names:specification:ubl:schema:xsd:CommonAggregateComponents-2"
			xmlns:cbc="urn:oasis:names:specification:ubl:schema:xsd:CommonBasicComponents-2"
			xmlns="urn:oasis:names:specification:ubl:schema:xsd:OrderChange-2">

			<cac:AnticipatedMonetaryTotal>
				<cbc:LineExtensionAmount>6225.00</cbc:LineExtensionAmount>
			</cac:AnticipatedMonetaryTotal>

			<cac:OrderLine>
				<cac:LineItem>
					<cbc:LineExtensionAmount>6000.00</cbc:LineExtensionAmount>
				</cac:LineItem>
			</cac:OrderLine>
			<cac:OrderLine>

				<cac:LineItem>
					<cbc:LineExtensionAmount>225</cbc:LineExtensionAmount>
				</cac:LineItem>
			</cac:OrderLine>

		</OrderChange>
	</test>

	<test>
		<assert>
			<success>PEPPOL-T114-R008</success>
		</assert>
		<OrderChange xmlns:cac="urn:oasis:names:specification:ubl:schema:xsd:CommonAggregateComponents-2"
			xmlns:cbc="urn:oasis:names:specification:ubl:schema:xsd:CommonBasicComponents-2"
			xmlns="urn:oasis:names:specification:ubl:schema:xsd:OrderChange-2">

			<cac:AnticipatedMonetaryTotal>
				<cbc:LineExtensionAmount>6225</cbc:LineExtensionAmount>
			</cac:AnticipatedMonetaryTotal>

			<cac:OrderLine>
				<cac:LineItem>
					<cbc:LineExtensionAmount>6000.00</cbc:LineExtensionAmount>
				</cac:LineItem>
			</cac:OrderLine>
			<cac:OrderLine>

				<cac:LineItem>
					<cbc:LineExtensionAmount>225.0</cbc:LineExtensionAmount>
				</cac:LineItem>
			</cac:OrderLine>

		</OrderChange>
	</test>
	<test>
		<assert>
			<success>PEPPOL-T114-R008</success>
		</assert>
		<OrderChange xmlns:cac="urn:oasis:names:specification:ubl:schema:xsd:CommonAggregateComponents-2"
			xmlns:cbc="urn:oasis:names:specification:ubl:schema:xsd:CommonBasicComponents-2"
			xmlns="urn:oasis:names:specification:ubl:schema:xsd:OrderChange-2">

			<cac:AnticipatedMonetaryTotal>
				<cbc:LineExtensionAmount>0</cbc:LineExtensionAmount>
			</cac:AnticipatedMonetaryTotal>

			<cac:OrderLine>
				<cac:LineItem>
					<cbc:LineExtensionAmount>0.0</cbc:LineExtensionAmount>
				</cac:LineItem>
			</cac:OrderLine>
			<cac:OrderLine>

				<cac:LineItem>
					<cbc:LineExtensionAmount>0.00</cbc:LineExtensionAmount>
				</cac:LineItem>
			</cac:OrderLine>

		</OrderChange>
	</test>

	<test>
		<assert>
			<success>PEPPOL-T114-R008</success>
		</assert>
		<OrderChange xmlns:cac="urn:oasis:names:specification:ubl:schema:xsd:CommonAggregateComponents-2"
			xmlns:cbc="urn:oasis:names:specification:ubl:schema:xsd:CommonBasicComponents-2"
			xmlns="urn:oasis:names:specification:ubl:schema:xsd:OrderChange-2">

			<cac:AnticipatedMonetaryTotal>
				<cbc:LineExtensionAmount>1000</cbc:LineExtensionAmount>
			</cac:AnticipatedMonetaryTotal>

			<cac:OrderLine>
				<cac:LineItem>
					<cbc:LineExtensionAmount>1200.0</cbc:LineExtensionAmount>
				</cac:LineItem>
			</cac:OrderLine>
			<cac:OrderLine>

				<cac:LineItem>
					<cbc:LineExtensionAmount>-200.00</cbc:LineExtensionAmount>
				</cac:LineItem>
			</cac:OrderLine>

		</OrderChange>
	</test>
	<test>
		<assert>
			<error>PEPPOL-T114-R008</error>
		</assert>
		<OrderChange xmlns:cac="urn:oasis:names:specification:ubl:schema:xsd:CommonAggregateComponents-2"
			xmlns:cbc="urn:oasis:names:specification:ubl:schema:xsd:CommonBasicComponents-2"
			xmlns="urn:oasis:names:specification:ubl:schema:xsd:OrderChange-2">

			<cac:AnticipatedMonetaryTotal>
				<cbc:LineExtensionAmount>6225</cbc:LineExtensionAmount>
			</cac:AnticipatedMonetaryTotal>

			<cac:OrderLine>
				<cac:LineItem>
					<cbc:LineExtensionAmount>6000.10</cbc:LineExtensionAmount>
				</cac:LineItem>
			</cac:OrderLine>
			<cac:OrderLine>

				<cac:LineItem>
					<cbc:LineExtensionAmount>225.0</cbc:LineExtensionAmount>
				</cac:LineItem>
			</cac:OrderLine>

		</OrderChange>
	</test>

	<test>
		<assert>
			<error>PEPPOL-T114-R008</error>
		</assert>
		<OrderChange xmlns:cac="urn:oasis:names:specification:ubl:schema:xsd:CommonAggregateComponents-2"
			xmlns:cbc="urn:oasis:names:specification:ubl:schema:xsd:CommonBasicComponents-2"
			xmlns="urn:oasis:names:specification:ubl:schema:xsd:OrderChange-2">

			<cac:AnticipatedMonetaryTotal>
				<cbc:LineExtensionAmount>6000</cbc:LineExtensionAmount>
			</cac:AnticipatedMonetaryTotal>

			<cac:OrderLine>
				<cac:LineItem>
					<cbc:LineExtensionAmount>6000.10</cbc:LineExtensionAmount>
				</cac:LineItem>
			</cac:OrderLine>
			<cac:OrderLine>

				<cac:LineItem>
					<cbc:LineExtensionAmount>0.0</cbc:LineExtensionAmount>
				</cac:LineItem>
			</cac:OrderLine>

		</OrderChange>
	</test>
	
	<test>
		<assert>
			<success>PEPPOL-T114-R008</success>
		</assert>
		<OrderChange xmlns:cac="urn:oasis:names:specification:ubl:schema:xsd:CommonAggregateComponents-2"
			xmlns:cbc="urn:oasis:names:specification:ubl:schema:xsd:CommonBasicComponents-2"
			xmlns="urn:oasis:names:specification:ubl:schema:xsd:OrderChange-2">

			<cac:AnticipatedMonetaryTotal>
				<cbc:LineExtensionAmount currencyID="NOK">730.73</cbc:LineExtensionAmount>
			</cac:AnticipatedMonetaryTotal>

				<cac:OrderLine>
					<cac:LineItem>
						<cbc:LineExtensionAmount currencyID="NOK">69.34</cbc:LineExtensionAmount>
					</cac:LineItem>
				</cac:OrderLine>
				<cac:OrderLine>
					<cac:LineItem>
						<cbc:LineExtensionAmount currencyID="NOK">165.70</cbc:LineExtensionAmount>
					</cac:LineItem>
				</cac:OrderLine>
				<cac:OrderLine>
					<cac:LineItem>
						<cbc:LineExtensionAmount currencyID="NOK">168.30</cbc:LineExtensionAmount>
					</cac:LineItem>
				</cac:OrderLine>
				<cac:OrderLine>
					<cac:LineItem>
						<cbc:LineExtensionAmount currencyID="NOK">27.80</cbc:LineExtensionAmount>
					</cac:LineItem>
				</cac:OrderLine>
				<cac:OrderLine>
					<cac:LineItem>
						<cbc:LineExtensionAmount currencyID="NOK">41.70</cbc:LineExtensionAmount>
					</cac:LineItem>
				</cac:OrderLine>
				<cac:OrderLine>
					<cac:LineItem>
						<cbc:LineExtensionAmount currencyID="NOK">86.68</cbc:LineExtensionAmount>
					</cac:LineItem>
				</cac:OrderLine>
				<cac:OrderLine>
					<cac:LineItem>
						<cbc:LineExtensionAmount currencyID="NOK">20.75</cbc:LineExtensionAmount>
					</cac:LineItem>
				</cac:OrderLine>
				<cac:OrderLine>
					<cac:LineItem>
						<cbc:LineExtensionAmount currencyID="NOK">35.27</cbc:LineExtensionAmount>
					</cac:LineItem>
				</cac:OrderLine>
				<cac:OrderLine>
					<cac:LineItem>
						<cbc:LineExtensionAmount currencyID="NOK">35.27</cbc:LineExtensionAmount>
					</cac:LineItem>
				</cac:OrderLine>
				<cac:OrderLine>
					<cac:LineItem>
						<cbc:LineExtensionAmount currencyID="NOK">79.92</cbc:LineExtensionAmount>
					</cac:LineItem>
				</cac:OrderLine>
		</OrderChange>
	</test>

	<test>
		<assert>
			<success>PEPPOL-T114-R008</success>
		</assert>
		<OrderChange xmlns:cac="urn:oasis:names:specification:ubl:schema:xsd:CommonAggregateComponents-2"
			xmlns:cbc="urn:oasis:names:specification:ubl:schema:xsd:CommonBasicComponents-2"
			xmlns="urn:oasis:names:specification:ubl:schema:xsd:OrderChange-2">

			<cac:AnticipatedMonetaryTotal>
				<cbc:LineExtensionAmount currencyID="NOK">766.00</cbc:LineExtensionAmount>
			</cac:AnticipatedMonetaryTotal>

			<cac:OrderLine>
				<cac:LineItem>
					<cbc:LineExtensionAmount currencyID="NOK">69.34</cbc:LineExtensionAmount>
				</cac:LineItem>
			</cac:OrderLine>
			<cac:OrderLine>
				<cac:LineItem>
					<cbc:LineExtensionAmount currencyID="NOK">165.70</cbc:LineExtensionAmount>
				</cac:LineItem>
			</cac:OrderLine>
			<cac:OrderLine>
				<cac:LineItem>
					<cbc:LineExtensionAmount currencyID="NOK">168.30</cbc:LineExtensionAmount>
				</cac:LineItem>
			</cac:OrderLine>
			<cac:OrderLine>
				<cac:LineItem>
					<cbc:LineExtensionAmount currencyID="NOK">27.80</cbc:LineExtensionAmount>
				</cac:LineItem>
			</cac:OrderLine>
			<cac:OrderLine>
				<cac:LineItem>
					<cbc:LineExtensionAmount currencyID="NOK">41.70</cbc:LineExtensionAmount>
				</cac:LineItem>
			</cac:OrderLine>
			<cac:OrderLine>
				<cac:LineItem>
					<cbc:LineExtensionAmount currencyID="NOK">86.68</cbc:LineExtensionAmount>
				</cac:LineItem>
			</cac:OrderLine>
			<cac:OrderLine>
				<cac:LineItem>
					<cbc:LineExtensionAmount currencyID="NOK">20.75</cbc:LineExtensionAmount>
				</cac:LineItem>
			</cac:OrderLine>
			<cac:OrderLine>
				<cac:LineItem>
					<cbc:LineExtensionAmount currencyID="NOK">35.27</cbc:LineExtensionAmount>
				</cac:LineItem>
			</cac:OrderLine>
				<cac:OrderLine>
					<cac:LineItem>
						<cbc:LineExtensionAmount currencyID="NOK">35.27</cbc:LineExtensionAmount>
					</cac:LineItem>
				</cac:OrderLine>
			<cac:OrderLine>
				<cac:LineItem>
					<cbc:LineExtensionAmount currencyID="NOK">35.27</cbc:LineExtensionAmount>
				</cac:LineItem>
			</cac:OrderLine>
			<cac:OrderLine>
				<cac:LineItem>
					<cbc:LineExtensionAmount currencyID="NOK">79.92</cbc:LineExtensionAmount>
				</cac:LineItem>
			</cac:OrderLine>
		</OrderChange>
	</test>

	<test>
		<assert>
			<success>PEPPOL-T114-R008</success>
		</assert>
		<OrderChange xmlns:cac="urn:oasis:names:specification:ubl:schema:xsd:CommonAggregateComponents-2"
			xmlns:cbc="urn:oasis:names:specification:ubl:schema:xsd:CommonBasicComponents-2"
			xmlns="urn:oasis:names:specification:ubl:schema:xsd:OrderChange-2">

			<cac:AnticipatedMonetaryTotal>
				<cbc:LineExtensionAmount>118.13</cbc:LineExtensionAmount>
			</cac:AnticipatedMonetaryTotal>

			<cac:OrderLine>
				<cac:LineItem>
					<cbc:LineExtensionAmount>118.13</cbc:LineExtensionAmount>
				</cac:LineItem>
			</cac:OrderLine>


		</OrderChange>
	</test>
</testSet>
