<?xml version="1.0" encoding="UTF-8"?>
<testSet xmlns="http://difi.no/xsd/vefa/validator/1.0"
	configuration="peppolbis-t114-base-3.0">
	<assert>
		<description>Verify that expected payable amount is not negative</description>
		<scope>PEPPOL-T114-R006</scope>
	</assert>
	<test>
		<assert>
			<success>PEPPOL-T114-R006</success>
		</assert>
		<OrderChange xmlns:cac="urn:oasis:names:specification:ubl:schema:xsd:CommonAggregateComponents-2"
			xmlns:cbc="urn:oasis:names:specification:ubl:schema:xsd:CommonBasicComponents-2"
			xmlns="urn:oasis:names:specification:ubl:schema:xsd:OrderChange-2">

			<cac:AnticipatedMonetaryTotal>
				<cbc:PayableAmount>947.56</cbc:PayableAmount>
			</cac:AnticipatedMonetaryTotal>

		</OrderChange>
	</test>

	<test>
		<assert>
			<success>PEPPOL-T114-R006</success>
		</assert>
		<OrderChange xmlns:cac="urn:oasis:names:specification:ubl:schema:xsd:CommonAggregateComponents-2"
			xmlns:cbc="urn:oasis:names:specification:ubl:schema:xsd:CommonBasicComponents-2"
			xmlns="urn:oasis:names:specification:ubl:schema:xsd:OrderChange-2">

			<cac:AnticipatedMonetaryTotal>
				<cbc:PayableAmount>0</cbc:PayableAmount>
			</cac:AnticipatedMonetaryTotal>

		</OrderChange>
	</test>

	<test>
		<assert>
			<error>PEPPOL-T114-R006</error>
		</assert>
		<OrderChange xmlns:cac="urn:oasis:names:specification:ubl:schema:xsd:CommonAggregateComponents-2"
			xmlns:cbc="urn:oasis:names:specification:ubl:schema:xsd:CommonBasicComponents-2"
			xmlns="urn:oasis:names:specification:ubl:schema:xsd:OrderChange-2">

			<cac:AnticipatedMonetaryTotal>
				<cbc:PayableAmount>-947.56</cbc:PayableAmount>
			</cac:AnticipatedMonetaryTotal>

		</OrderChange>
	</test>

</testSet>
