<?xml version="1.0" encoding="UTF-8"?>
<testSet xmlns="http://difi.no/xsd/vefa/validator/1.0"
	configuration="peppolbis-t114-base-3.0">
	<assert>
		<description>Verify that line quantity is not negative</description>
		<scope>PEPPOL-T114-R004</scope>
	</assert>
	<test>
		<assert>
			<success>PEPPOL-T114-R004</success>
		</assert>
		<OrderChange xmlns:cac="urn:oasis:names:specification:ubl:schema:xsd:CommonAggregateComponents-2"
			xmlns:cbc="urn:oasis:names:specification:ubl:schema:xsd:CommonBasicComponents-2"
			xmlns="urn:oasis:names:specification:ubl:schema:xsd:OrderChange-2">

			<cac:OrderLine>
				<cac:LineItem>
					<cbc:Quantity>10</cbc:Quantity>
				</cac:LineItem>
			</cac:OrderLine>

		</OrderChange>
	</test>

	<test>
		<assert>
			<success>PEPPOL-T114-R004</success>
		</assert>
		<OrderChange xmlns:cac="urn:oasis:names:specification:ubl:schema:xsd:CommonAggregateComponents-2"
			xmlns:cbc="urn:oasis:names:specification:ubl:schema:xsd:CommonBasicComponents-2"
			xmlns="urn:oasis:names:specification:ubl:schema:xsd:OrderChange-2">

			<cac:OrderLine>
				<cac:LineItem>
					<cbc:Quantity>0</cbc:Quantity>
				</cac:LineItem>
			</cac:OrderLine>

		</OrderChange>
	</test>

	<test>
		<assert>
			<error>PEPPOL-T114-R004</error>
		</assert>
		<OrderChange xmlns:cac="urn:oasis:names:specification:ubl:schema:xsd:CommonAggregateComponents-2"
			xmlns:cbc="urn:oasis:names:specification:ubl:schema:xsd:CommonBasicComponents-2"
			xmlns="urn:oasis:names:specification:ubl:schema:xsd:OrderChange-2">

			<cac:OrderLine>
				<cac:LineItem>
					<cbc:Quantity>-10</cbc:Quantity>
				</cac:LineItem>
			</cac:OrderLine>

		</OrderChange>
	</test>

</testSet>
