<?xml version="1.0" encoding="UTF-8"?>
<!--

This file is distributes as part of EHF Post-Award G3.

Release: 2020-03-23
Timestamp: 2020-03-23 11:08z

Repository for releases and issues:
  https://github.com/anskaffelser/ehf-postaward-g3
-->

<Invoice xmlns="urn:oasis:names:specification:ubl:schema:xsd:Invoice-2"
         xmlns:cac="urn:oasis:names:specification:ubl:schema:xsd:CommonAggregateComponents-2"
         xmlns:cbc="urn:oasis:names:specification:ubl:schema:xsd:CommonBasicComponents-2">

  <cbc:CustomizationID>urn:cen.eu:en16931:2017#compliant#urn:fdc:peppol.eu:2017:poacc:billing:3.0#conformant#urn:fdc:anskaffelser.no:2019:ehf:forward-billing:3.0</cbc:CustomizationID>
  <cbc:ProfileID>urn:fdc:anskaffelser.no:2019:ehf:postaward:g3:08:1.0</cbc:ProfileID>
  <cbc:ID>0997462625</cbc:ID>
  <cbc:IssueDate>2019-04-01</cbc:IssueDate>
  <cbc:DueDate>2019-05-12</cbc:DueDate>
  <cbc:InvoiceTypeCode>82</cbc:InvoiceTypeCode>
  <cbc:DocumentCurrencyCode>NOK</cbc:DocumentCurrencyCode>
  <cbc:BuyerReference>NA</cbc:BuyerReference>

  <cac:AdditionalDocumentReference>
    <cbc:ID schemeID="AVE">008003762</cbc:ID>
    <cbc:DocumentTypeCode>130</cbc:DocumentTypeCode>
  </cac:AdditionalDocumentReference>

  <cac:AdditionalDocumentReference>
    <cbc:ID schemeID="AVE">Original invoice</cbc:ID>
    <cac:Attachment>
      <cbc:EmbeddedDocumentBinaryObject mimeCode="application/pdf" filename="originalinvoice.pdf">
        QmFzZTY0IGNvbnRlbnQgZXhhbXBsZQ==
      </cbc:EmbeddedDocumentBinaryObject>
    </cac:Attachment>
  </cac:AdditionalDocumentReference>

  <cac:AccountingSupplierParty>
    <cac:Party>
      <cbc:EndpointID schemeID="0192">811143758</cbc:EndpointID>
      <cac:PartyIdentification>
        <cbc:ID schemeID="0192">811143758</cbc:ID>
      </cac:PartyIdentification>
      <cac:PartyName>
        <cbc:Name>Havblikk Nett AS</cbc:Name>
      </cac:PartyName>
      <cac:PostalAddress>
        <cbc:StreetName>Storoveien 4</cbc:StreetName>
        <cbc:CityName>Oslo</cbc:CityName>
        <cbc:PostalZone>0542</cbc:PostalZone>
        <cac:Country>
          <cbc:IdentificationCode>NO</cbc:IdentificationCode>
        </cac:Country>
      </cac:PostalAddress>
      <cac:PartyTaxScheme>
        <cbc:CompanyID>NO811143758MVA</cbc:CompanyID>
        <cac:TaxScheme>
          <cbc:ID>VAT</cbc:ID>
        </cac:TaxScheme>
      </cac:PartyTaxScheme>
      <cac:PartyTaxScheme>
        <cbc:CompanyID>Foretaksregisteret</cbc:CompanyID>
        <cac:TaxScheme>
          <cbc:ID>TAX</cbc:ID>
        </cac:TaxScheme>
      </cac:PartyTaxScheme>
      <cac:PartyLegalEntity>
        <cbc:RegistrationName>Havblikk Nett AS</cbc:RegistrationName>
        <cbc:CompanyID>811143758</cbc:CompanyID>
      </cac:PartyLegalEntity>
    </cac:Party>
  </cac:AccountingSupplierParty>

  <cac:AccountingCustomerParty>
    <cac:Party>
      <cbc:EndpointID schemeID="0192">987654325</cbc:EndpointID>
      <cac:PartyIdentification>
        <cbc:ID>hn0073648</cbc:ID>
      </cac:PartyIdentification>
      <cac:PartyName>
        <cbc:Name>Lisa Johansen</cbc:Name>
      </cac:PartyName>
      <cac:PostalAddress>
        <cbc:StreetName>Heimdalsgata 32</cbc:StreetName>
        <cbc:CityName>Oslo</cbc:CityName>
        <cbc:PostalZone>0154</cbc:PostalZone>
        <cac:Country>
          <cbc:IdentificationCode>NO</cbc:IdentificationCode>
        </cac:Country>
      </cac:PostalAddress>
    </cac:Party>
  </cac:AccountingCustomerParty>

  <cac:PaymentMeans>
    <cbc:PaymentMeansCode name="Credit transfer">30</cbc:PaymentMeansCode>
    <cbc:PaymentID>0003434323213231</cbc:PaymentID>
    <cac:PayeeFinancialAccount>
      <cbc:ID>NO9386011117947</cbc:ID>
      <cac:FinancialInstitutionBranch>
        <cbc:ID>DNBANOKK</cbc:ID>
      </cac:FinancialInstitutionBranch>
    </cac:PayeeFinancialAccount>
  </cac:PaymentMeans>

  <cac:TaxTotal>
    <cbc:TaxAmount currencyID="NOK">308.63</cbc:TaxAmount>
    <cac:TaxSubtotal>
      <cbc:TaxableAmount currencyID="NOK">1234.71</cbc:TaxableAmount>
      <cbc:TaxAmount currencyID="NOK">308.63</cbc:TaxAmount>
      <cac:TaxCategory>
        <cbc:ID>S</cbc:ID>
        <cbc:Percent>25</cbc:Percent>
        <cac:TaxScheme>
          <cbc:ID>VAT</cbc:ID>
        </cac:TaxScheme>
      </cac:TaxCategory>
    </cac:TaxSubtotal>
  </cac:TaxTotal>

  <cac:LegalMonetaryTotal>
    <cbc:LineExtensionAmount currencyID="NOK">1234.71</cbc:LineExtensionAmount>
    <cbc:TaxExclusiveAmount currencyID="NOK">1234.71</cbc:TaxExclusiveAmount>
    <cbc:TaxInclusiveAmount currencyID="NOK">1543.34</cbc:TaxInclusiveAmount>
    <cbc:PayableAmount currencyID="NOK">1543.34</cbc:PayableAmount>
  </cac:LegalMonetaryTotal>

  <cac:InvoiceLine>
    <cbc:ID>1</cbc:ID>
    <cbc:InvoicedQuantity unitCode="DAY">61</cbc:InvoicedQuantity>
    <cbc:LineExtensionAmount currencyID="NOK">171.13</cbc:LineExtensionAmount>
    <cac:InvoicePeriod>
      <cbc:StartDate>2019-05-01</cbc:StartDate>
      <cbc:EndDate>2019-07-01</cbc:EndDate>
    </cac:InvoicePeriod>
    <cac:Item>
      <cbc:Name>Fastbeløp, nettleie</cbc:Name>
      <cac:ClassifiedTaxCategory>
        <cbc:ID>S</cbc:ID>
        <cbc:Percent>25</cbc:Percent>
        <cac:TaxScheme>
          <cbc:ID>VAT</cbc:ID>
        </cac:TaxScheme>
      </cac:ClassifiedTaxCategory>
    </cac:Item>
    <cac:Price>
      <cbc:PriceAmount currencyID="NOK">1024</cbc:PriceAmount>
      <cbc:BaseQuantity unitCode="DAY">365</cbc:BaseQuantity>
    </cac:Price>
  </cac:InvoiceLine>

  <cac:InvoiceLine>
    <cbc:ID>2</cbc:ID>
    <cbc:InvoicedQuantity unitCode="KWH">2561.00</cbc:InvoicedQuantity>
    <cbc:LineExtensionAmount currencyID="NOK">1063.58</cbc:LineExtensionAmount>
    <cac:InvoicePeriod>
      <cbc:StartDate>2019-03-01</cbc:StartDate>
      <cbc:EndDate>2019-05-01</cbc:EndDate>
    </cac:InvoicePeriod>
    <cac:Item>
      <cbc:Name>Energiledd, nettleie</cbc:Name>
      <cac:ClassifiedTaxCategory>
        <cbc:ID>S</cbc:ID>
        <cbc:Percent>25</cbc:Percent>
        <cac:TaxScheme>
          <cbc:ID>VAT</cbc:ID>
        </cac:TaxScheme>
      </cac:ClassifiedTaxCategory>
    </cac:Item>
    <cac:Price>
      <cbc:PriceAmount currencyID="NOK">0.4153</cbc:PriceAmount>
    </cac:Price>
  </cac:InvoiceLine>

</Invoice>
