<?xml version="1.0" encoding="UTF-8"?>
<testSet xmlns="http://difi.no/xsd/vefa/validator/1.0" configuration="peppolbis-en16931-base-3.0-ubl">
	<assert>
		<description>Invalid Danish organization number (CVR) provided.</description>
		<scope>PEPPOL-COMMON-R042</scope>
	</assert>
	<test>
		<assert>
			<success>PEPPOL-COMMON-R042</success>
		</assert>
		<Invoice xmlns:cac="urn:oasis:names:specification:ubl:schema:xsd:CommonAggregateComponents-2" xmlns:cbc="urn:oasis:names:specification:ubl:schema:xsd:CommonBasicComponents-2" xmlns="urn:oasis:names:specification:ubl:schema:xsd:Invoice-2">
			<cac:AccountingCustomerParty>
				<cac:Party>
					<cac:PartyLegalEntity>
						<cbc:RegistrationName>Customer A A/S</cbc:RegistrationName>
						<cbc:CompanyID schemeID="0184">12345678</cbc:CompanyID>
					</cac:PartyLegalEntity>
				</cac:Party>
			</cac:AccountingCustomerParty>
			<cac:AccountingSupplierParty>
				<cac:Party>
					<cac:PartyLegalEntity>
						<cbc:RegistrationName>Supplier A/S</cbc:RegistrationName>
						<cbc:CompanyID schemeID="0184">12345678</cbc:CompanyID>
					</cac:PartyLegalEntity>
				</cac:Party>
			</cac:AccountingSupplierParty>
		</Invoice>
	</test>
    <test>
		<assert>
			<success>PEPPOL-COMMON-R042</success>
		</assert>
		<Invoice xmlns:cac="urn:oasis:names:specification:ubl:schema:xsd:CommonAggregateComponents-2" xmlns:cbc="urn:oasis:names:specification:ubl:schema:xsd:CommonBasicComponents-2" xmlns="urn:oasis:names:specification:ubl:schema:xsd:Invoice-2">
			<cac:AccountingCustomerParty>
				<cac:Party>
					<cac:PartyLegalEntity>
						<cbc:RegistrationName>Customer A A/S</cbc:RegistrationName>
						<cbc:CompanyID schemeID="0184">DK12345678</cbc:CompanyID>
					</cac:PartyLegalEntity>
				</cac:Party>
			</cac:AccountingCustomerParty>
			<cac:AccountingSupplierParty>
				<cac:Party>
					<cac:PartyLegalEntity>
						<cbc:RegistrationName>Supplier A/S</cbc:RegistrationName>
						<cbc:CompanyID schemeID="0184">DK12345678</cbc:CompanyID>
					</cac:PartyLegalEntity>
				</cac:Party>
			</cac:AccountingSupplierParty>
		</Invoice>
	</test>
    <test>
		<assert>
			<error>PEPPOL-COMMON-R042</error>
		</assert>
		<Invoice xmlns:cac="urn:oasis:names:specification:ubl:schema:xsd:CommonAggregateComponents-2" xmlns:cbc="urn:oasis:names:specification:ubl:schema:xsd:CommonBasicComponents-2" xmlns="urn:oasis:names:specification:ubl:schema:xsd:Invoice-2">
			<cac:AccountingCustomerParty>
				<cac:Party>
					<cac:PartyLegalEntity>
						<cbc:RegistrationName>Customer A A/S</cbc:RegistrationName>
						<cbc:CompanyID schemeID="0184">DK1234567</cbc:CompanyID>
					</cac:PartyLegalEntity>
				</cac:Party>
			</cac:AccountingCustomerParty>
		</Invoice>
	</test>
	<test>
		<assert>
			<error>PEPPOL-COMMON-R042</error>
		</assert>
		<Invoice xmlns:cac="urn:oasis:names:specification:ubl:schema:xsd:CommonAggregateComponents-2" xmlns:cbc="urn:oasis:names:specification:ubl:schema:xsd:CommonBasicComponents-2" xmlns="urn:oasis:names:specification:ubl:schema:xsd:Invoice-2">
			<cac:AccountingCustomerParty>
				<cac:Party>
					<cac:PartyLegalEntity>
						<cbc:RegistrationName>Customer A A/S</cbc:RegistrationName>
						<cbc:CompanyID schemeID="0184">1234567</cbc:CompanyID>
					</cac:PartyLegalEntity>
				</cac:Party>
			</cac:AccountingCustomerParty>
		</Invoice>
	</test>
</testSet>
