<?xml version="1.0" encoding="UTF-8"?>
<Element xmlns="urn:fdc:difi.no:2017:vefa:structure-1" cardinality="1..2">
    
        <Term>cac:TaxTotal</Term>
        <Name>TAX TOTAL</Name>
        <Description>When tax currency code is provided, two instances of the tax total must be present, but only one with tax subtotal.</Description>
        <Reference type="RULE">PEPPOL-EN16931-R054</Reference>
        
        <Element>
            <Term>cbc:TaxAmount</Term>
            <Name>Invoice total VAT amount, Invoice total VAT amount in accounting currency</Name>
            <Description>The total VAT amount for the Invoice or the VAT total amount expressed in the accounting currency accepted or required in the country of
                the Seller. Must be rounded to maximum 2 decimals</Description>
            <DataType>Amount</DataType>
            <Reference type="BUSINESS_TERM">BT-110, BT-111</Reference>
            <Reference type="RULE">BR-53</Reference>
            <Reference type="RULE">BR-CO-14</Reference>
            <Reference type="RULE">BR-DEC-13</Reference>
            <Reference type="RULE">BR-DEC-15</Reference>    
            <Reference type="RULE">UBL-DT-01</Reference>
            <Attribute>
                <Term>currencyID</Term>
                <Description>Mandatory attribute. Use BT-5 or BT-6.</Description>
                <Reference type="RULE">PEPPOL-EN16931-CL007</Reference>
                <Reference type="RULE">PEPPOL-EN16931-R051</Reference>
                <Reference type="CODE_LIST">ISO4217</Reference>
                <Value type="EXAMPLE">EUR</Value>
            </Attribute>
            
            <Value type="EXAMPLE">486.25</Value>  
        </Element>
        
        
        
        
        <Element cardinality="0..n">
            <Term>cac:TaxSubtotal</Term>
            <Name>VAT BREAKDOWN</Name>
            <Description>A group of business terms providing information about VAT breakdown by different categories, rates
                and exemption reasons
            </Description>
            <Reference type="BUSINESS_TERM">BG-23</Reference>
            <Reference type="RULE">PEPPOL-EN16931-R053</Reference>
            <Reference type="RULE">BR-CO-18</Reference>
            <Reference type="RULE">BR-O-11</Reference>
            
            <Element>
                <Term>cbc:TaxableAmount</Term>
                <Name>VAT category taxable amount</Name>
                <Description>Sum of all taxable amounts subject to a specific VAT category code and VAT category rate (if the
                    VAT category rate is applicable). Must be rounded to maximum 2 decimals.
                </Description>
                <DataType>Amount</DataType>
                <Reference type="BUSINESS_TERM">BT-116</Reference>
                <Reference type="RULE">BR-45</Reference>
                <Reference type="RULE">BR-S-08</Reference>
                <Reference type="RULE">BR-Z-08</Reference>
                <Reference type="RULE">BR-E-08</Reference>
                <Reference type="RULE">BR-AE-08</Reference>
                <Reference type="RULE">BR-IC-08</Reference>
                <Reference type="RULE">BR-G-08</Reference>
                <Reference type="RULE">BR-O-08</Reference>
                <Reference type="RULE">BR-IG-08</Reference>
                <Reference type="RULE">BR-IP-08</Reference>
                <Reference type="RULE">BR-DEC-19</Reference>
                <Reference type="RULE">UBL-DT-01</Reference>
                
                
                <Attribute>
                    <Term>currencyID</Term>
                    <Description>Mandatory attribute. Use BT-5</Description>
                    <Reference type="RULE">PEPPOL-EN16931-CL007</Reference>
                    <Reference type="RULE">PEPPOL-EN16931-R051</Reference>
                    <Reference type="CODE_LIST">ISO4217</Reference>
                    <Value type="EXAMPLE">EUR</Value>
                </Attribute>
                
                <Value type="EXAMPLE">1945.00</Value> 
            </Element>
            
            <Element>
                <Term>cbc:TaxAmount</Term>
                <Name>VAT category tax amount</Name>
                <Description>The total VAT amount for a given VAT category. Must be rounded to maximum 2 decimals.</Description>
                <DataType>Amount</DataType>
                <Reference type="BUSINESS_TERM">BT-117</Reference>
                <Reference type="RULE">BR-46</Reference>
                <Reference type="RULE">BR-CO-17</Reference>
                <Reference type="RULE">BR-S-09</Reference>
                <Reference type="RULE">BR-Z-09</Reference>
                <Reference type="RULE">BR-E-09</Reference>
                <Reference type="RULE">BR-AE-09</Reference>
                <Reference type="RULE">BR-IC-09</Reference>
                <Reference type="RULE">BR-G-09</Reference>
                <Reference type="RULE">BR-O-09</Reference>
                <Reference type="RULE">BR-IG-09</Reference>
                <Reference type="RULE">BR-IP-09</Reference>
                <Reference type="RULE">BR-DEC-20</Reference>
                <Reference type="RULE">UBL-DT-01</Reference>
                
                
                <Attribute>
                    <Term>currencyID</Term>
                    <Description>Mandatory attribute. Use BT-5</Description>
                    <Reference type="RULE">PEPPOL-EN16931-CL007</Reference>
                    <Reference type="RULE">PEPPOL-EN16931-R051</Reference>
                    <Reference type="CODE_LIST">ISO4217</Reference>
                    <Value type="EXAMPLE">EUR</Value>
                </Attribute>
                <Value type="EXAMPLE">486.25</Value> 
            </Element>
            
            <Element>
                <Term>cac:TaxCategory</Term>
                <Name>VAT CATEGORY</Name>
                
                <Element>
                    <Term>cbc:ID</Term>
                    <Name>VAT category code</Name>
                    <Description>Coded identification of a VAT category.</Description>
                    <DataType>Code</DataType>
                    <Reference type="BUSINESS_TERM">BT-118</Reference>  
                    <Reference type="CODE_LIST">UNCL5305</Reference>  
                    <Reference type="RULE">BR-47</Reference>
                    <Reference type="RULE">BR-S-01</Reference>
                    <Reference type="RULE">BR-Z-01</Reference>
                    <Reference type="RULE">BR-E-01</Reference>
                    <Reference type="RULE">BR-AE-01</Reference>
                    <Reference type="RULE">BR-IC-01</Reference>
                    <Reference type="RULE">BR-G-01</Reference>
                    <Reference type="RULE">BR-O-10</Reference>
                    <Reference type="RULE">BR-IG-01</Reference>
                    <Reference type="RULE">BR-IP-01</Reference>
                    <Value type="EXAMPLE">S</Value> 
                </Element>
                
                <Element cardinality="0..1">
                    <Term>cbc:Percent</Term>
                    <Name>VAT category rate</Name>
                    <Description>The VAT rate, represented as percentage that applies for the relevant VAT category.</Description>
                    <DataType>Percentage</DataType>
                    <Reference type="BUSINESS_TERM">BT-119</Reference>
                    <Reference type="RULE">BR-48</Reference>
                    <Reference type="RULE">SE-R-006</Reference>
                    <Value type="EXAMPLE">25</Value> 
                </Element>
                
                <Element cardinality="0..1">
                    <Term>cbc:TaxExemptionReasonCode</Term>
                    <Name>VAT exemption reason code</Name>
                    <Description>A coded statement of the reason for why the amount is exempted from VAT. Code list is not yet available</Description>
                    <DataType>Text</DataType>
                    <Reference type="BUSINESS_TERM">BT-121</Reference>
                    <Reference type="RULE">BR-S-10</Reference>
                    <Reference type="RULE">BR-Z-10</Reference>
                    <Reference type="RULE">BR-E-10</Reference>
                    <Reference type="RULE">BR-AE-10</Reference>
                    <Reference type="RULE">BR-IC-10</Reference>
                    <Reference type="RULE">BR-G-10</Reference>
                    <Reference type="RULE">BR-O-10</Reference>
                    <Reference type="RULE">BR-IG-10</Reference>
                    <Reference type="RULE">BR-IP-10</Reference>
                </Element>
                
                <Element cardinality="0..1">
                    <Term>cbc:TaxExemptionReason</Term>
                    <Name>VAT exemption reason text</Name>
                    <Description>A textual statement of the reason why the amount is exempted from VAT or why no VAT is being
                        charged. 
                    </Description>
                    <DataType>Text</DataType>
                    <Reference type="BUSINESS_TERM">BT-120</Reference>
                    <Reference type="RULE">BR-S-10</Reference>
                    <Reference type="RULE">BR-Z-10</Reference>
                    <Reference type="RULE">BR-E-10</Reference>
                    <Reference type="RULE">BR-AE-10</Reference>
                    <Reference type="RULE">BR-IC-10</Reference>
                    <Reference type="RULE">BR-G-10</Reference>
                    <Reference type="RULE">BR-O-10</Reference>
                    <Reference type="RULE">BR-IG-10</Reference>
                    <Reference type="RULE">BR-IP-10</Reference>
                    <Value type="EXAMPLE">Exempt</Value> 
                </Element>
                <Element>
                    <Term>cac:TaxScheme</Term>
                    <Name>TAX SCHEME</Name>
                    
                    <Element>
                        <Term>cbc:ID</Term>
                        <Description>Mandatory element. Use “VAT”</Description>
                        <Value type="DEFAULT">VAT</Value>
                    </Element>
                </Element>
            </Element>
        </Element>
        
        
        
    </Element>
    