<?xml version="1.0" encoding="UTF-8"?>
<testSet xmlns="http://difi.no/xsd/vefa/validator/1.0"
	configuration="peppolbis-t114-base-3.0">
	<assert>
		<description>Verify that the expected total sum of charges at document level is equal to
			the sum of charge amounts at document level</description>
		<scope>PEPPOL-T114-R010</scope>
	</assert>
	
	<test>
		<assert>
			<success>PEPPOL-T114-R010</success>
		</assert>
		<OrderChange xmlns:cac="urn:oasis:names:specification:ubl:schema:xsd:CommonAggregateComponents-2"
			xmlns:cbc="urn:oasis:names:specification:ubl:schema:xsd:CommonBasicComponents-2"
			xmlns="urn:oasis:names:specification:ubl:schema:xsd:OrderChange-2">


			<cac:AllowanceCharge>
				<cbc:ChargeIndicator>false</cbc:ChargeIndicator>
				<cbc:Amount>400</cbc:Amount>
			</cac:AllowanceCharge>
			<cac:AllowanceCharge>
				<cbc:ChargeIndicator>true</cbc:ChargeIndicator>
				<cbc:Amount>100</cbc:Amount>
			</cac:AllowanceCharge>

			<cac:AnticipatedMonetaryTotal>
				<cbc:ChargeTotalAmount>100</cbc:ChargeTotalAmount>
			</cac:AnticipatedMonetaryTotal>

		</OrderChange>
	</test>

	<test>
		<assert>
			<success>PEPPOL-T114-R010</success>
		</assert>
		<OrderChange xmlns:cac="urn:oasis:names:specification:ubl:schema:xsd:CommonAggregateComponents-2"
			xmlns:cbc="urn:oasis:names:specification:ubl:schema:xsd:CommonBasicComponents-2"
			xmlns="urn:oasis:names:specification:ubl:schema:xsd:OrderChange-2">


			<cac:AllowanceCharge>
				<cbc:ChargeIndicator>true</cbc:ChargeIndicator>
				<cbc:Amount>400</cbc:Amount>
			</cac:AllowanceCharge>
			<cac:AllowanceCharge>
				<cbc:ChargeIndicator>true</cbc:ChargeIndicator>
				<cbc:Amount>100</cbc:Amount>
			</cac:AllowanceCharge>

			<cac:AnticipatedMonetaryTotal>
				<cbc:ChargeTotalAmount>500</cbc:ChargeTotalAmount>
			</cac:AnticipatedMonetaryTotal>

		</OrderChange>
	</test>
	<test>
		<assert>
			<success>PEPPOL-T114-R010</success>
		</assert>
		<OrderChange xmlns:cac="urn:oasis:names:specification:ubl:schema:xsd:CommonAggregateComponents-2"
			xmlns:cbc="urn:oasis:names:specification:ubl:schema:xsd:CommonBasicComponents-2"
			xmlns="urn:oasis:names:specification:ubl:schema:xsd:OrderChange-2">


			<!--<cac:AllowanceCharge>
				<cbc:ChargeIndicator>false</cbc:ChargeIndicator>
				<cbc:Amount>400</cbc:Amount>
			</cac:AllowanceCharge>
				-->

			<cac:AnticipatedMonetaryTotal>
				<cbc:ChargeTotalAmount>0</cbc:ChargeTotalAmount>
			</cac:AnticipatedMonetaryTotal>

		</OrderChange>
	</test>

	<test>
		<assert>
			<error>PEPPOL-T114-R010</error>
		</assert>

		<OrderChange xmlns:cac="urn:oasis:names:specification:ubl:schema:xsd:CommonAggregateComponents-2"
			xmlns:cbc="urn:oasis:names:specification:ubl:schema:xsd:CommonBasicComponents-2"
			xmlns="urn:oasis:names:specification:ubl:schema:xsd:OrderChange-2">

			<cac:AllowanceCharge>
				<cbc:ChargeIndicator>true</cbc:ChargeIndicator>
				<cbc:Amount>400</cbc:Amount>
			</cac:AllowanceCharge>
			<cac:AllowanceCharge>
				<cbc:ChargeIndicator>true</cbc:ChargeIndicator>
				<cbc:Amount>100</cbc:Amount>
			</cac:AllowanceCharge>

			<cac:AnticipatedMonetaryTotal>
				<cbc:ChargeTotalAmount>400</cbc:ChargeTotalAmount>
			</cac:AnticipatedMonetaryTotal>

		</OrderChange>
	</test>

</testSet>
