<?xml version="1.0" encoding="UTF-8"?>
<testSet xmlns="http://difi.no/xsd/vefa/validator/1.0" configuration="peppolbis-t114-base-3.0">
	<assert>
		<scope>PEPPOL-T114-R026</scope>
		<description>Verify that the party VAT identifiers have a prefix in accordance with ISO code ISO 3166-1 alpha-2 by which the country of issue may be identified.
			Nevertheless, Greece may use the prefix ‘EL’.</description>
	</assert>
	<test id ="1">
		<assert>
			<success>PEPPOL-T114-R026</success>
		</assert>
		<OrderChange
			xmlns:cac="urn:oasis:names:specification:ubl:schema:xsd:CommonAggregateComponents-2"
			xmlns:cbc="urn:oasis:names:specification:ubl:schema:xsd:CommonBasicComponents-2"
			xmlns="urn:oasis:names:specification:ubl:schema:xsd:OrderChange-2">
			<cac:BuyerCustomerParty>
				<cac:Party>
					<cac:PartyTaxScheme>
						<cbc:CompanyID>IT123456789</cbc:CompanyID>
						<cac:TaxScheme>
							<cbc:ID>VAT</cbc:ID>
						</cac:TaxScheme>
					</cac:PartyTaxScheme>
				</cac:Party>
			</cac:BuyerCustomerParty>

			<cac:AccountingCustomerParty>
				<cac:Party>
					<cac:PartyTaxScheme>
						<cbc:CompanyID>EL987654321</cbc:CompanyID>
						<cac:TaxScheme>
							<cbc:ID>VAT</cbc:ID>
						</cac:TaxScheme>
					</cac:PartyTaxScheme>
				</cac:Party>
			</cac:AccountingCustomerParty>

		</OrderChange>
	</test>

	<test id="2">
		<assert>
			<error>PEPPOL-T114-R026</error>
		</assert>
		<OrderChange
			xmlns:cac="urn:oasis:names:specification:ubl:schema:xsd:CommonAggregateComponents-2"
			xmlns:cbc="urn:oasis:names:specification:ubl:schema:xsd:CommonBasicComponents-2"
			xmlns="urn:oasis:names:specification:ubl:schema:xsd:OrderChange-2">

			<cac:BuyerCustomerParty>
				<cac:Party>
					<cac:PartyTaxScheme>
						<cbc:CompanyID>A123456789</cbc:CompanyID>
						<cac:TaxScheme>
							<cbc:ID>VAT</cbc:ID>
						</cac:TaxScheme>
					</cac:PartyTaxScheme>
				</cac:Party>
			</cac:BuyerCustomerParty>


		</OrderChange>
	</test>
	<test id="3">
		<assert>
			<error>PEPPOL-T114-R026</error>
		</assert>
		<OrderChange
			xmlns:cac="urn:oasis:names:specification:ubl:schema:xsd:CommonAggregateComponents-2"
			xmlns:cbc="urn:oasis:names:specification:ubl:schema:xsd:CommonBasicComponents-2"
			xmlns="urn:oasis:names:specification:ubl:schema:xsd:OrderChange-2">


			<cac:AccountingCustomerParty>
				<cac:Party>
					<cac:PartyTaxScheme>
						<cbc:CompanyID>987654321</cbc:CompanyID>
						<cac:TaxScheme>
							<cbc:ID>VAT</cbc:ID>
						</cac:TaxScheme>
					</cac:PartyTaxScheme>
				</cac:Party>
			</cac:AccountingCustomerParty>

		</OrderChange>
	</test>

</testSet>
