<?xml version="1.0" encoding="UTF-8"?>
<testSet xmlns="http://difi.no/xsd/vefa/validator/1.0"
	configuration="peppolbis-t114-base-3.0">
	<assert>
		<description>Verify that Amount due for payment = Invoice total amount with VAT - Paid amount + Rounding amount.</description>
		<scope>PEPPOL-T114-R016</scope>
	</assert>
	<test>
		<assert>
			<success>PEPPOL-T114-R016</success>
		</assert>
		<OrderChange xmlns:cac="urn:oasis:names:specification:ubl:schema:xsd:CommonAggregateComponents-2"
			xmlns:cbc="urn:oasis:names:specification:ubl:schema:xsd:CommonBasicComponents-2"
			xmlns="urn:oasis:names:specification:ubl:schema:xsd:OrderChange-2">

			<cac:AnticipatedMonetaryTotal>
				<cbc:TaxInclusiveAmount>8081.2</cbc:TaxInclusiveAmount>
				<cbc:PrepaidAmount>10</cbc:PrepaidAmount>
				<cbc:PayableAmount>8071.2</cbc:PayableAmount>
			</cac:AnticipatedMonetaryTotal>

		</OrderChange>
	</test>

	<test>
		<assert>
			<success>PEPPOL-T114-R016</success>
		</assert>
		<OrderChange xmlns:cac="urn:oasis:names:specification:ubl:schema:xsd:CommonAggregateComponents-2"
			xmlns:cbc="urn:oasis:names:specification:ubl:schema:xsd:CommonBasicComponents-2"
			xmlns="urn:oasis:names:specification:ubl:schema:xsd:OrderChange-2">



			<cac:AnticipatedMonetaryTotal>
				<cbc:TaxInclusiveAmount>8081.2</cbc:TaxInclusiveAmount>
				<cbc:PrepaidAmount>10</cbc:PrepaidAmount>
				<cbc:PayableRoundingAmount>0.8</cbc:PayableRoundingAmount>
				<cbc:PayableAmount>8072</cbc:PayableAmount>
			</cac:AnticipatedMonetaryTotal>

		</OrderChange>
	</test>

	<test>
		<assert>
			<success>PEPPOL-T114-R016</success>
		</assert>
		<OrderChange xmlns:cac="urn:oasis:names:specification:ubl:schema:xsd:CommonAggregateComponents-2"
			xmlns:cbc="urn:oasis:names:specification:ubl:schema:xsd:CommonBasicComponents-2"
			xmlns="urn:oasis:names:specification:ubl:schema:xsd:OrderChange-2">



			<cac:AnticipatedMonetaryTotal>
				<cbc:TaxInclusiveAmount>8081.2</cbc:TaxInclusiveAmount>
				<cbc:PayableAmount>8081.2</cbc:PayableAmount>
			</cac:AnticipatedMonetaryTotal>

		</OrderChange>
	</test>
	<test>
		<assert>
			<success>PEPPOL-T114-R016</success>
		</assert>
		<OrderChange xmlns:cac="urn:oasis:names:specification:ubl:schema:xsd:CommonAggregateComponents-2"
			xmlns:cbc="urn:oasis:names:specification:ubl:schema:xsd:CommonBasicComponents-2"
			xmlns="urn:oasis:names:specification:ubl:schema:xsd:OrderChange-2">

			<cac:AnticipatedMonetaryTotal>
			<!--	<cbc:TaxInclusiveAmount>8081.2</cbc:TaxInclusiveAmount>-->
				<cbc:PrepaidAmount>10</cbc:PrepaidAmount>
				<cbc:PayableRoundingAmount>0.8</cbc:PayableRoundingAmount>
				<cbc:PayableAmount>8072</cbc:PayableAmount>
			</cac:AnticipatedMonetaryTotal>

		</OrderChange>
	</test>

	<test>
		<assert>
			<success>PEPPOL-T114-R016</success>
		</assert>
		<OrderChange xmlns:cac="urn:oasis:names:specification:ubl:schema:xsd:CommonAggregateComponents-2"
			xmlns:cbc="urn:oasis:names:specification:ubl:schema:xsd:CommonBasicComponents-2"
			xmlns="urn:oasis:names:specification:ubl:schema:xsd:OrderChange-2">

			<cac:AnticipatedMonetaryTotal>
					<cbc:TaxInclusiveAmount>8081.2</cbc:TaxInclusiveAmount>
				<cbc:PrepaidAmount>0</cbc:PrepaidAmount>
				<cbc:PayableRoundingAmount>0</cbc:PayableRoundingAmount>
				<cbc:PayableAmount>8081.2</cbc:PayableAmount>
			</cac:AnticipatedMonetaryTotal>

		</OrderChange>
	</test>
	<test>
		<assert>
			<error>PEPPOL-T114-R016</error>
		</assert>
		<OrderChange xmlns:cac="urn:oasis:names:specification:ubl:schema:xsd:CommonAggregateComponents-2"
			xmlns:cbc="urn:oasis:names:specification:ubl:schema:xsd:CommonBasicComponents-2"
			xmlns="urn:oasis:names:specification:ubl:schema:xsd:OrderChange-2">



			<cac:AnticipatedMonetaryTotal>
				<cbc:TaxInclusiveAmount>8081.2</cbc:TaxInclusiveAmount>
				<cbc:PrepaidAmount>100</cbc:PrepaidAmount>
				<cbc:PayableRoundingAmount>0.8</cbc:PayableRoundingAmount>
				<cbc:PayableAmount>8072</cbc:PayableAmount>
			</cac:AnticipatedMonetaryTotal>

		</OrderChange>
	</test>

</testSet>
