<?xml version="1.0" encoding="UTF-8"?>
<testSet xmlns="http://difi.no/xsd/vefa/validator/1.0"
	configuration="peppolbis-t110-base-3.0">
	<assert>
		<description>All amounts have the same currency code as document currency</description>
		<scope>PEPPOL-T110-R004</scope>
	</assert>
	
	<test>
		<assert>
			<success>PEPPOL-T110-R004</success>
		</assert>
		<OrderResponse xmlns:cac="urn:oasis:names:specification:ubl:schema:xsd:CommonAggregateComponents-2"
			xmlns:cbc="urn:oasis:names:specification:ubl:schema:xsd:CommonBasicComponents-2"
			xmlns="urn:oasis:names:specification:ubl:schema:xsd:OrderResponse-2">
			<cbc:DocumentCurrencyCode listID="ISO4217">EUR</cbc:DocumentCurrencyCode>
			<cbc:Amount currencyID="EUR">100</cbc:Amount>
		</OrderResponse>
	</test>
	
	<test>
		<assert>
			<success>PEPPOL-T110-R004</success>
		</assert>
		<OrderResponse xmlns:cac="urn:oasis:names:specification:ubl:schema:xsd:CommonAggregateComponents-2"
			xmlns:cbc="urn:oasis:names:specification:ubl:schema:xsd:CommonBasicComponents-2"
			xmlns="urn:oasis:names:specification:ubl:schema:xsd:OrderResponse-2">
			<cbc:DocumentCurrencyCode listID="ISO4217">EUR</cbc:DocumentCurrencyCode>
			<cbc:TaxAmount currencyID="EUR">100</cbc:TaxAmount>
		</OrderResponse>
	</test>
	
	<test>
		<assert>
			<success>PEPPOL-T110-R004</success>
		</assert>
		<OrderResponse xmlns:cac="urn:oasis:names:specification:ubl:schema:xsd:CommonAggregateComponents-2"
			xmlns:cbc="urn:oasis:names:specification:ubl:schema:xsd:CommonBasicComponents-2"
			xmlns="urn:oasis:names:specification:ubl:schema:xsd:OrderResponse-2">
			<cbc:DocumentCurrencyCode listID="ISO4217">EUR</cbc:DocumentCurrencyCode>
			<cbc:TaxableAmount currencyID="EUR">100</cbc:TaxableAmount>
		</OrderResponse>
	</test>
	
	<test>
		<assert>
			<success>PEPPOL-T110-R004</success>
		</assert>
		<OrderResponse xmlns:cac="urn:oasis:names:specification:ubl:schema:xsd:CommonAggregateComponents-2"
			xmlns:cbc="urn:oasis:names:specification:ubl:schema:xsd:CommonBasicComponents-2"
			xmlns="urn:oasis:names:specification:ubl:schema:xsd:OrderResponse-2">
			<cbc:DocumentCurrencyCode listID="ISO4217">EUR</cbc:DocumentCurrencyCode>
			<cbc:LineExtensionAmount currencyID="EUR">100</cbc:LineExtensionAmount>
		</OrderResponse>
	</test>
	
	<test>
		<assert>
			<success>PEPPOL-T110-R004</success>
		</assert>
		<OrderResponse xmlns:cac="urn:oasis:names:specification:ubl:schema:xsd:CommonAggregateComponents-2"
			xmlns:cbc="urn:oasis:names:specification:ubl:schema:xsd:CommonBasicComponents-2"
			xmlns="urn:oasis:names:specification:ubl:schema:xsd:OrderResponse-2">
			<cbc:DocumentCurrencyCode listID="ISO4217">EUR</cbc:DocumentCurrencyCode>
			<cbc:PriceAmount currencyID="EUR">100</cbc:PriceAmount>
		</OrderResponse>
	</test>
	
	<test>
		<assert>
			<success>PEPPOL-T110-R004</success>
		</assert>
		<OrderResponse xmlns:cac="urn:oasis:names:specification:ubl:schema:xsd:CommonAggregateComponents-2"
			xmlns:cbc="urn:oasis:names:specification:ubl:schema:xsd:CommonBasicComponents-2"
			xmlns="urn:oasis:names:specification:ubl:schema:xsd:OrderResponse-2">
			<cbc:DocumentCurrencyCode listID="ISO4217">EUR</cbc:DocumentCurrencyCode>
			<cbc:BaseAmount currencyID="EUR">100</cbc:BaseAmount>
		</OrderResponse>
	</test>
	
	<test>
		<assert>
			<success>PEPPOL-T110-R004</success>
		</assert>
		<OrderResponse xmlns:cac="urn:oasis:names:specification:ubl:schema:xsd:CommonAggregateComponents-2"
			xmlns:cbc="urn:oasis:names:specification:ubl:schema:xsd:CommonBasicComponents-2"
			xmlns="urn:oasis:names:specification:ubl:schema:xsd:OrderResponse-2">
			<cbc:DocumentCurrencyCode listID="ISO4217">EUR</cbc:DocumentCurrencyCode>
			<cac:AnticipatedMonetaryTotal>
				<cbc:BaseAmount currencyID="EUR">100</cbc:BaseAmount>
			</cac:AnticipatedMonetaryTotal>
		</OrderResponse>
	</test>
	
	<test>
		<assert>
			<success>PEPPOL-T110-R004</success>
		</assert>
		<OrderResponse xmlns:cac="urn:oasis:names:specification:ubl:schema:xsd:CommonAggregateComponents-2"
			xmlns:cbc="urn:oasis:names:specification:ubl:schema:xsd:CommonBasicComponents-2"
			xmlns="urn:oasis:names:specification:ubl:schema:xsd:OrderResponse-2">
			<cbc:DocumentCurrencyCode listID="ISO4217">EUR</cbc:DocumentCurrencyCode>
			<cac:LegalMonetaryTotal>
				<cbc:BaseAmount currencyID="EUR">100</cbc:BaseAmount>
			</cac:LegalMonetaryTotal>
		</OrderResponse>
	</test>
	
	
	
	
	
	
	
	
	
	
	<test>
		<assert>
			<error>PEPPOL-T110-R004</error>
		</assert>
		<OrderResponse xmlns:cac="urn:oasis:names:specification:ubl:schema:xsd:CommonAggregateComponents-2"
			xmlns:cbc="urn:oasis:names:specification:ubl:schema:xsd:CommonBasicComponents-2"
			xmlns="urn:oasis:names:specification:ubl:schema:xsd:OrderResponse-2">
			<cbc:DocumentCurrencyCode listID="ISO4217">EUR</cbc:DocumentCurrencyCode>
			<cbc:Amount currencyID="NOK">100</cbc:Amount>
		</OrderResponse>
	</test>
	
	<test>
		<assert>
			<error>PEPPOL-T110-R004</error>
		</assert>
		<OrderResponse xmlns:cac="urn:oasis:names:specification:ubl:schema:xsd:CommonAggregateComponents-2"
			xmlns:cbc="urn:oasis:names:specification:ubl:schema:xsd:CommonBasicComponents-2"
			xmlns="urn:oasis:names:specification:ubl:schema:xsd:OrderResponse-2">
			<cbc:DocumentCurrencyCode listID="ISO4217">EUR</cbc:DocumentCurrencyCode>
			<cbc:TaxAmount currencyID="NOK">100</cbc:TaxAmount>
		</OrderResponse>
	</test>
	
	<test>
		<assert>
			<error>PEPPOL-T110-R004</error>
		</assert>
		<OrderResponse xmlns:cac="urn:oasis:names:specification:ubl:schema:xsd:CommonAggregateComponents-2"
			xmlns:cbc="urn:oasis:names:specification:ubl:schema:xsd:CommonBasicComponents-2"
			xmlns="urn:oasis:names:specification:ubl:schema:xsd:OrderResponse-2">
			<cbc:DocumentCurrencyCode listID="ISO4217">EUR</cbc:DocumentCurrencyCode>
			<cbc:TaxableAmount currencyID="NOK">100</cbc:TaxableAmount>
		</OrderResponse>
	</test>
	
	<test>
		<assert>
			<error>PEPPOL-T110-R004</error>
		</assert>
		<OrderResponse xmlns:cac="urn:oasis:names:specification:ubl:schema:xsd:CommonAggregateComponents-2"
			xmlns:cbc="urn:oasis:names:specification:ubl:schema:xsd:CommonBasicComponents-2"
			xmlns="urn:oasis:names:specification:ubl:schema:xsd:OrderResponse-2">
			<cbc:DocumentCurrencyCode listID="ISO4217">EUR</cbc:DocumentCurrencyCode>
			<cbc:LineExtensionAmount currencyID="NOK">100</cbc:LineExtensionAmount>
		</OrderResponse>
	</test>
	
	<test>
		<assert>
			<error>PEPPOL-T110-R004</error>
		</assert>
		<OrderResponse xmlns:cac="urn:oasis:names:specification:ubl:schema:xsd:CommonAggregateComponents-2"
			xmlns:cbc="urn:oasis:names:specification:ubl:schema:xsd:CommonBasicComponents-2"
			xmlns="urn:oasis:names:specification:ubl:schema:xsd:OrderResponse-2">
			<cbc:DocumentCurrencyCode listID="ISO4217">EUR</cbc:DocumentCurrencyCode>
			<cbc:PriceAmount currencyID="NOK">100</cbc:PriceAmount>
		</OrderResponse>
	</test>
	
	<test>
		<assert>
			<error>PEPPOL-T110-R004</error>
		</assert>
		<OrderResponse xmlns:cac="urn:oasis:names:specification:ubl:schema:xsd:CommonAggregateComponents-2"
			xmlns:cbc="urn:oasis:names:specification:ubl:schema:xsd:CommonBasicComponents-2"
			xmlns="urn:oasis:names:specification:ubl:schema:xsd:OrderResponse-2">
			<cbc:DocumentCurrencyCode listID="ISO4217">EUR</cbc:DocumentCurrencyCode>
			<cbc:BaseAmount currencyID="NOK">100</cbc:BaseAmount>
		</OrderResponse>
	</test>
	
	<test>
		<assert>
			<error>PEPPOL-T110-R004</error>
		</assert>
		<OrderResponse xmlns:cac="urn:oasis:names:specification:ubl:schema:xsd:CommonAggregateComponents-2"
			xmlns:cbc="urn:oasis:names:specification:ubl:schema:xsd:CommonBasicComponents-2"
			xmlns="urn:oasis:names:specification:ubl:schema:xsd:OrderResponse-2">
			<cbc:DocumentCurrencyCode listID="ISO4217">EUR</cbc:DocumentCurrencyCode>
			<cac:AnticipatedMonetaryTotal>
				<cbc:BaseAmount currencyID="NOK">100</cbc:BaseAmount>
			</cac:AnticipatedMonetaryTotal>
		</OrderResponse>
	</test>
	
	<test>
		<assert>
			<error>PEPPOL-T110-R004</error>
		</assert>
		<OrderResponse xmlns:cac="urn:oasis:names:specification:ubl:schema:xsd:CommonAggregateComponents-2"
			xmlns:cbc="urn:oasis:names:specification:ubl:schema:xsd:CommonBasicComponents-2"
			xmlns="urn:oasis:names:specification:ubl:schema:xsd:OrderResponse-2">
			<cbc:DocumentCurrencyCode listID="ISO4217">EUR</cbc:DocumentCurrencyCode>
			<cac:LegalMonetaryTotal>
				<cbc:BaseAmount currencyID="NOK">100</cbc:BaseAmount>
			</cac:LegalMonetaryTotal>
		</OrderResponse>
	</test>
	
	
	
	
	
	
	
	
	
	
	
	
	
	
	
	
	
	
	
	

	
</testSet>
