<?xml version="1.0" encoding="UTF-8"?>
<Structure xmlns="urn:fdc:difi.no:2017:vefa:structure-1">
	<Term>OrderAgreement</Term>

	<Property key="sch:prefix">PEPPOL-T110</Property>
	<Property key="sch:identifier">T110-basic</Property>

	<Namespace prefix="ubl">urn:oasis:names:specification:ubl:schema:xsd:OrderResponse-2</Namespace>
	<Namespace prefix="cac">urn:oasis:names:specification:ubl:schema:xsd:CommonAggregateComponents-2</Namespace>
	<Namespace prefix="cbc">urn:oasis:names:specification:ubl:schema:xsd:CommonBasicComponents-2</Namespace>
	<Document>
		<Term>ubl:OrderResponse</Term>
		<Element>
			<Term>cbc:CustomizationID</Term>
			<Name>Specification identification</Name>
			<Description>An identification of the specification containing the total set of rules
                regarding semantic content, cardinalities and business rules to which the data
                contained in the instance document conforms.The identification may include the
                version of the specification as well as any customizations applied.</Description>
			<DataType>Identifier</DataType>
			<Reference type="BUSINESS_TERM">tir110-009</Reference>
			<Value type="EXAMPLE">urn:fdc:peppol.eu:poacc:trns:order_agreement:3</Value>
		</Element>
		<Element>
			<Term>cbc:ProfileID</Term>
			<Name>Business process type identifier</Name>
			<Description>Identifies the business process context in which the transaction appears.
                It enables the buyer to process the document in an appropriate way.</Description>
			<DataType>Identifier</DataType>
			<Reference type="BUSINESS_TERM">tir110-008</Reference>
			<Value type="FIXED">urn:fdc:peppol.eu:poacc:bis:order_agreement:3</Value>
		</Element>
		<Element>
			<Term>cbc:ID</Term>
			<Name>Order agreement identifier</Name>
			<Description>A unique identifier for an order agreement. The identifier must be globally
                unique since the receiver is using it as an order number (issued by the
                seller).</Description>
			<DataType>Identifier</DataType>
			<Reference type="BUSINESS_TERM">tir110-001</Reference>
			<Value type="EXAMPLE">0263bf48-9a55-4d15-adf5-2c2921036d1c</Value>
		</Element>
		<Element cardinality="0..1">
			<Term>cbc:SalesOrderID</Term>
			<Name>Sales order reference</Name>
			<Description>An identifier of a referenced sales order, issued by the Seller.</Description>
			<DataType>Document Reference</DataType>
			<Value type="EXAMPLE">112233</Value>
		</Element>
		<Element>
			<Term>cbc:IssueDate</Term>
			<Name>Order agreement issue date</Name>
			<Description>The date on which an order agreement was issued. Must be formatted YYYY-MM-DD</Description>
			<DataType>Date</DataType>
			<Reference type="BUSINESS_TERM">tir110-002</Reference>
			<Value type="EXAMPLE">2018-05-18</Value>
		</Element>
		<Element cardinality="0..1">
			<Term>cbc:IssueTime</Term>
			<Name>Order agreement issue time</Name>
			<Description>The time of the day when the order agreement was issued. Format = "hh:mm:ss"</Description>
			<DataType>Time</DataType>
			<Reference type="BUSINESS_TERM">tir110-003</Reference>
			<Value type="EXAMPLE">12:10:35</Value>
		</Element>
		<Element cardinality="0..1">
			<Term>cbc:Note</Term>
			<Name>Order agreement note</Name>
			<Description>Free-form text applying to the order agreement.Free text applying to the
                order agreement.</Description>
			<DataType>Text</DataType>
			<Reference type="BUSINESS_TERM">tir110-043</Reference>
			<Value type="EXAMPLE">We have a new phone number 33 44 55</Value>
		</Element>
		<Element cardinality="0..1">
			<Term>cbc:DocumentCurrencyCode</Term>
			<Name>Order agreement currency</Name>
			<Description>The default currency for the order agreement</Description>
			<DataType>Code</DataType>
			<Reference type="BUSINESS_TERM">tir110-007</Reference>
			<Reference type="CODE_LIST">ISO4217</Reference>
			<Value type="EXAMPLE">EUR</Value>
		</Element>
		<Element cardinality="0..1">
			<Term>cbc:CustomerReference</Term>
			<Name>Buyer reference identifier</Name>
			<Description>An identifier assigned by the Buyer used for internal routing purposes. The
                identifier is defined by the buyer (contact ID, department, office id, project
                code), but provided by the seller in the order agreement and later in the invoice.</Description>
			<DataType>Identifier</DataType>
			<Reference type="BUSINESS_TERM">tir110-044</Reference>
			<Value type="EXAMPLE">abc123</Value>
		</Element>
		<Element>
			<Term>cac:OrderReference</Term>
			<Name>Previous order reference</Name>
			<Element>
				<Term>cbc:ID</Term>
				<Name>Previous order agreement identifier</Name>
				<Description>A reference to a previous identifier for an order agreement. Used to
                    indicatete that this agreement is a change to a previous
                    agreement. This is an optional business term but is a required element in the UBL syntax so if no previous order identifier is available use NA.</Description>
				<DataType>Document reference</DataType>
				<Reference type="BUSINESS_TERM">tir110-042</Reference>
				<Value type="EXAMPLE">O-1234</Value>
			</Element>
		</Element>
		<Element cardinality="0..1">
			<Term>cac:OriginatorDocumentReference</Term>
			<Name>TENDER OR LOT REFERENCE</Name>
			<Element>
				<Term>cbc:ID</Term>
				<Name>Tender or lot reference</Name>
				<Description>The identification of the call for tender or lot the order agreement relates to.</Description>
				<DataType>Document Reference</DataType>
				<Value type="EXAMPLE">PPID-123</Value>
			</Element>
		</Element>
		<Element cardinality="0..n">
			<Term>cac:AdditionalDocumentReference</Term>
			<Name>Additional document</Name>
			<Element>
				<Term>cbc:ID</Term>
				<Name>Document identifier</Name>
				<Description>An identifier for the referenced document.</Description>
				<DataType>Identifier</DataType>
				<Reference type="BUSINESS_TERM">tir110-045</Reference>
				<Value type="EXAMPLE">doc-34</Value>
			</Element>
			<Element cardinality="0..1">
				<Term>cbc:DocumentType</Term>
				<Name>Document description</Name>
				<Description>Textual description of the document.</Description>
				<DataType>Text</DataType>
				<Reference type="BUSINESS_TERM">tir110-046</Reference>
				<Value type="EXAMPLE">Timesheet</Value>
			</Element>
			<Element cardinality="0..1">
				<Term>cac:Attachment</Term>
				<Name>Attachment</Name>
				<Element cardinality="0..1">
					<Term>cbc:EmbeddedDocumentBinaryObject</Term>
					<Name>Attached document</Name>
					<Description>The attached document embeded as binary object, coded as Base64.
						The binary object has two supplementary components: a Mime Code, which specifies the Mime type of the attachment and a Filename
						that is provided by (or on behalf of) the sender of the document</Description>
					<DataType>Binary objects</DataType>
					<Reference type="BUSINESS_TERM">tir110-048</Reference>
					<Attribute>
						<Term>mimeCode</Term>
						<Name>Attached document Mime code</Name>
						<Description>The mime code of the attached document.</Description>
						<Reference type="CODE_LIST">MimeCode</Reference>
						<Value type="EXAMPLE">application/pdf</Value>
					</Attribute>
					<Attribute>
						<Term>filename</Term>
						<Name>Attached document Filename</Name>
						<Description>The file name of the attached document</Description>
						<Value type="EXAMPLE">Hours-spent.pdf</Value>
					</Attribute>
					<Value type="EXAMPLE">QklTIE9yZGVyIEFncmVlbWVudCAtIDQyQQ==</Value>
				</Element>
				<Element cardinality="0..1">
					<Term>cac:ExternalReference</Term>
					<Name>External reference</Name>
					<Description>Reference to external document </Description>
					<Element>
						<Term>cbc:URI</Term>
						<Name>External document URI</Name>
						<Description>The Uniform Resource Identifier (URI) that identifies where the
                            external document is located.</Description>
						<DataType>Text</DataType>
						<Reference type="BUSINESS_TERM">tir110-047</Reference>
						<Value type="EXAMPLE">http://www.test.eu/image.jpg</Value>
					</Element>
				</Element>
			</Element>
		</Element>
		<Element cardinality="0..1">
			<Term>cac:Contract</Term>
			<Name>Contract reference</Name>
			<Description>The identification of a contract.</Description>
			<Element>
				<Term>cbc:ID</Term>
				<Name>Contract identifier</Name>
				<Description>A reference that uniquely identifies a contract that relates to this transaction.</Description>
				<DataType>Document reference</DataType>
				<Reference type="BUSINESS_TERM">tir110-049</Reference>
				<Value type="EXAMPLE">C-97324</Value>
			</Element>
		</Element>
		<Element>
			<Term>cac:SellerSupplierParty</Term>
			<Name>Seller supplier party</Name>
			<Description>The supplier is the legal person or organization who provides a product or service.</Description>
			<Element>
				<Term>cac:Party</Term>
				<Name>Party information</Name>
				<Element>
					<Term>cbc:EndpointID</Term>
					<Name>Seller party electronic address</Name>
					<Description>Identifies the seller party's electronic address</Description>
					<DataType>Identifier</DataType>
					<Reference type="BUSINESS_TERM">tir110-015</Reference>
					<Attribute>
						<Term>schemeID</Term>
						<Name>Scheme identifier</Name>
						<Description>Scheme identifier for the electronic address</Description>
						<Reference type="CODE_LIST">eas</Reference>
						<Value type="EXAMPLE">0088</Value>
					</Attribute>
					<Value type="EXAMPLE">7300010000001</Value>
				</Element>
				<Element cardinality="0..1">
					<Term>cac:PartyIdentification</Term>
					<Name>Party identification</Name>
					<Element>
						<Term>cbc:ID</Term>
						<Name>Seller party identification</Name>
						<Description>A identifier for the seller that is issued by the party that
                            sends the document in which the identifier is used.Identifies a
                            party.</Description>
						<DataType>Identifier</DataType>
						<Reference type="BUSINESS_TERM">tir110-014</Reference>
						<Attribute usage="optional">
							<Term>schemeID</Term>
							<Name>Scheme identifier</Name>
							<Description>Scheme identifier for party identification</Description>
							<Reference type="CODE_LIST">ICD</Reference>
							<Value type="EXAMPLE">0184</Value>
						</Attribute>
						<Value type="EXAMPLE">DK88777654</Value>
					</Element>
				</Element>

				<Element cardinality="0..1">
					<Term>cac:PostalAddress</Term>
					<Name>Postal Address</Name>
					<Element cardinality="0..1">
						<Term>cbc:StreetName</Term>
						<Name>Address line 1</Name>
						<Description>The main address line in an address. Usually the street name and
                            number or post office box.</Description>
						<DataType>Text</DataType>
						<Reference type="BUSINESS_TERM">tir110-057</Reference>
						<Value type="EXAMPLE">Main Street 23</Value>
					</Element>
					<Element cardinality="0..1">
						<Term>cbc:AdditionalStreetName</Term>
						<Name>Address line 2</Name>
						<Description>An additional address line in an address that can be used to
                            give further details supplementing the main line.</Description>
						<DataType>Text</DataType>
						<Reference type="BUSINESS_TERM">tir110-058</Reference>
						<Value type="EXAMPLE">3rd Floor</Value>
					</Element>
					<Element cardinality="0..1">
						<Term>cbc:CityName</Term>
						<Name>City</Name>
						<Description>The common name of a city where the address is
                            located.</Description>
						<DataType>Text</DataType>
						<Reference type="BUSINESS_TERM">tir110-059</Reference>
						<Value type="EXAMPLE">København V</Value>
					</Element>
					<Element cardinality="0..1">
						<Term>cbc:PostalZone</Term>
						<Name>Post code</Name>
						<Description>The identifier for an addressable group of properties according
                            to the relevant postal service, such as a ZIP code or Post
                            Code.</Description>
						<DataType>Text</DataType>
						<Reference type="BUSINESS_TERM">tir110-060</Reference>
						<Value type="EXAMPLE">1550</Value>
					</Element>
					<Element cardinality="0..1">
						<Term>cbc:CountrySubentity</Term>
						<Name>Country subdivision</Name>
						<Description>The subdivision of a country such as region, county, state,
                            province etc.</Description>
						<DataType>Text</DataType>
						<Reference type="BUSINESS_TERM">tir110-061</Reference>
					</Element>
					<Element cardinality="0..1">
						<Term>cac:AddressLine</Term>
						<Name>Address line</Name>
						<Element cardinality="0..1">
							<Term>cbc:Line</Term>
							<Name>Address line 3</Name>
							<Description>An additional address line in an address that can be used to give further details supplementing the main line.</Description>
							<DataType>Text</DataType>
							<Value type="EXAMPLE">Gate 34</Value>
						</Element>
					</Element>
					<Element>
						<Term>cac:Country</Term>
						<Name>Country</Name>
						<Element>
							<Term>cbc:IdentificationCode</Term>
							<Name>Country code</Name>
							<Description>A code that identifies the country.The lists of valid
                                countries are registered with the ISO 3166-1 Maintenance agency,
                                "Codes for the representation of names of countries and their
                                subdivisions". Codes must be according to the alpha-2
                                representation.</Description>
							<DataType>Code</DataType>
							<Reference type="BUSINESS_TERM">tir110-062</Reference>
							<Reference type="CODE_LIST">ISO3166</Reference>
							<Value type="EXAMPLE">DK</Value>
						</Element>
					</Element>
				</Element>
				<Element>
					<Term>cac:PartyLegalEntity</Term>
					<Name>Party name</Name>

					<Element>
						<Term>cbc:RegistrationName</Term>
						<Name>Sellers legal registration name</Name>
						<Description>The full (formal) name by which the seller is registered in the
							national registry of legal entities or persons.The name of the
							party.</Description>
						<DataType>Text</DataType>
						<Reference type="BUSINESS_TERM">tir110-013</Reference>
						<Value type="EXAMPLE">Seller company Ltd.</Value>
					</Element>
					<Element cardinality="0..1">
						<Term>cbc:CompanyID</Term>
						<Name>Seller legal registration identifier</Name>
						<Description>Identifies a company as registered with the company
							registration scheme.</Description>
						<DataType>Identifier</DataType>
						<Reference type="BUSINESS_TERM">tir110-p010</Reference>
						<Attribute usage="Optional">
							<Term>schemeID</Term>
							<Name>Scheme identifier</Name>
							<Description>The identification scheme identifier of the buyer legal
								registration identifier.</Description>
							<Reference type="CODE_LIST">ICD</Reference>
							<Value type="EXAMPLE">0002</Value>
						</Attribute>
						<Value type="EXAMPLE">987654321</Value>
					</Element>
				</Element>
				<Element cardinality="0..1">
					<Term>cac:Contact</Term>
					<Name>Contact information</Name>
					<Element cardinality="0..1">
						<Term>cbc:Name</Term>
						<Name>Contact point</Name>
						<Description>The name of the contact point.</Description>
						<DataType>Text</DataType>
						<Reference type="BUSINESS_TERM">tir110-016</Reference>
						<Value type="EXAMPLE">Ole Olsen</Value>
					</Element>
					<Element cardinality="0..1">
						<Term>cbc:Telephone</Term>
						<Name>Contact telephone number</Name>
						<Description>A phone number for the contact point.</Description>
						<DataType>Text</DataType>
						<Reference type="BUSINESS_TERM">tir110-018</Reference>
						<Value type="EXAMPLE">+45 33 12 12 21</Value>
					</Element>
					<Element cardinality="0..1">
						<Term>cbc:ElectronicMail</Term>
						<Name>Contact email address</Name>
						<Description>An e-mail address for the contact point.</Description>
						<DataType>Text</DataType>
						<Reference type="BUSINESS_TERM">tir110-019</Reference>
						<Value type="EXAMPLE">test.name@foo.bar</Value>
					</Element>
				</Element>
			</Element>
		</Element>
		<Element>
			<Term>cac:BuyerCustomerParty</Term>
			<Name>Customer party</Name>
			<Description>The customer is the legal person or organization who is in demand of a product or service.</Description>
			<Element>
				<Term>cac:Party</Term>
				<Name>Party information</Name>
				<Element>
					<Term>cbc:EndpointID</Term>
					<Name>Buyer party electronic address</Name>
					<Description>Identifies the buyer party's electronic address</Description>
					<DataType>Identifier</DataType>
					<Reference type="BUSINESS_TERM">tir110-012</Reference>
					<Attribute>
						<Term>schemeID</Term>
						<Name>Scheme identifier</Name>
						<Description>Scheme identifier for the electronic address</Description>
						<Reference type="CODE_LIST">eas</Reference>
						<Value type="EXAMPLE">0088</Value>
					</Attribute>
					<Value type="EXAMPLE">7300010000001</Value>
				</Element>
				<Element cardinality="0..1">
					<Term>cac:PartyIdentification</Term>
					<Name>Party identification</Name>
					<Element>
						<Term>cbc:ID</Term>
						<Name>Buyer customer account identifier</Name>
						<Description>A identifier for the buyer that is issued by the party that
                            sends the document in which the identifier is used.An identification for
                            the buyer party.</Description>
						<DataType>Identifier</DataType>
						<Reference type="BUSINESS_TERM">tir110-011</Reference>
						<Attribute usage="optional">
							<Term>schemeID</Term>
							<Name>Scheme identifier</Name>
							<Description>Scheme identifier for party identification</Description>
							<Reference type="CODE_LIST">ICD</Reference>
							<Value type="EXAMPLE">0088</Value>
						</Attribute>
						<Value type="EXAMPLE">7300010000001</Value>
					</Element>
				</Element>
				<Element cardinality="0..1">
					<Term>cac:PostalAddress</Term>
					<Name>Postal address</Name>
					<Element cardinality="0..1">
						<Term>cbc:StreetName</Term>
						<Name>Address line 1</Name>
						<Description>The main address line in an address.Usually the street name and
                            number or post office box.</Description>
						<DataType>Text</DataType>
						<Reference type="BUSINESS_TERM">tir110-051</Reference>
						<Value type="EXAMPLE">P.O. Box 19999</Value>
					</Element>
					<Element cardinality="0..1">
						<Term>cbc:AdditionalStreetName</Term>
						<Name>Address line 2</Name>
						<Description>An additional address line in an address that can be used to
                            give further details supplementing the main line.</Description>
						<DataType>Text</DataType>
						<Reference type="BUSINESS_TERM">tir110-052</Reference>
					</Element>
					<Element cardinality="0..1">
						<Term>cbc:CityName</Term>
						<Name>City</Name>
						<Description>The common name of a city where the address is
                            located.</Description>
						<DataType>Text</DataType>
						<Reference type="BUSINESS_TERM">tir110-053</Reference>
						<Value type="EXAMPLE">Amsterdam</Value>
					</Element>
					<Element cardinality="0..1">
						<Term>cbc:PostalZone</Term>
						<Name>Post code</Name>
						<Description>The identifier for an addressable group of properties according
                            to the relevant postal service, such as a ZIP code or Post
                            Code.</Description>
						<DataType>Text</DataType>
						<Reference type="BUSINESS_TERM">tir110-054</Reference>
						<Value type="EXAMPLE">1000 GG</Value>
					</Element>
					<Element cardinality="0..1">
						<Term>cbc:CountrySubentity</Term>
						<Name>Country subdivision</Name>
						<Description>The subdivision of a country such as region, county, state,
                            province etc.</Description>
						<DataType>Text</DataType>
						<Reference type="BUSINESS_TERM">tir110-055</Reference>
					</Element>
					<Element cardinality="0..1">
						<Term>cac:AddressLine</Term>
						<Name>Address line</Name>
						<Element cardinality="0..1">
							<Term>cbc:Line</Term>
							<Name>Address line 3</Name>
							<Description>An additional address line in an address that can be used to give further details supplementing the main line.</Description>
							<DataType>Text</DataType>
							<Value type="EXAMPLE">Gate 34</Value>
						</Element>
					</Element>
					<Element>
						<Term>cac:Country</Term>
						<Name>Country</Name>
						<Element>
							<Term>cbc:IdentificationCode</Term>
							<Name>Country code</Name>
							<Description>A code that identifies the country.The lists of valid
                                countries are registered with the ISO 3166-1 Maintenance agency,
                                "Codes for the representation of names of countries and their
                                subdivisions". Codes must be according to the alpha-2
                                representation.</Description>
							<DataType>Code</DataType>
							<Reference type="BUSINESS_TERM">tir110-056</Reference>
							<Reference type="CODE_LIST">ISO3166</Reference>
							<Value type="EXAMPLE">NL</Value>
						</Element>
					</Element>
				</Element>
				<Element>
					<Term>cac:PartyLegalEntity</Term>
					<Name>Party name</Name>

					<Element>
						<Term>cbc:RegistrationName</Term>
						<Name>Buyer name</Name>
						<Description>The full name of the buyer.The name of the party who ordered
							the items and receives the response.</Description>
						<DataType>Text</DataType>
						<Reference type="BUSINESS_TERM">tir110-010</Reference>
						<Value type="EXAMPLE">Customer AS</Value>
					</Element>
					<Element cardinality="0..1">
						<Term>cbc:CompanyID</Term>
						<Name>Buyers legal registration identifier</Name>
						<Description>Identifies a company as registered with the company
							registration scheme.</Description>
						<DataType>Identifier</DataType>
						<Reference type="BUSINESS_TERM">tir110-p009</Reference>
						<Attribute usage="Optional">
							<Term>schemeID</Term>
							<Name>Scheme identifier</Name>
							<Description>The identification scheme identifier of the buyer legal
								registration identifier.</Description>
							<Reference type="CODE_LIST">ICD</Reference>
							<Value type="EXAMPLE">0002</Value>
						</Attribute>
						<Value type="EXAMPLE">987654321</Value>
					</Element>
				</Element>
			</Element>
			<Element cardinality="0..1">
				<Term>cac:DeliveryContact</Term>
				<Name>Contact information</Name>
				<Description/>
				<Element cardinality="0..1">
					<Term>cbc:Name</Term>
					<Name>Contact point</Name>
					<Description>The name of the contact point.</Description>
					<DataType>Text</DataType>
					<Reference type="BUSINESS_TERM">tir110-078</Reference>
					<Value type="EXAMPLE">May Jones</Value>
				</Element>
				<Element cardinality="0..1">
					<Term>cbc:Telephone</Term>
					<Name>Contact telephone number</Name>
					<Description>A phone number for the contact point.</Description>
					<DataType>Text</DataType>
					<Reference type="BUSINESS_TERM">tir110-080</Reference>
					<Value type="EXAMPLE">+31 (0) 20 525 1111</Value>
				</Element>
				<Element cardinality="0..1">
					<Term>cbc:ElectronicMail</Term>
					<Name>Contact email address</Name>
					<Description>An e-mail address for the contact point.</Description>
					<DataType>Text</DataType>
					<Reference type="BUSINESS_TERM">tir110-081</Reference>
					<Value type="EXAMPLE">maj.jones@test.nl</Value>
				</Element>
			</Element>
		</Element>
		<Element cardinality="0..1">
			<Term>cac:OriginatorCustomerParty</Term>
			<Name>Originator party</Name>
			<Description>The unit initiating the order. Most often the end user.</Description>
			<Element cardinality="0..1">
				<Term>cac:Party</Term>
				<Name>Party information</Name>
				<Element cardinality="0..1">
					<Term>cac:PartyIdentification</Term>
					<Name>Party identification</Name>
					<Element>
						<Term>cbc:ID</Term>
						<Name>Originator identifier</Name>
						<Description>An identifier for the party that originally requested the
                            ordered items.</Description>
						<DataType>Identifier</DataType>
						<Reference type="BUSINESS_TERM">tir110-065</Reference>
						<Attribute usage="optional">
							<Term>schemeID</Term>
							<Name>Scheme identifier</Name>
							<Description>Scheme identifier for party identification</Description>
							<Reference type="CODE_LIST">ICD</Reference>
							<Value type="EXAMPLE">0088</Value>
						</Attribute>
						<Value type="EXAMPLE">7300010000001</Value>
					</Element>
				</Element>
				<Element cardinality="0..1">
					<Term>cac:PartyName</Term>
					<Name>Party name</Name>
					<Element>
						<Term>cbc:Name</Term>
						<Name>Originator name</Name>
						<Description>The name of the party that originally requested the ordered
                            items.</Description>
						<DataType>Text</DataType>
						<Reference type="BUSINESS_TERM">tir110-066</Reference>
						<Value type="EXAMPLE">Originator name</Value>
					</Element>
				</Element>
			</Element>
		</Element>
		<Element cardinality="0..1">
			<Term>cac:AccountingCustomerParty</Term>
			<Name>Accounting customer party/Invoicee</Name>
			<Description>The invoicee is the legal person or organization acting on behalf of the customer and who receives the invoice for the order.</Description>
			<Element cardinality="0..1">
				<Term>cac:Party</Term>
				<Name>Party information</Name>
				<Element cardinality="0..1">
					<Term>cac:PartyIdentification</Term>
					<Name>Party identification</Name>
					<Element>
						<Term>cbc:ID</Term>
						<Name>Accounting customer identifier</Name>
						<Description>A unique identifier of the accounting customer</Description>
						<DataType>Identifier</DataType>
						<Reference type="BUSINESS_TERM">tir110-064</Reference>
						<Attribute usage="optional">
							<Term>schemeID</Term>
							<Name>Scheme identifier</Name>
							<Description>Scheme identifier for party identification</Description>
							<Reference type="CODE_LIST">ICD</Reference>
							<Value type="EXAMPLE">0088</Value>
						</Attribute>
						<Value type="EXAMPLE">7300010000001</Value>
					</Element>
				</Element>
				<Element cardinality="0..1">
					<Term>cac:PartyName</Term>
					<Name>Party name</Name>
					<Description/>
					<Element>
						<Term>cbc:Name</Term>
						<Name>Accounting customer name</Name>
						<Description>Accounting customer name</Description>
						<DataType>Text</DataType>
						<Reference type="BUSINESS_TERM">tir110-063</Reference>
						<Value type="EXAMPLE">Information services</Value>
					</Element>
				</Element>
			</Element>
		</Element>
		<Element cardinality="0..1">
			<Term>cac:Delivery</Term>
			<Name>Delivery information</Name>
			<Description>Delivery gives information on when and where the goods and services are deleivered.</Description>
			<Element cardinality="0..1">
				<Term>cac:PromisedDeliveryPeriod</Term>
				<Name>Promised delivery period</Name>
				<Description>The period when the goods or services are delivered. </Description>
				<Element>
					<Term>cbc:StartDate</Term>
					<Name>Period start date</Name>
					<Description>The date when the period starts.The date is the first day of the
                        period. Must be formatted YYYY-MM-DD</Description>
					<DataType>Date</DataType>
					<Reference type="BUSINESS_TERM">tir110-082</Reference>
					<Value type="EXAMPLE">2018-05-15</Value>
				</Element>
				<Element cardinality="0..1">
					<Term>cbc:StartTime</Term>
					<Name>Period start time</Name>
					<Description>The start time of the period. Format = "hh:mm:ss"</Description>
					<DataType>Time</DataType>
					<Reference type="BUSINESS_TERM">tir110-083</Reference>
					<Value type="EXAMPLE">10:00:00</Value>
				</Element>
				<Element cardinality="0..1">
					<Term>cbc:EndDate</Term>
					<Name>Period end date</Name>
					<Description>The date on which the period ends.The date is the last day of the
                        period. Must be formatted YYYY-MM-DD</Description>
					<DataType>Date</DataType>
					<Reference type="BUSINESS_TERM">tir110-084</Reference>
					<Value type="EXAMPLE">2018-05-15</Value>
				</Element>
				<Element cardinality="0..1">
					<Term>cbc:EndTime</Term>
					<Name>Period end time</Name>
					<Description>The end time of the period.Format = "hh:mm:ss"</Description>
					<DataType>Time</DataType>
					<Reference type="BUSINESS_TERM">tir110-085</Reference>
					<Value type="EXAMPLE">12:30:00</Value>
				</Element>
			</Element>
			<Element cardinality="0..1">
				<Term>cac:DeliveryParty</Term>
				<Name>Delivery party</Name>

				<Element cardinality="0..1">
					<Term>cac:PartyIdentification</Term>
					<Name>Party identification</Name>
					<Element>
						<Term>cbc:ID</Term>
						<Name>Delivery party identifier</Name>
						<Description>A identifier for the party that carries out the
                            delivery.</Description>
						<DataType>Identifier</DataType>
						<Reference type="BUSINESS_TERM">tir110-068</Reference>
						<Attribute usage="optional">
							<Term>schemeID</Term>
							<Name>Scheme identifier</Name>
							<Description>Scheme identifier for party identification</Description>
							<Reference type="CODE_LIST">ICD</Reference>
							<Value type="EXAMPLE">0088</Value>
						</Attribute>
						<Value type="EXAMPLE">7300010000001</Value>
					</Element>
				</Element>
				<Element cardinality="0..1">
					<Term>cac:PartyName</Term>
					<Name>Party name</Name>
					<Element>
						<Term>cbc:Name</Term>
						<Name>Delivery party name</Name>
						<Description>The name of the party to which the goods and services are
                            deliverd.</Description>
						<DataType>Text</DataType>
						<Reference type="BUSINESS_TERM">tir110-067</Reference>
						<Value type="EXAMPLE">Delivery party name</Value>
					</Element>
				</Element>
				<Element cardinality="0..1">
					<Term>cac:PostalAddress</Term>
					<Name>Delivery party address</Name>
					<Element cardinality="0..1">
						<Term>cbc:StreetName</Term>
						<Name>Address line 1</Name>
						<Description>The main address line in an address. Usually the street name and
							number or post office box.</Description>
						<DataType>Text</DataType>

						<Value type="EXAMPLE">Main Street 23</Value>
					</Element>
					<Element cardinality="0..1">
						<Term>cbc:AdditionalStreetName</Term>
						<Name>Address line 2</Name>
						<Description>An additional address line in an address that can be used to
							give further details supplementing the main line.</Description>
						<DataType>Text</DataType>

						<Value type="EXAMPLE">3rd Floor</Value>
					</Element>
					<Element cardinality="0..1">
						<Term>cbc:CityName</Term>
						<Name>City</Name>
						<Description>The common name of a city where the address is
							located.</Description>
						<DataType>Text</DataType>

						<Value type="EXAMPLE">København V</Value>
					</Element>
					<Element cardinality="0..1">
						<Term>cbc:PostalZone</Term>
						<Name>Post code</Name>
						<Description>The identifier for an addressable group of properties according
							to the relevant postal service, such as a ZIP code or Post
							Code.</Description>
						<DataType>Text</DataType>

						<Value type="EXAMPLE">1550</Value>
					</Element>
					<Element cardinality="0..1">
						<Term>cbc:CountrySubentity</Term>
						<Name>Country subdivision</Name>
						<Description>The subdivision of a country such as region, county, state,
							province etc.</Description>
						<DataType>Text</DataType>

					</Element>
					<Element cardinality="0..1">
						<Term>cac:AddressLine</Term>
						<Name>Address line</Name>
						<Element cardinality="0..1">
							<Term>cbc:Line</Term>
							<Name>Address line 3</Name>
							<Description>An additional address line in an address that can be used to give further details supplementing the main line.</Description>
							<DataType>Text</DataType>
							<Value type="EXAMPLE">Gate 34</Value>
						</Element>
					</Element>
					<Element cardinality="0..1">
						<Term>cac:Country</Term>
						<Name>Country</Name>
						<Element>
							<Term>cbc:IdentificationCode</Term>
							<Name>Country code</Name>
							<Description>A code that identifies the country.The lists of valid
								countries are registered with the ISO 3166-1 Maintenance agency,
								"Codes for the representation of names of countries and their
								subdivisions". Codes must be according to the alpha-2
								representation.</Description>
							<DataType>Code</DataType>
							<Reference type="CODE_LIST">ISO3166</Reference>
							<Value type="EXAMPLE">DK</Value>
						</Element>
					</Element>
				</Element>
			</Element>
		</Element>
		<Element cardinality="0..1">
			<Term>cac:DeliveryTerms</Term>
			<Name>Delivery terms information</Name>
			<Description>Information on delivery location and special delivery terms</Description>
			<Element cardinality="0..1">
				<Term>cbc:ID</Term>
				<Name>Buyer delivery terms</Name>
				<Description>The terms that the buyer applies to the delivery the ordered
                    items.</Description>
				<DataType>Identifier</DataType>
				<Reference type="BUSINESS_TERM">tir110-069</Reference>
				<Value type="EXAMPLE">EXW</Value>
			</Element>
			<Element cardinality="0..1">
				<Term>cbc:SpecialTerms</Term>
				<Name>Delivery special terms</Name>
				<Description>A description of special conditions relating to the delivery
                    terms.</Description>
				<DataType>Text</DataType>
				<Reference type="BUSINESS_TERM">tir110-070</Reference>
				<Value type="EXAMPLE">Customer pick up</Value>
			</Element>
			<Element cardinality="0..1">
				<Term>cac:DeliveryLocation</Term>
				<Name>Delivery location information</Name>
				<Element>
					<Term>cbc:ID</Term>
					<Name>Delivery terms location</Name>
					<Description>The location to which the delivery terms refer. Used to qualify the
                        delivery terms e.g. "Terms of delivery are FOB Rotterdam"</Description>
					<DataType>Text</DataType>
					<Reference type="BUSINESS_TERM">tir110-071</Reference>
					<Value type="EXAMPLE">København</Value>
				</Element>
				<Element cardinality="0..1">
					<Term>cac:Address</Term>
					<Name>Delivery address information</Name>
					<Element cardinality="0..1">
						<Term>cbc:StreetName</Term>
						<Name>Address line 1</Name>
						<Description>The main address line in an address.Usually the street name and
                            number or post office box.</Description>
						<DataType>Text</DataType>
						<Reference type="BUSINESS_TERM">tir110-072</Reference>
						<Value type="EXAMPLE">Hovedgade 1</Value>
					</Element>
					<Element cardinality="0..1">
						<Term>cbc:AdditionalStreetName</Term>
						<Name>Address line 1</Name>
						<Description>An additional address line in an address that can be used to
                            give further details supplementing the main line.</Description>
						<DataType>Text</DataType>
						<Reference type="BUSINESS_TERM">tir110-073</Reference>
					</Element>
					<Element cardinality="0..1">
						<Term>cbc:CityName</Term>
						<Name>City</Name>
						<Description>The common name of a city where the address is
                            located.</Description>
						<DataType>Text</DataType>
						<Reference type="BUSINESS_TERM">tir110-074</Reference>
						<Value type="EXAMPLE">København</Value>
					</Element>
					<Element cardinality="0..1">
						<Term>cbc:PostalZone</Term>
						<Name>Post code</Name>
						<Description>The identifier for an addressable group of properties according
                            to the relevant postal service, such as a ZIP code or Post
                            Code.</Description>
						<DataType>Text</DataType>
						<Reference type="BUSINESS_TERM">tir110-075</Reference>
						<Value type="EXAMPLE">1550</Value>
					</Element>
					<Element cardinality="0..1">
						<Term>cbc:CountrySubentity</Term>
						<Name>Country subdivision</Name>
						<Description>The subdivision of a country such as region, county, state,
                            province etc.</Description>
						<DataType>Text</DataType>
						<Reference type="BUSINESS_TERM">tir110-076</Reference>
					</Element>
					<Element cardinality="0..1">
						<Term>cac:AddressLine</Term>
						<Name>Address line</Name>
						<Element cardinality="0..1">
							<Term>cbc:Line</Term>
							<Name>Address line 3</Name>
							<Description>An additional address line in an address that can be used to give further details supplementing the main line.</Description>
							<DataType>Text</DataType>
							<Value type="EXAMPLE">Gate 34</Value>
						</Element>
					</Element>
					<Element cardinality="0..1">
						<Term>cac:Country</Term>
						<Name>Country</Name>
						<Element>
							<Term>cbc:IdentificationCode</Term>
							<Name>Country code</Name>
							<Description>A code that identifies the country.The lists of valid
                                countries are registered with the ISO 3166-1 Maintenance agency,
                                "Codes for the representation of names of countries and their
                                subdivisions". Codes must be according to the alpha-2
                                representation.</Description>
							<DataType>Code</DataType>
							<Reference type="BUSINESS_TERM">tir110-077</Reference>
							<Reference type="CODE_LIST">ISO3166</Reference>
							<Value type="EXAMPLE">NL</Value>
						</Element>
					</Element>
				</Element>
			</Element>
		</Element>
		<Element cardinality="0..n">
			<Term>cac:AllowanceCharge</Term>
			<Name>Allowance or charge information</Name>
			<Description>Information on allowance and/or charges applies to the whole order agreement and is included in the calculation of the order agreement total amount.</Description>
			<Element>
				<Term>cbc:ChargeIndicator</Term>
				<Name>Charge indicator</Name>
				<Description>Boolean indicator, charge ='true', allowance = 'false'</Description>
				<DataType>Boolean</DataType>
				<Reference type="BUSINESS_TERM">OP-110-001</Reference>
				<Reference type="CODE_LIST">TrueFalse</Reference>
				<Value type="EXAMPLE">false</Value>
			</Element>

			<Element cardinality="0..1">
				<Term>cbc:AllowanceChargeReasonCode</Term>
				<Name>Document level allowance or charge reason code</Name>
				<Description>The reason for the document level allowance or charge, expressed as a code. For allowances a subset of codelist UNCL5189 is to be used, and for charges codelist UNCL7161 applies.
					The Document level allowance reason code and the Document level allowance reason shall indicate the same allowance reason</Description>
				<DataType>Code</DataType>
				<Reference type="CODE_LIST">UNCL5189</Reference>
				<Reference type="CODE_LIST">UNCL7161</Reference>
				<Value type="EXAMPLE">95</Value>
			</Element>

			<Element cardinality="0..n">
				<Term>cbc:AllowanceChargeReason</Term>
				<Name>Allowance or charge reason</Name>
				<Description>The reason for the allowance or charge, expressed as text.</Description>
				<DataType>Text</DataType>
				<Reference type="BUSINESS_TERM">OP-110-012OP-110-002</Reference>
				<Value type="EXAMPLE">Discount</Value>
			</Element>

			<Element cardinality="0..1">
				<Term>cbc:MultiplierFactorNumeric</Term>
				<Name>Document level allowance or charge percentage</Name>
				<Description>The percentage that may be used, in conjunction with the document level allowance base amount, to
					calculate the document level allowance or charge amount. To state 20%, use value 20.
				</Description>
				<DataType>Percentage</DataType>
				<Value type="EXAMPLE">20</Value>
			</Element>

			<Element>
				<Term>cbc:Amount</Term>
				<Name>Allowance or charge amount</Name>
				<Description>The allowance or charge amount (net amount).</Description>
				<DataType>Amount</DataType>
				<Reference type="BUSINESS_TERM">OP-110-011OP-110-001</Reference>
				<Reference type="RULE">PEPPOL-T110-R004</Reference>
				<Attribute>
					<Term>currencyID</Term>
					<Description>Currency identifier, if element "Order agreement currency" (tir110-007) is used, this attribute must be the same code as used there.</Description>

					<Reference type="CODE_LIST">ISO4217</Reference>
					<Value type="EXAMPLE">EUR</Value>
				</Attribute>
				<Value type="EXAMPLE">200</Value>
			</Element>

			<Element cardinality="0..1">
				<Term>cbc:BaseAmount</Term>
				<Name>Document level allowance or charge base amount</Name>
				<Description>The base amount that may be used, in conjunction with the document level allowance or charge percentage, to
					calculate the document level allowance or charge amount. Must be rounded to maximum 2 decimals
				</Description>
				<DataType>Amount</DataType>
				<Reference type="BUSINESS_TERM">tir110-p001</Reference>
				<Reference type="RULE">PEPPOL-T110-R004</Reference>
				<Attribute>
					<Term>currencyID</Term>
					<Description>Currency identifier, if element "Order agreement currency" (tir110-007) is used, this attribute must be the same code as used there</Description>
					<Reference type="CODE_LIST">ISO4217</Reference>
					<Value type="EXAMPLE">EUR</Value>
				</Attribute>

				<Value type="EXAMPLE">1000</Value>

			</Element>
			<Element>
				<Term>cac:TaxCategory</Term>
				<Name>TAX CATEGORY</Name>
				<Element>
					<Term>cbc:ID</Term>
					<Name>Document level allowance or charge TAX category code</Name>
					<Description>A coded identification of what TAX category applies to the document level allowance or charge.</Description>
					<DataType>Code</DataType>
					<Value type="EXAMPLE">S</Value>
				</Element>
				<Element cardinality="0..1">
					<Term>cbc:Percent</Term>
					<Name>Document level allowance or charge TAX rate</Name>
					<Description>The TAX rate, represented as percentage that applies to the document level allowance or charge.</Description>
					<DataType>Percentage</DataType>
					<Value type="EXAMPLE">25.00</Value>
				</Element>
				<Element>
					<Term>cac:TaxScheme</Term>
					<Name>Tax scheme information</Name>
					<Element>
						<Term>cbc:ID</Term>
						<Description>Tax scheme. E.g. “VAT” or “GST”</Description>
						<DataType>Identifier</DataType>
							<Reference type="BUSINESS_TERM">tir110-p007</Reference>
							<Value type="EXAMPLE">VAT or GST</Value>
					</Element>
				</Element>
			</Element>
		</Element>
		<Element cardinality="0..1">
			<Term>cac:TaxTotal</Term>
			<Name>Tax total information</Name>
			<Element>
				<Term>cbc:TaxAmount</Term>
				<Name>TAX total amount</Name>
				<Description>The total TAX amount.The sum of all TAX category tax
                    amounts.</Description>
				<DataType>Amount</DataType>
				<Reference type="BUSINESS_TERM">tir110-112</Reference>
				<Reference type="RULE">PEPPOL-T110-R004</Reference>
				<Reference type="RULE">PEPPOL-T110-R011</Reference>
				<Attribute>
					<Term>currencyID</Term>
					<Description>Currency identifier, if element "Order agreement currency" (tir110-007) is used, this attribute must be the same code as used there.</Description>
					<Reference type="CODE_LIST">ISO4217</Reference>
					<Value type="EXAMPLE">EUR</Value>
				</Attribute>
				<Value type="EXAMPLE">250</Value>
			</Element>
			<Element cardinality="0..n">
				<Term>cac:TaxSubtotal</Term>
				<Name>TAX breakdown</Name>
				<Description>A group of business terms providing information about TAX breakdown by different categories, rates
                    and exemption reasons</Description>
				<Element>
					<Term>cbc:TaxableAmount</Term>
					<Name>TAX category taxable amount</Name>
					<Description>Sum of all taxable amounts subject to a specific TAX category code
                        and TAX category rate (if the TAX category rate is applicable). The sum of
                        line net amounts minus allowances plus charges on document level which are
                        subject to a specific TAX categorycode and TAX category rate (if the TAX
                        category rate is applicable).</Description>
					<DataType>Amount</DataType>
					<Reference type="BUSINESS_TERM">OP-110-003</Reference>
					<Reference type="RULE">PEPPOL-T110-R004</Reference>
					<Attribute>
						<Term>currencyID</Term>
						<Description>Currency identifier, if element "Order agreement currency" (tir110-007) is used, this attribute must be the same code as used there.</Description>
						<Reference type="CODE_LIST">ISO4217</Reference>
						<Value type="EXAMPLE">EUR</Value>
					</Attribute>
					<Value type="EXAMPLE">1000</Value>
				</Element>
				<Element>
					<Term>cbc:TaxAmount</Term>
					<Name>TAX category tax amount</Name>
					<Description>The total TAX amount for a given TAX category.Calculated by
                        multiplying the TAX category taxable amount with the TAX category rate for
                        the relevant TAX category.</Description>
					<DataType>Amount</DataType>
					<Reference type="BUSINESS_TERM">OP-110-004</Reference>
					<Reference type="RULE">PEPPOL-T110-R004</Reference>
					<Attribute>
						<Term>currencyID</Term>
						<Description>Currency identifier, if element "Order agreement currency" (tir110-007) is used, this attribute must be the same code as used there.</Description>
						<Reference type="CODE_LIST">ISO4217</Reference>
						<Value type="EXAMPLE">EUR</Value>
					</Attribute>
					<Value type="EXAMPLE">1000</Value>
				</Element>
				<Element>
					<Term>cac:TaxCategory</Term>
					<Name>TAX category information</Name>
					<Element>
						<Term>cbc:ID</Term>
						<Name>TAX category code</Name>
						<Description>Coded identification of a TAX category.</Description>
						<DataType>Code</DataType>
						<Reference type="BUSINESS_TERM">OP-110-005</Reference>
						<Value type="EXAMPLE">S</Value>
					</Element>
					<Element cardinality="0..1">
						<Term>cbc:Percent</Term>
						<Name>TAX category rate</Name>
						<Description>The TAX rate, represented as percentage that applies for the
                            relevant TAX category.A TAX rate of 0% is applied for calculation
                            purposes, even if the item is outside the scope of TAX.</Description>
						<DataType>Percentage</DataType>
						<Reference type="BUSINESS_TERM">OP-110-006</Reference>
						<Value type="EXAMPLE">25</Value>
					</Element>
					<Element cardinality="0..1">
						<Term>cbc:TaxExemptionReason</Term>
						<Name>TAX exemption reason text</Name>
						<Description>A textual statement of the reason for why the base amount is
                            exempted from TAX.</Description>
						<DataType>Text</DataType>
						<Reference type="BUSINESS_TERM">OP-110-007</Reference>
						<Value type="EXAMPLE">Exempt</Value>
					</Element>
					<Element>
						<Term>cac:TaxScheme</Term>
						<Name>Tax scheme information</Name>
						<Element>
							<Term>cbc:ID</Term>
							<Description>Tax scheme. E.g. “VAT” or “GST”</Description>
							<DataType>Identifier</DataType>
						<Reference type="BUSINESS_TERM">tir110-p005</Reference>
						<Value type="EXAMPLE">VAT or GST</Value>
						</Element>
					</Element>
				</Element>
			</Element>
		</Element>
		<Element cardinality="0..1">
			<Term>cac:LegalMonetaryTotal</Term>
			<Name>Document totals</Name>
			<Element>
				<Term>cbc:LineExtensionAmount</Term>
				<Name>Sum of line amounts</Name>
				<Description>Sum of all line amounts in the document.</Description>
				<DataType>Amount</DataType>
				<Reference type="BUSINESS_TERM">tir110-086</Reference>
				<Reference type="RULE">PEPPOL-T110-R004</Reference>
				<Reference type="RULE">PEPPOL-T110-R006</Reference>
				<Reference type="RULE">PEPPOL-T110-R007</Reference>
				<Attribute>
					<Term>currencyID</Term>
					<Description>Currency identifier, if element "Order agreement currency" (tir110-007) is used, this attribute must be the same code as used there.</Description>
					<Reference type="CODE_LIST">ISO4217</Reference>
					<Value type="EXAMPLE">EUR</Value>
				</Attribute>
				<Value type="EXAMPLE">1200</Value>
			</Element>
			<Element>
				<Term>cbc:TaxExclusiveAmount</Term>
				<Name>Total amount without TAX</Name>
				<Description>The total amount of the document without TAX including all line net
                    amounts minus sum of allowance amount on document level plus sum of charges on
                    document level.</Description>
				<DataType>Amount</DataType>
				<Reference type="BUSINESS_TERM">tir110-087</Reference>
				<Reference type="RULE">PEPPOL-T110-R004</Reference>
				<Reference type="RULE">PEPPOL-T110-R010</Reference>
				<Reference type="RULE">PEPPOL-T110-R011</Reference>
				<Attribute>
					<Term>currencyID</Term>
					<Description>Currency identifier, if element "Order agreement currency" (tir110-007) is used, this attribute must be the same code as used there.</Description>
					<Reference type="CODE_LIST">ISO4217</Reference>
					<Value type="EXAMPLE">EUR</Value>
				</Attribute>
				<Value type="EXAMPLE">1000</Value>
			</Element>
			<Element>
				<Term>cbc:TaxInclusiveAmount</Term>
				<Name>Total amount with TAX</Name>
				<Description>The total amount of the document with TAX. The total amount with TAX is
                    the Total amount without TAX plus the Total TAX amount. The Total amount shall
                    be equal or greater than zero.</Description>
				<DataType>Amount</DataType>
				<Reference type="BUSINESS_TERM">tir110-088</Reference>
				<Reference type="RULE">PEPPOL-T110-R004</Reference>
				<Reference type="RULE">PEPPOL-T110-R011</Reference>
				<Reference type="RULE">PEPPOL-T110-R012</Reference>
				<Attribute>
					<Term>currencyID</Term>
					<Description>Currency identifier, if element "Order agreement currency" (tir110-007) is used, this attribute must be the same code as used there.</Description>
					<Reference type="CODE_LIST">ISO4217</Reference>
					<Value type="EXAMPLE">EUR</Value>
				</Attribute>
				<Value type="EXAMPLE">1250</Value>
			</Element>
			<Element cardinality="0..1">
				<Term>cbc:AllowanceTotalAmount</Term>
				<Name>Sum of allowances on document level</Name>
				<Description>Sum of all allowances on document levelAllowances on line level are
                    included in the line amount which is summed up into the "sum of line net
                    amount".</Description>
				<DataType>Amount</DataType>
				<Reference type="BUSINESS_TERM">OP-110-009</Reference>
				<Reference type="RULE">PEPPOL-T110-R004</Reference>
				<Reference type="RULE">PEPPOL-T110-R009</Reference>
				<Reference type="RULE">PEPPOL-T110-R010</Reference>
				<Attribute>
					<Term>currencyID</Term>
					<Description>Currency identifier, if element "Order agreement currency" (tir110-007) is used, this attribute must be the same code as used there.</Description>
					<Reference type="CODE_LIST">ISO4217</Reference>
					<Value type="EXAMPLE">EUR</Value>
				</Attribute>
				<Value type="EXAMPLE">200</Value>
			</Element>
			<Element cardinality="0..1">
				<Term>cbc:ChargeTotalAmount</Term>
				<Name>Sum of charges on document level</Name>
				<Description>Sum of all charges on document level.Charges on line level are included
                    in the line amount which is summed up into the "sum of line net
                    amount".</Description>
				<DataType>Amount</DataType>
				<Reference type="BUSINESS_TERM">OP-110-008</Reference>
				<Reference type="RULE">PEPPOL-T110-R004</Reference>
				<Reference type="RULE">PEPPOL-T110-R008</Reference>
				<Reference type="RULE">PEPPOL-T110-R010</Reference>
				<Attribute>
					<Term>currencyID</Term>
					<Description>Currency identifier, if element "Order agreement currency" (tir110-007) is used, this attribute must be the same code as used there.</Description>
					<Reference type="CODE_LIST">ISO4217</Reference>
					<Value type="EXAMPLE">EUR</Value>
				</Attribute>
				<Value type="EXAMPLE">0</Value>
			</Element>
			<Element cardinality="0..1">
				<Term>cbc:PrepaidAmount</Term>
				<Name>Paid amounts</Name>
				<Description>The sum of amounts which have been paid a-priori.</Description>
				<DataType>Amount</DataType>
				<Reference type="BUSINESS_TERM">tir110-089</Reference>
				<Reference type="RULE">PEPPOL-T110-R004</Reference>
				<Reference type="RULE">PEPPOL-T110-R012</Reference>
				<Attribute>
					<Term>currencyID</Term>
					<Description>Currency identifier, if element "Order agreement currency" (tir110-007) is used, this attribute must be the same code as used there.</Description>
					<Reference type="CODE_LIST">ISO4217</Reference>
					<Value type="EXAMPLE">EUR</Value>
				</Attribute>
				<Value type="EXAMPLE">500</Value>
			</Element>
			<Element cardinality="0..1">
				<Term>cbc:PayableRoundingAmount</Term>
				<Name>Rounding of document total</Name>
				<Description>Any rounding of the "Document total including TAX"</Description>
				<DataType>Amount</DataType>
				<Reference type="BUSINESS_TERM">OP-110-010</Reference>
				<Reference type="RULE">PEPPOL-T110-R004</Reference>
				<Reference type="RULE">PEPPOL-T110-R012</Reference>
				<Attribute>
					<Term>currencyID</Term>
					<Description>Currency identifier, if element "Order agreement currency" (tir110-007) is used, this attribute must be the same code as used there.</Description>
					<Reference type="CODE_LIST">ISO4217</Reference>
					<Value type="EXAMPLE">EUR</Value>
				</Attribute>
				<Value type="EXAMPLE">0.13</Value>
			</Element>
			<Element>
				<Term>cbc:PayableAmount</Term>
				<Name>Amount due for payment</Name>
				<Description>The outstanding amount that is requested to be paid.This amount is the
                    "document total amount with TAX" minus the "Paid amount" that has been paid
                    a-priori. The amount will be zero in case the document total amount with TAX is
                    fully paid .</Description>
				<DataType>Amount</DataType>
				<Reference type="BUSINESS_TERM">tir110-090</Reference>
				<Reference type="RULE">PEPPOL-T110-R004</Reference>
				<Reference type="RULE">PEPPOL-T110-R005</Reference>
				<Reference type="RULE">PEPPOL-T110-R012</Reference>
				<Attribute>
					<Term>currencyID</Term>
					<Description>Currency identifier, if element "Order agreement currency" (tir110-007) is used, this attribute must be the same code as used there.</Description>
					<Reference type="CODE_LIST">ISO4217</Reference>
					<Value type="EXAMPLE">EUR</Value>
				</Attribute>
				<Value type="EXAMPLE">750</Value>
			</Element>
		</Element>
		<Element cardinality="1..n">
			<Term>cac:OrderLine</Term>
			<Name>Order agreement line information</Name>
			<Element>
				<Term>cac:LineItem</Term>
				<Name>Line item information</Name>
				<Element>
					<Term>cbc:ID</Term>
					<Name>Order agreement line identifier</Name>
					<Description>An identifier for an individual line that is unique within an order
                        agreement.</Description>
					<DataType>Identifier</DataType>
					<Reference type="BUSINESS_TERM">tir110-022</Reference>
					<Value type="EXAMPLE">1</Value>
				</Element>
				<Element cardinality="0..1">
					<Term>cbc:Note</Term>
					<Name>Order agreement line note</Name>
					<Description>Free-form text applying to the order agreement line.</Description>
					<DataType>Text</DataType>
					<Reference type="BUSINESS_TERM">tir110-091</Reference>
					<Value type="EXAMPLE">Example text of this order agreement line</Value>
				</Element>
				<Element>
					<Term>cbc:Quantity</Term>
					<Name>Ordered quantity</Name>
					<Description>The number of item units that are ordered.</Description>
					<DataType>Quantity</DataType>
					<Reference type="BUSINESS_TERM">tir110-093</Reference>
					<Attribute>
						<Term>unitCode</Term>
						<Name>Ordered quantity unit of measure</Name>
						<Description>The unit of measure that applies to the ordered quantity.</Description>
						<DataType>Code</DataType>
						<Reference type="CODE_LIST">UNECERec20</Reference>
						<Value type="EXAMPLE">C62</Value>
					</Attribute>
					<Value type="EXAMPLE">10</Value>
				</Element>
				<Element cardinality="0..1">
					<Term>cbc:LineExtensionAmount</Term>
					<Name>Order agreeement line amount</Name>
					<Description>Order agreeement line amountThe total amount for the order
                        agreement line, including all taxes except TAX.</Description>
					<DataType>Amount</DataType>
					<Reference type="BUSINESS_TERM">tir110-092</Reference>
					<Reference type="RULE">PEPPOL-T110-R004</Reference>
					<Reference type="RULE">PEPPOL-T110-R006</Reference>
					<Reference type="RULE">PEPPOL-T110-R007</Reference>
					<Reference type="RULE">PEPPOL-T110-R010</Reference>
					<Attribute>
						<Term>currencyID</Term>
						<Description>Currency identifier, if element "Order agreement currency" (tir110-007) is used, this attribute must be the same code as used there.</Description>
						<Reference type="CODE_LIST">ISO4217</Reference>
						<Value type="EXAMPLE">EUR</Value>
					</Attribute>
					<Value type="EXAMPLE">1000</Value>
				</Element>
				<Element cardinality="0..1">
					<Term>cac:Delivery</Term>
					<Name>Delivery information on order agreeement line level</Name>
					<Element cardinality="0..1">
						<Term>cbc:Quantity</Term>
						<Name>Accepted quantity</Name>
						<Description>The number of item units that are delivered.</Description>
						<DataType>Quantity</DataType>
						<Reference type="BUSINESS_TERM">tir110-028</Reference>
						<Attribute>
							<Term>unitCode</Term>
							<Name>Accepted quantity unit of measure</Name>
							<Description>The unit of measure that applies to the accepted quantity.</Description>
							<DataType>Code</DataType>
							<Reference type="CODE_LIST">UNECERec20</Reference>
							<Value type="EXAMPLE">C62</Value>
						</Attribute>
						<Value type="EXAMPLE">10</Value>
					</Element>
					<Element cardinality="0..1">
						<Term>cac:PromisedDeliveryPeriod</Term>
						<Name>Promised delivery period for the order agreement line</Name>
						<Element>
							<Term>cbc:StartDate</Term>
							<Name>Period start date</Name>
							<Description>The date when the period starts. Must be formatted YYYY-MM-DD</Description>
							<DataType>Date</DataType>
							<Reference type="BUSINESS_TERM">tir110-030</Reference>
							<Value type="EXAMPLE">2018-05-15</Value>
						</Element>
						<Element cardinality="0..1">
							<Term>cbc:StartTime</Term>
							<Name>Period start time</Name>
							<Description>The start time of the period. Format = "hh:mm:ss"</Description>
							<DataType>Time</DataType>
							<Reference type="BUSINESS_TERM">tir110-110</Reference>
							<Value type="EXAMPLE">11:00:00</Value>
						</Element>
						<Element cardinality="0..1">
							<Term>cbc:EndDate</Term>
							<Name>Period end date</Name>
							<Description>The date on which the period ends.The date is the last day
                                of the period. Must be formatted YYYY-MM-DD</Description>
							<DataType>Date</DataType>
							<Reference type="BUSINESS_TERM">tir110-031</Reference>
							<Value type="EXAMPLE">2018-05-15</Value>
						</Element>
						<Element cardinality="0..1">
							<Term>cbc:EndTime</Term>
							<Name>Period end time</Name>
							<Description>The end time of the period. Format = "hh:mm:ss"</Description>
							<DataType>Time</DataType>
							<Reference type="BUSINESS_TERM">tir110-111</Reference>
							<Value type="EXAMPLE">12:00:00</Value>
						</Element>
					</Element>
				</Element>
				<Element>
					<Term>cac:Price</Term>
					<Name>Price information</Name>
					<Element>
						<Term>cbc:PriceAmount</Term>
						<Name>Item net price</Name>
						<Description>The price of an item, exclusive of TAX, after subtracting item
                            price discount."The net price has to be equal with the gross price less
                            the item price discount.</Description>
						<DataType>Price Amount</DataType>
						<Reference type="BUSINESS_TERM">tir110-109</Reference>
						<Reference type="RULE">PEPPOL-T110-R001</Reference>
						<Reference type="RULE">PEPPOL-T110-R004</Reference>
						<Attribute>
							<Term>currencyID</Term>
							<Description>Currency identifier, if element "Order agreement currency" (tir110-007) is used, this attribute must be the same code as used there.</Description>
							<Reference type="CODE_LIST">ISO4217</Reference>
							<Value type="EXAMPLE">EUR</Value>
						</Attribute>
						<Value type="EXAMPLE">100</Value>
					</Element>
					<Element cardinality="0..1">
						<Term>cbc:BaseQuantity</Term>
						<Name>Item price base quantity</Name>
						<Description>The number of item units to which the price applies.</Description>
						<DataType>Quantity</DataType>
						<Reference type="BUSINESS_TERM">tir110-027</Reference>
						<Attribute usage="Optional">
							<Term>unitCode</Term>
							<Name>Base quantity unit of measure</Name>
							<Description>The unit of measure that applies to the base quantity.</Description>
							<DataType>Code</DataType>
							<Reference type="CODE_LIST">UNECERec20</Reference>
							<Value type="EXAMPLE">C62</Value>
						</Attribute>
						<Value type="EXAMPLE">1</Value>
					</Element>
					<Element cardinality="0..1">
						<Term>cbc:PriceType</Term>
						<Name>Price type</Name>
						<Description>The type of the item price. The type may be given by using codes from UN/CEFACT code list 5387.</Description>
						<DataType>Text</DataType>
						<Reference type="BUSINESS_TERM">OP-110-017</Reference>
					</Element>

					<Element cardinality="0..1">
						<Term>cac:AllowanceCharge</Term>
						<Name>Price discount information</Name>
						<Description>Information on discounts connected to the price </Description>
						<Element>
							<Term>cbc:ChargeIndicator</Term>
							<Name>AllowanceChargeIndicator</Name>
							<Description>Only discounts are allowed for the price, hence the only valid value is false (meaning an allowance)</Description>
							<DataType>Boolean</DataType>
							<Value type="FIXED">false</Value>
						</Element>
						<Element>
							<Term>cbc:Amount</Term>
							<Name>Discount amount</Name>
							<Description>Discount amount connected to the price</Description>
							<DataType>Price amount</DataType>
							<Reference type="BUSINESS_TERM">tir110-p002</Reference>
							<Reference type="RULE">PEPPOL-T110-R004</Reference>
							<Reference type="RULE">PEPPOL-T110-R008</Reference>
							<Reference type="RULE">PEPPOL-T110-R009</Reference>
							<Attribute>
								<Term>currencyID</Term>
								<Description>Currency identifier, if element "Order agreement currency" (tir110-007) is used, this attribute must be the same code as used there.</Description>
								<Reference type="CODE_LIST">ISO4217</Reference>
								<Value type="EXAMPLE">EUR</Value>
							</Attribute>
							<Value type="EXAMPLE">200</Value>
						</Element>
						<Element cardinality="0..1">
							<Term>cbc:BaseAmount</Term>
							<Name>Item list price</Name>
							<Description>The gross price of the item before subtracting discounts.
								E.g. list price.</Description>
							<DataType>Price amount</DataType>
							<Reference type="BUSINESS_TERM">tir110-p003</Reference>
							<Reference type="RULE">PEPPOL-T110-R004</Reference>
							<Attribute>
								<Term>currencyID</Term>
								<Description>Currency identifier, if element "Order agreement currency" (tir110-007) is used, this attribute must be the same code as used there.</Description>
								<Reference type="CODE_LIST">ISO4217</Reference>
								<Value type="EXAMPLE">EUR</Value>
							</Attribute>
							<Value type="EXAMPLE">200</Value>
						</Element>
					</Element>
				</Element>
				<Element>
					<Term>cac:Item</Term>
					<Name>Item information</Name>

					<Element cardinality="0..1">
						<Term>cbc:Description</Term>
						<Name>Item description</Name>
						<Description>Free-form field that can be used to give a text description of
							the item. A detailed description of the item.</Description>
						<DataType>Text</DataType>
						<Reference type="BUSINESS_TERM">tir110-095</Reference>
						<Value type="EXAMPLE">Window 23", double glass</Value>
					</Element>
					<Element>
						<Term>cbc:Name</Term>
						<Name>Item name</Name>
						<Description>A name for an item. A short name given to an
							item, such as a name from a Catalogue, as distinct from a
							description.</Description>
						<DataType>Text</DataType>
						<Reference type="BUSINESS_TERM">tir110-032</Reference>
						<Value type="EXAMPLE">Window</Value>
					</Element>

					<Element cardinality="0..1">
						<Term>cac:BuyersItemIdentification</Term>
						<Name>Buyers item identification</Name>
						<Element>
							<Term>cbc:ID</Term>
							<Name>Buyers item identifier</Name>
							<Description>An identifier, assigned by the buyer, for the
								item. Associates the item with its identification according to the
								buyer's system. </Description>
							<DataType>Identifier</DataType>
							<Reference type="BUSINESS_TERM">tir19-091</Reference>
							<Value type="EXAMPLE">111111</Value>
						</Element>
					</Element>
					<Element cardinality="0..1">
						<Term>cac:SellersItemIdentification</Term>
						<Name>Sellers item identification</Name>
						<Reference type="RULE">PEPPOL-T110-R002</Reference>
						<Element>
							<Term>cbc:ID</Term>
							<Name>The Sellers item identifier</Name>
							<Description>An identifier, assigned by the seller, for the
                                item. Associates the item with its identification according to the
                                seller's system. </Description>
							<DataType>Identifier</DataType>
							<Reference type="BUSINESS_TERM">tir110-033</Reference>
							<Value type="EXAMPLE">3249834</Value>
						</Element>
					</Element>
					<Element cardinality="0..1">
						<Term>cac:StandardItemIdentification</Term>
						<Name>Standard item identification</Name>
						<Reference type="RULE">PEPPOL-T110-R002</Reference>
						<Element>
							<Term>cbc:ID</Term>
							<Name>Item standard identifier</Name>
							<Description>An item identifier based on a registered scheme. Associates
                                the item with its identification according to a standard system.</Description>
							<DataType>Identifier</DataType>
							<Reference type="BUSINESS_TERM">tir110-034</Reference>

							<Attribute>
								<Term>schemeID</Term>
								<Name>Item standard identifier identification scheme identifier</Name>
								<Description>The identification scheme identifier of the Item standard identifier</Description>
								<Reference type="CODE_LIST">ICD</Reference>
								<Value type="EXAMPLE">0160</Value>
							</Attribute>
							<Value type="EXAMPLE">05704066204093</Value>
						</Element>
					</Element>
					<Element cardinality="0..1">
						<Term>cac:ItemSpecificationDocumentReference</Term>
						<Name>Item document references</Name>
						<Element>
							<Term>cbc:ID</Term>
							<Name>Document identifier</Name>
							<Description>Identifier of a document</Description>
							<DataType>Identifier</DataType>
							<Reference type="BUSINESS_TERM">tir110-102</Reference>
							<Value type="EXAMPLE">docid7687</Value>
						</Element>
						<Element cardinality="0..1">
							<Term>cbc:DocumentTypeCode</Term>
							<Name>External Item Specifications Type</Name>
							<Description>A functional description of the attachment/image expressed as code</Description>
							<DataType>Code</DataType>
							<Reference type="CODE_LIST">UNCL1001</Reference>
							<Reference type="CODE_LIST">Image</Reference>
							<Reference type="BUSINESS_TERM">tir110-p008</Reference>
						</Element>
						<Element cardinality="0..1">
							<Term>cbc:DocumentType</Term>
							<Name>Document description</Name>
							<Description>Textual description of the document.</Description>
							<DataType>Text</DataType>
							<Reference type="BUSINESS_TERM">tir110-103</Reference>
							<Value type="EXAMPLE">Picture of window</Value>
						</Element>
						<Element cardinality="0..1">
							<Term>cac:Attachment</Term>
							<Name>Attachment information</Name>
							<Element cardinality="0..1">
								<Term>cbc:EmbeddedDocumentBinaryObject</Term>
								<Name>Attached document</Name>
								<Description>The attached document embeded as binary object, coded as Base64.
									The binary object has two supplementary components: a Mime Code, which specifies the Mime type of the attachment and a Filename
									that is provided by (or on behalf of) the sender of the document</Description>
								<DataType>Binary objects</DataType>
								<Reference type="BUSINESS_TERM">tir110-105</Reference>
								<Attribute>
									<Term>mimeCode</Term>
									<Name>Attached document Mime code</Name>
									<Description>The mime code of the attached document.</Description>
									<Reference type="CODE_LIST">MimeCode</Reference>
									<Value type="EXAMPLE">application/pdf</Value>
								</Attribute>
								<Attribute>
									<Term>filename</Term>
									<Name>Attached document Filename</Name>
									<Description>The file name of the attached document</Description>
									<Value type="EXAMPLE">Hours-spent.pdf</Value>
								</Attribute>
								<Value type="EXAMPLE">QklTIE9yZGVyIEFncmVlbWVudCAtIDQyQQ==</Value>
							</Element>
							<Element cardinality="0..1">
								<Term>cac:ExternalReference</Term>
								<Name>External reference</Name>
								<Element cardinality="0..1">
									<Term>cbc:URI</Term>
									<Name>External document URI</Name>
									<Description>The Uniform Resource Identifier (URI) that
                                        identifies where the external document is
                                        located.</Description>
									<DataType>Text</DataType>
									<Reference type="BUSINESS_TERM">tir110-104</Reference>
									<Value type="EXAMPLE">http://www.example.com/index.html</Value>
								</Element>
							</Element>
						</Element>
					</Element>
					<Element cardinality="0..n">
						<Term>cac:CommodityClassification</Term>
						<Name>Commodity classification information</Name>
						<Element cardinality="0..1">
							<Term>cbc:ItemClassificationCode</Term>
							<Name>Item classification code</Name>
							<Description>A code for classifying the item by its type or nature. Classification codes are used to
                                allow grouping of similar items for a various purposes e.g. public
                                procurement (CPV), e-Commerce (UNSPSC) etc.</Description>
							<DataType>Code</DataType>
							<Reference type="BUSINESS_TERM">tir110-096</Reference>
							<Reference type="BUSINESS_TERM">tir110-097</Reference>
							<Attribute>
								<Term>listID</Term>
								<Name>Item classification identifier identification scheme identifier</Name>
								<Description>The identification scheme identifier of the Item classification identifier</Description>
								<Reference type="CODE_LIST">UNCL7143</Reference>
								<Value type="EXAMPLE">MP</Value>
							</Attribute>
							<Attribute usage="Optional">
								<Term>listVersionID</Term>
								<Name>Item classification identifier version identification scheme identifier</Name>
								<Description>The identification scheme version identifier of the Item classification identifier</Description>
								<Value type="EXAMPLE">20.0601</Value>	
							</Attribute>
							<Attribute usage="Optional">
								<Term>name</Term>
								<Name>Clear text name equivalent of classification code</Name>
								<Description>The textual equivalent of the code value</Description>
								<Value type="EXAMPLE">Office furniture</Value>	
							</Attribute>
							<Value type="EXAMPLE">16B</Value>
						</Element>
					</Element>
					<Element cardinality="0..1">
						<Term>cac:TransactionConditions</Term>
						<Name>Contracted item</Name>
						<Element>
							<Term>cbc:ActionCode</Term>
							<Name>Contracted item indicator</Name>
							<Description>The code CT indicates that the item is offered in accordance to the referenced contract.</Description>
							<DataType>Code</DataType>
							<Reference type="BUSINESS_TERM">tir110-094</Reference>
							<Value type="FIXED">CT</Value>
						</Element>

					</Element>
					<Element cardinality="0..1">
						<Term>cac:ClassifiedTaxCategory</Term>
						<Name>Line TAX information</Name>
						<Element>
							<Term>cbc:ID</Term>
							<Name>Item TAX category code</Name>
							<Description>The TAX category code for the item.</Description>
							<DataType>Code</DataType>
							<Reference type="BUSINESS_TERM">tir110-106</Reference>
							<Value type="EXAMPLE">S</Value>
						</Element>
						<Element cardinality="0..1">
							<Term>cbc:Percent</Term>
							<Name>Line TAX rate</Name>
							<Description>The TAX percentage rate that applies to the line
                                amount.</Description>
							<DataType>Percentage</DataType>
							<Reference type="BUSINESS_TERM">tir110-107</Reference>
							<Value type="EXAMPLE">25</Value>
						</Element>
						<Element>
							<Term>cac:TaxScheme</Term>
							<Name>Tax scheme information</Name>
							<Element>
								<Term>cbc:ID</Term>
								<Description>Tax scheme. E.g. “VAT” or “GST”</Description>
								<DataType>Identifier</DataType>
							<Reference type="BUSINESS_TERM">tir110-p006</Reference>
							<Value type="EXAMPLE">VAT or GST</Value>
							</Element>
						</Element>
					</Element>
					<Element cardinality="0..n">
						<Term>cac:AdditionalItemProperty</Term>
						<Name>Additional item property information</Name>
						<Description>A group of business terms providing information about properties of the goods and services invoiced.</Description>
						<Element>
							<Term>cbc:Name</Term>
							<Name>Item property name</Name>
							<Description>The name of the property.The name must be sufficiently
                                descriptive to define the value. The definition may be supplemented
                                with the property unit of measure when relevant.</Description>
							<DataType>Text</DataType>
							<Reference type="BUSINESS_TERM">tir110-098</Reference>
							<Value type="EXAMPLE">Color</Value>
						</Element>
						<Element cardinality="0..1">
							<Term>cbc:NameCode</Term>
							<Name>Item property code</Name>
							<Description>Code for the item property according to a property code system.</Description>
							<DataType>Code</DataType>
							<Reference type="BUSINESS_TERM">tir110-101</Reference>
							<Attribute>
								<Term>listID</Term>
								<Name>Name code list id.</Name>
								<Description>An identifier for the code list used for the Name code, this is bilaterally agreed</Description>

							</Attribute>
						</Element>
						<Element>
							<Term>cbc:Value</Term>
							<Name>Item property value</Name>
							<Description>The value of the item property.</Description>
							<DataType>Text</DataType>
							<Reference type="BUSINESS_TERM">tir110-099</Reference>
							<Value type="EXAMPLE">Red</Value>
						</Element>
						<Element cardinality="0..1">
							<Term>cbc:ValueQuantity</Term>
							<Name>Item property unit of measure</Name>
							<Description>The unit of measure in which the property value is stated,
                                if relevant. May not be relevant when properties are
                                descriptive.</Description>
							<DataType>Quantity</DataType>
							<Reference type="BUSINESS_TERM">tir110-100</Reference>
							<Attribute>
								<Term>unitCode</Term>
								<Name>Value quantity unit of measure</Name>
								<Description>The unit of measure that applies to the value quantity.</Description>
								<DataType>Code</DataType>
								<Reference type="CODE_LIST">UNECERec20</Reference>
							</Attribute>
						</Element>
						<Element cardinality="0..1">
							<Term>cbc:ValueQualifier</Term>
							<Name>Property classification</Name>
              <Description>Standardized and predefined classification of items properties.</Description>
							<DataType>Text</DataType>
							<Reference type="BUSINESS_TERM">tir110-p004</Reference>
						</Element>
					</Element>
					<Element cardinality="0..n">
						<Term>cac:Certificate</Term>
						<Name>Item label information</Name>
						<Description>Information about the items environmental, social, ethical and quality type of labelling.</Description>
						<Element>
							<Term>cbc:ID</Term>
							<Name>Item label name</Name>
							<Description>The name of the product label.</Description>
							<DataType>Identifier</DataType>
							<Reference type="BUSINESS_TERM">OP-110-013</Reference>
							<Value type="EXAMPLE">EU EcoLabel</Value>
						</Element>
						<Element>
							<Term>cbc:CertificateTypeCode</Term>
							<Name>Certificate type code</Name>
							<Description>The UBL structure used for item labeling requires this elements,
                                use the value NA.</Description>
							<DataType>Code</DataType>
							<Value type="FIXED">NA</Value>
						</Element>
						<Element>
							<Term>cbc:CertificateType</Term>
							<Name>Item label type</Name>
							<Description>The label type such environmental, quality, social
                                etc.</Description>
							<DataType>Text</DataType>
							<Reference type="BUSINESS_TERM">OP-110-015</Reference>
							<Value type="EXAMPLE">Environmental</Value>
						</Element>
						<Element cardinality="0..n">
							<Term>cbc:Remarks</Term>
							<Name>Item label value</Name>
							<Description>The label value that applies to the item.</Description>
							<DataType>Text</DataType>
							<Reference type="BUSINESS_TERM">OP-110-014</Reference>
							<Value type="EXAMPLE">Item label value</Value>
						</Element>
						<Element>
							<Term>cac:IssuerParty</Term>
							<Name>Issuer party information</Name>
							<Element>
								<Term>cac:PartyName</Term>
								<Name>Party name</Name>
								<Element>
									<Term>cbc:Name</Term>
									<Name>Issuer name</Name>
									<Description>The UBL structure used for item labeling requires this elements,
                                        use the value NA.</Description>
									<DataType>Text</DataType>
									<Value type="EXAMPLE">NA</Value>
								</Element>
							</Element>
						</Element>
						<Element cardinality="0..n">
							<Term>cac:DocumentReference</Term>
							<Name>Label document</Name>
							<Element>
								<Term>cbc:ID</Term>
								<Name>Item label reference</Name>
								<Description>A reference to where the label specification can be
                                    found, e.g. a URI.</Description>
								<DataType>Document reference</DataType>
								<Reference type="BUSINESS_TERM">OP-110-016</Reference>
								<Value type="EXAMPLE">http://www.label.eu/test/</Value>
							</Element>
						</Element>
					</Element>
				</Element>
			</Element>
		</Element>
	</Document>
</Structure>
