<?xml version="1.0" encoding="UTF-8"?>
<Element xmlns="urn:fdc:difi.no:2017:vefa:structure-1">

        <Term>cac:AccountingSupplierParty</Term>
        <Name>SELLER</Name>
        <Description>A group of business terms providing information about the Seller.</Description>
        <Reference type="BUSINESS_TERM">BG-4</Reference>
        
        <Element>
            <Term>cac:Party</Term>
            <Name>PARTY</Name>
            
            <Element>
                <Term>cbc:EndpointID</Term>
                <Name>Seller electronic address</Name>
                <Description>Identifies the Seller's electronic address to which the application level response to the invoice may be delivered.</Description>
                <DataType>Identifier</DataType>
                <Reference type="BUSINESS_TERM">BT-34</Reference>
                <Reference type="RULE">BR-62</Reference>
                <Reference type="RULE">BR-CL-25</Reference>
                <Reference type="RULE">PEPPOL-EN16931-R020</Reference>
                <Reference type="RULE">PEPPOL-COMMON-R040</Reference>
                <Reference type="RULE">PEPPOL-COMMON-R041</Reference>
                <Reference type="RULE">PEPPOL-COMMON-R042</Reference>
				<Reference type="RULE">PEPPOL-COMMON-R043</Reference>
				<Reference type="RULE">PEPPOL-COMMON-R044</Reference>
				<Reference type="RULE">PEPPOL-COMMON-R045</Reference>
				<Reference type="RULE">PEPPOL-COMMON-R046</Reference>
				<Reference type="RULE">PEPPOL-COMMON-R047</Reference>
				<Reference type="RULE">PEPPOL-COMMON-R048</Reference>	
				<Reference type="RULE">PEPPOL-COMMON-R049</Reference>
				<Reference type="RULE">PEPPOL-COMMON-R050</Reference>
				
                <Reference type="RULE">PEPPOL-EN16931-CL008</Reference>
                
                
                <Attribute>
                
                    <Term>schemeID</Term>
                    <Name>Seller electronic address identification scheme identifier</Name>
                    <Description>The identification scheme identifier of the Seller electronic address</Description>
                    <Reference type="CODE_LIST">eas</Reference>
                    <Value type="EXAMPLE">0088</Value>
                </Attribute>
                
                <Value type="EXAMPLE">7300010000001</Value>
            </Element>
            
            <Element cardinality="0..n">
                <Term>cac:PartyIdentification</Term>
                <Name>PARTY IDENTIFICATION</Name>
                
                
                <Element>
                    <Term>cbc:ID</Term>
                    <Name>Seller identifier or bank assigned creditor identifier</Name>
                    <Description>This element is used for both the identification of the Seller, or the unique banking reference identifier of Seller (assigned by the Seller bank.). For seller identification use ICD code list, for SEPA bank assigned creditor reference, use SEPA.
                     In order for the buyer to automatically identify a supplier, the Seller identifier (BT-29), the Seller legal registration identifier (BT-30) and/or the Seller VAT identifier (BT-31) shall be present</Description>
                    <DataType>Identifier</DataType>
                    <Reference type="BUSINESS_TERM">BT-29, BT-90</Reference>
                    <Reference type="RULE">BR-CO-26</Reference>
                    <Reference type="RULE">PEPPOL-COMMON-R040</Reference>
                    <Reference type="RULE">PEPPOL-COMMON-R041</Reference>
                    <Reference type="RULE">PEPPOL-COMMON-R042</Reference>
                    <Reference type="RULE">PEPPOL-COMMON-R043</Reference>
					<Reference type="RULE">PEPPOL-COMMON-R044</Reference>
					<Reference type="RULE">PEPPOL-COMMON-R045</Reference>
					<Reference type="RULE">PEPPOL-COMMON-R046</Reference>
					<Reference type="RULE">PEPPOL-COMMON-R047</Reference>
					<Reference type="RULE">PEPPOL-COMMON-R048</Reference>
					<Reference type="RULE">PEPPOL-COMMON-R049</Reference>
					<Reference type="RULE">PEPPOL-COMMON-R050</Reference>
					
                    <Attribute usage="Optional">
                        <Term>schemeID</Term>
                        <Name>Seller or bank assigned creditor identifier identification scheme identifier</Name>
                        <Description>The identification scheme identifier of the Seller identifier. For bank assigned creditor identifier (BT-90), value MUST be "SEPA"</Description>
                        <Reference type="RULE">BR-CL-10</Reference>
                        <Reference type="RULE">DK-R-013</Reference>
                        <Reference type="CODE_LIST">ICD</Reference>
                        <Reference type="CODE_LIST">SEPA</Reference>
                        <Value type="EXAMPLE">0088</Value>
                    </Attribute>
                    
                    <Value type="EXAMPLE">5060012349998</Value>
                    
                </Element>
                
            </Element>
            
            <Element cardinality="0..1">
                <Term>cac:PartyName</Term>
                <Name>PARTY NAME</Name>
                
                <Element>
                    <Term>cbc:Name</Term>
                    <Name>Seller trading name</Name>
                    <Description>A name by which the Seller is known, other than Seller name (also known as Business name).
                    </Description>
                    <DataType>Text</DataType>
                    <Reference type="BUSINESS_TERM">BT-28</Reference>
                    <Value type="EXAMPLE">Seller Business Name AS</Value>
                </Element>
            </Element>
            
            <Element>
                <Term>cac:PostalAddress</Term>
                <Name>SELLER POSTAL ADDRESS</Name>
                <Description>A group of business terms providing information about the address of the Seller. 
                    Sufficient components of the address are to be filled to comply with legal requirements.</Description>
                <Reference type="BUSINESS_TERM">BG-5</Reference>
                <Reference type="RULE">BR-08</Reference>
                
                <Element cardinality="0..1">
                    <Term>cbc:StreetName</Term>
                    <Name>Seller address line 1</Name>
                    <Description>The main address line in an address.</Description>
                    <DataType>Text</DataType>
                    <Reference type="BUSINESS_TERM">BT-35</Reference>
                    <Reference type="RULE">IT-R-002</Reference>
                    <Value type="EXAMPLE">Main Street 1</Value>
                </Element>
                
                <Element cardinality="0..1">
                    <Term>cbc:AdditionalStreetName</Term>
                    <Name>Seller address line 2</Name>
                    <Description>An additional address line in an address that can be used to give further details supplementing the main line.</Description>
                    <DataType>Text</DataType>
                    <Reference type="BUSINESS_TERM">BT-36</Reference>
                    <Value type="EXAMPLE">Po Box 351</Value>
                </Element>
                
                <Element cardinality="0..1">
                    <Term>cbc:CityName</Term>
                    <Name>Seller city</Name>
                    <Description>The common name of the city, town or village, where the Seller address is located.</Description>
                    <DataType>Text</DataType>
                    <Reference type="BUSINESS_TERM">BT-37</Reference>
                    <Reference type="RULE">IT-R-003</Reference>
                    <Value type="EXAMPLE">London</Value>
                </Element>
                
                <Element cardinality="0..1">
                    <Term>cbc:PostalZone</Term>
                    <Name>Seller post code</Name>
                    <Description>The identifier for an addressable group of properties according to the relevant postal service.
                    </Description>
                    <DataType>Text</DataType>
                    <Reference type="BUSINESS_TERM">BT-38</Reference>
                    <Reference type="RULE">IT-R-004</Reference>
                    <Value type="EXAMPLE">W1G 8LZ</Value>
                </Element>
                
                <Element cardinality="0..1">
                    <Term>cbc:CountrySubentity</Term>
                    <Name>Seller country subdivision</Name>
                    <Description>The subdivision of a country.</Description>
                    <DataType>Text</DataType>
                    <Reference type="BUSINESS_TERM">BT-39</Reference>
                    <Value type="EXAMPLE">Region A</Value>
                </Element>
                
                <Element cardinality="0..1">
                    <Term>cac:AddressLine</Term>
                    <Name>ADDRESS LINE</Name>
                    
                    <Element>
                        <Term>cbc:Line</Term>
                        <Name>Seller address line 3</Name>
                        <Description>An additional address line in an address that can be used to give further details supplementing the
                            main line.
                        </Description>
                        <DataType>Text</DataType>
                        <Reference type="BUSINESS_TERM">BT-162</Reference>
                        <Value type="EXAMPLE">Building 23</Value>
                    </Element>
                </Element>
                
                <Element>
                    <Term>cac:Country</Term>
                    <Name>COUNTRY</Name>
                    
                    <Element>
                        <Term>cbc:IdentificationCode</Term>
                        <Name>Seller country code</Name>
                        <Description>A code that identifies the country.</Description>
                        <DataType>Text</DataType>
                        <Reference type="BUSINESS_TERM">BT-40</Reference>
                        <Reference type="RULE">BR-09</Reference>
                        <Reference type="RULE">BR-CL-14</Reference>
                        <Reference type="CODE_LIST">ISO3166</Reference>
                        <Value type="EXAMPLE">GB</Value>
                    </Element>
                </Element>
            </Element>
            
            <Element cardinality="0..2">
                <Term>cac:PartyTaxScheme</Term>
                <Name>PARTY VAT/TAX IDENTIFIERS</Name>
                
                <Element>
                    <Term>cbc:CompanyID</Term>
                    <Name>Seller VAT identifier, Seller tax registration identifier</Name>
                    <Description>The Seller's VAT identifier (also known as Seller VAT identification number) or the local identification (defined by the Seller’s address) of the Seller for tax purposes or a
                        reference that enables the Seller to state his registered tax status. In order for the buyer to automatically identify a supplier, the Seller identifier (BT-29), the Seller legal registration identifier (BT-30) and/or the Seller VAT identifier (BT-31) shall be present</Description>
                    <DataType>Identifier</DataType>
                    <Reference type="BUSINESS_TERM">BT-31, BT-32</Reference>
                    <Reference type="RULE">BR-CO-09</Reference>
                    <Reference type="RULE">BR-CO-26</Reference>
                    <Reference type="RULE">BR-S-02</Reference>
                    <Reference type="RULE">BR-S-03</Reference>
                    <Reference type="RULE">BR-S-04</Reference>
                    <Reference type="RULE">BR-Z-02</Reference>
                    <Reference type="RULE">BR-Z-03</Reference>
                    <Reference type="RULE">BR-Z-04</Reference>
                    <Reference type="RULE">BR-E-02</Reference>
                    <Reference type="RULE">BR-E-03</Reference>
                    <Reference type="RULE">BR-E-04</Reference>
                    <Reference type="RULE">BR-AE-02</Reference>
                    <Reference type="RULE">BR-AE-03</Reference>
                    <Reference type="RULE">BR-AE-04</Reference>
                    <Reference type="RULE">BR-IC-02</Reference>
                    <Reference type="RULE">BR-IC-03</Reference>
                    <Reference type="RULE">BR-IC-04</Reference>
                    <Reference type="RULE">BR-G-02</Reference>
                    <Reference type="RULE">BR-G-03</Reference>
                    <Reference type="RULE">BR-G-04</Reference>
                    <Reference type="RULE">BR-O-02</Reference>
                    <Reference type="RULE">BR-O-03</Reference>
                    <Reference type="RULE">BR-O-04</Reference>
                    <Reference type="RULE">BR-IG-02</Reference>
                    <Reference type="RULE">BR-IG-03</Reference>
                    <Reference type="RULE">BR-IG-04</Reference>
                    <Reference type="RULE">BR-IP-02</Reference>
                    <Reference type="RULE">BR-IP-03</Reference>
                    <Reference type="RULE">BR-IP-04</Reference>
                    <Reference type="RULE">IT-R-001</Reference>
                    <Reference type="RULE">NO-R-001</Reference>
                    <Reference type="RULE">NO-R-002</Reference>
                    <Reference type="RULE">SE-R-001</Reference>
                    <Reference type="RULE">SE-R-002</Reference>
                    <Reference type="RULE">SE-R-005</Reference>
					<Reference type="RULE">DK-R-015</Reference>
                    <Reference type="RULE">PEPPOL-COMMON-R040</Reference>
                    <Reference type="RULE">PEPPOL-COMMON-R041</Reference>
                    <Reference type="RULE">PEPPOL-COMMON-R042</Reference>
                    <Reference type="RULE">PEPPOL-COMMON-R043</Reference>	
					<Reference type="RULE">PEPPOL-COMMON-R044</Reference>
					<Reference type="RULE">PEPPOL-COMMON-R045</Reference>
					<Reference type="RULE">PEPPOL-COMMON-R046</Reference>
					<Reference type="RULE">PEPPOL-COMMON-R047</Reference>
					<Reference type="RULE">PEPPOL-COMMON-R048</Reference>
					<Reference type="RULE">PEPPOL-COMMON-R049</Reference>
					<Reference type="RULE">PEPPOL-COMMON-R050</Reference>
					
                    <Value type="EXAMPLE">NO999888777</Value>
                </Element>
                
                <Element>
                    <Term>cac:TaxScheme</Term>
                    <Name>TAX SCHEME</Name>
                    
                    <Element>
                        <Term>cbc:ID</Term>
                        <Description>Mandatory element. For Seller VAT identifier (BT-31), use value “VAT”, for the seller tax registration identifier (BT-32), use != "VAT"</Description>
                        <Value type="EXAMPLE">VAT</Value>
                    </Element>
                </Element>
                
            </Element>
            
            <Element>
                <Term>cac:PartyLegalEntity</Term>
                <Name>PARTY LEGAL ENTITY</Name>
                
                
                <Element>
                    <Term>cbc:RegistrationName</Term>
                    <Name>Seller name</Name>
                    <Description>The full formal name by which the Seller is registered in the national registry of legal entities
                        or as a Taxable person or otherwise trades as a person or persons.
                    </Description>
                    <DataType>Text</DataType>
                    <Reference type="BUSINESS_TERM">BT-27</Reference>
                    <Reference type="RULE">BR-06</Reference>
                    <Value type="EXAMPLE">Full Formal Seller Name LTD.</Value>
                </Element>
                
                <Element cardinality="0..1">
                    <Term>cbc:CompanyID</Term>
                    <Name>Seller legal registration identifier</Name>
                    <Description>An identifier issued by an official registrar that identifies the Seller as a legal entity or
                        person. In order for the buyer to automatically identify a supplier, the Seller identifier (BT-29), the Seller legal registration identifier (BT-30) and/or the Seller VAT identifier (BT-31) shall be present
                    </Description>
                    <DataType>Identifier</DataType>
                    <Reference type="BUSINESS_TERM">BT-30</Reference>
                    <Reference type="RULE">BR-CO-26</Reference>
					<Reference type="RULE">BR-CL-11</Reference>					
                    <Reference type="RULE">DK-R-002</Reference>
                    <Reference type="RULE">DK-R-014</Reference>
                    <Reference type="RULE">SE-R-003</Reference>
                    <Reference type="RULE">SE-R-004</Reference>
                    <Reference type="RULE">SE-R-013</Reference>
                    <Attribute usage="Optional">
                        <Term>schemeID</Term>
                        <Name>Seller legal registration identifier identification scheme identifier</Name>
                        <Description>The identification scheme identifier of the Seller legal registration identifier.</Description>
                        <Reference type="CODE_LIST">ICD</Reference>
                        <Value type="EXAMPLE">0002</Value>   
                    </Attribute>
                    <Value type="EXAMPLE">987654321</Value>
                </Element>
                
                <Element cardinality="0..1">
                    <Term>cbc:CompanyLegalForm</Term>
                    <Name>Seller additional legal information</Name>
                    <Description>Additional legal information relevant for the Seller.</Description>
                    <DataType>Text</DataType>
                    <Reference type="BUSINESS_TERM">BT-33</Reference>
                    <Value type="EXAMPLE">Share capital</Value>
                </Element>
            </Element>
            
            <Element cardinality="0..1">
                <Term>cac:Contact</Term>
                <Name>SELLER CONTACT</Name>
                <Description>A group of business terms providing contact information about the Seller.</Description>
                <Reference type="BUSINESS_TERM">BG-6</Reference>
                
                <Element cardinality="0..1">
                    <Term>cbc:Name</Term>
                    <Name>Seller contact point</Name>
                    <Description>A contact point for a legal entity or person.</Description>      
                    <DataType>Text</DataType>
                    <Reference type="BUSINESS_TERM">BT-41</Reference>
                    <Value type="EXAMPLE">xyz123</Value>
                </Element>
                <Element cardinality="0..1">
                    <Term>cbc:Telephone</Term>
                    <Name>Seller contact telephone number</Name>
                    <Description>A phone number for the contact point.</Description>
                    <DataType>Text</DataType>
                    <Reference type="BUSINESS_TERM">BT-42</Reference>
                    <Value type="EXAMPLE">887 654 321</Value>
                </Element>
                <Element cardinality="0..1">
                    <Term>cbc:ElectronicMail</Term>
                    <Name>Seller contact email address</Name>
                    <Description>An e-mail address for the contact point.</Description>
                    <DataType>Text</DataType>
                    <Reference type="BUSINESS_TERM">BT-43</Reference>
                    <Value type="EXAMPLE">test.name@foo.bar</Value>
                </Element>
            </Element>
        </Element>
    </Element>
