<?xml version="1.0" encoding="UTF-8"?>
<Invoice xmlns="urn:oasis:names:specification:ubl:schema:xsd:Invoice-2" xmlns:cac="urn:oasis:names:specification:ubl:schema:xsd:CommonAggregateComponents-2" xmlns:cbc="urn:oasis:names:specification:ubl:schema:xsd:CommonBasicComponents-2" xmlns:ext="urn:oasis:names:specification:ubl:schema:xsd:CommonExtensionComponents-2" xmlns:xsd="http://www.w3.org/2001/XMLSchema" xmlns:xsi="http://www.w3.org/2001/XMLSchema-instance" xmlns:cr="http://www.ubl-italia.org/ns/CrossReference" xsi:schemaLocation="urn:oasis:names:specification:ubl:schema:xsd:Invoice-2 ../xsd/maindoc/UBL-Invoice-2.1.xsd">
	<cbc:CustomizationID>urn:cen.eu:en16931:2017#compliant#urn:fdc:peppol.eu:2017:poacc:billing:3.0#conformant#urn:www.agid.gov.it:trns:fattura:3</cbc:CustomizationID>
	<cbc:ProfileID>urn:fdc:peppol.eu:2017:poacc:billing:01:1.0</cbc:ProfileID>
	<cbc:ID>07_FT_BIS3_V28_B2G</cbc:ID>
	<cbc:IssueDate>2020-02-13</cbc:IssueDate>
	<cbc:InvoiceTypeCode>380</cbc:InvoiceTypeCode>
	<cbc:DocumentCurrencyCode>EUR</cbc:DocumentCurrencyCode>
	<cbc:BuyerReference>110#2020-02-05#4YXHOT</cbc:BuyerReference>
	<cac:OrderReference>
		<cbc:ID>110</cbc:ID>
		<cbc:IssueDate>2020-02-05</cbc:IssueDate>
	</cac:OrderReference>
	<cac:OriginatorDocumentReference>
		<cbc:ID>1Z1A3EE456</cbc:ID>
	</cac:OriginatorDocumentReference>
	<cac:AdditionalDocumentReference>
		<cbc:ID schemeID="AVV">RDA7DQ</cbc:ID>
		<cbc:DocumentTypeCode>130</cbc:DocumentTypeCode>
	</cac:AdditionalDocumentReference>
	<cac:ProjectReference>
		<cbc:ID>G17H03000130001</cbc:ID>
	</cac:ProjectReference>
	<cac:AccountingSupplierParty>
		<cac:Party>
			<cbc:EndpointID schemeID="0211">IT02188520544</cbc:EndpointID>
			<cac:PartyIdentification>
				<cbc:ID>REA:RM#323284</cbc:ID>
			</cac:PartyIdentification>
			<cac:PostalAddress>
				<cbc:StreetName>Via Amendola,2</cbc:StreetName>
				<cbc:CityName>REGGIO EMILIA</cbc:CityName>
				<cbc:PostalZone>42100</cbc:PostalZone>
				<cbc:CountrySubentity>RE</cbc:CountrySubentity>
				<cac:Country>
					<cbc:IdentificationCode>IT</cbc:IdentificationCode>
				</cac:Country>
			</cac:PostalAddress>
			<cac:PartyTaxScheme>
				<cbc:CompanyID>IT02188520544</cbc:CompanyID>
				<cac:TaxScheme>
					<cbc:ID>VAT</cbc:ID>
				</cac:TaxScheme>
			</cac:PartyTaxScheme>
			<cac:PartyLegalEntity>
				<cbc:RegistrationName>Fornitore SPA</cbc:RegistrationName>
				<cbc:CompanyID schemeID="0210">02188520544</cbc:CompanyID>
				<cbc:CompanyLegalForm>100000.00#SU#LN</cbc:CompanyLegalForm>
			</cac:PartyLegalEntity>
		</cac:Party>
	</cac:AccountingSupplierParty>
	<cac:AccountingCustomerParty>
		<cac:Party>
			<cbc:EndpointID schemeID="0201">4YXHOT</cbc:EndpointID>
			<cac:PostalAddress>
				<cbc:StreetName>Via Cliente,2</cbc:StreetName>
				<cbc:CityName>REGGIO EMILIA</cbc:CityName>
				<cbc:PostalZone>42100</cbc:PostalZone>
				<cbc:CountrySubentity>RE</cbc:CountrySubentity>
				<cac:Country>
					<cbc:IdentificationCode>IT</cbc:IdentificationCode>
				</cac:Country>
			</cac:PostalAddress>
			<cac:PartyTaxScheme>
				<cbc:CompanyID>IT02483810392</cbc:CompanyID>
				<cac:TaxScheme>
					<cbc:ID>VAT</cbc:ID>
				</cac:TaxScheme>
			</cac:PartyTaxScheme>
			<cac:PartyLegalEntity>
				<cbc:RegistrationName>USL Cliente</cbc:RegistrationName>
				<cbc:CompanyID schemeID="0210">02483810392</cbc:CompanyID>
			</cac:PartyLegalEntity>
		</cac:Party>
	</cac:AccountingCustomerParty>
	<cac:PaymentMeans>
		<cbc:PaymentMeansCode>56</cbc:PaymentMeansCode>
		<cbc:PaymentID>123456789012345</cbc:PaymentID>
		<cac:PayeeFinancialAccount>
			<cbc:ID>IT64W0100003245243300306301</cbc:ID>
			<cac:FinancialInstitutionBranch>
				<cbc:ID>UNCRIT2B</cbc:ID>
			</cac:FinancialInstitutionBranch>
		</cac:PayeeFinancialAccount>
	</cac:PaymentMeans>
	<cac:PaymentTerms>
		<cbc:Note>TP02</cbc:Note>
	</cac:PaymentTerms>
	<cac:TaxTotal>
		<cbc:TaxAmount currencyID="EUR">274.12</cbc:TaxAmount>
		<cac:TaxSubtotal>
			<cbc:TaxableAmount currencyID="EUR">1246.00</cbc:TaxableAmount>
			<cbc:TaxAmount currencyID="EUR">274.12</cbc:TaxAmount>
			<cac:TaxCategory>
				<cbc:ID>B</cbc:ID>
				<cbc:Percent>22</cbc:Percent>
				<cac:TaxScheme>
					<cbc:ID>VAT</cbc:ID>
				</cac:TaxScheme>
			</cac:TaxCategory>
		</cac:TaxSubtotal>
	</cac:TaxTotal>
	<cac:LegalMonetaryTotal>
		<cbc:LineExtensionAmount currencyID="EUR">1246.00</cbc:LineExtensionAmount>
		<cbc:TaxExclusiveAmount currencyID="EUR">1246.00</cbc:TaxExclusiveAmount>
		<cbc:TaxInclusiveAmount currencyID="EUR">1520.12</cbc:TaxInclusiveAmount>
		<cbc:PrepaidAmount currencyID="EUR">274.12</cbc:PrepaidAmount>
		<cbc:PayableAmount currencyID="EUR">1246.00</cbc:PayableAmount>
	</cac:LegalMonetaryTotal>
	<cac:InvoiceLine>
		<cbc:ID>1</cbc:ID>
		<cbc:InvoicedQuantity unitCode="C62">20.00000000</cbc:InvoicedQuantity>
		<cbc:LineExtensionAmount currencyID="EUR">1246.00</cbc:LineExtensionAmount>
		<cbc:AccountingCost>B09.01.068</cbc:AccountingCost>
		<cac:Item>
			<cbc:Name>Prodotto1</cbc:Name>
			<cac:SellersItemIdentification>
				<cbc:ID>689910</cbc:ID>
			</cac:SellersItemIdentification>
			<cac:ClassifiedTaxCategory>
				<cbc:ID>B</cbc:ID>
				<cbc:Percent>22</cbc:Percent>
				<cac:TaxScheme>
					<cbc:ID>VAT</cbc:ID>
				</cac:TaxScheme>
			</cac:ClassifiedTaxCategory>
		</cac:Item>
		<cac:Price>
			<cbc:PriceAmount currencyID="EUR">62.300</cbc:PriceAmount>
			<cbc:BaseQuantity unitCode="C62">1</cbc:BaseQuantity>
			<cac:AllowanceCharge>
				<cbc:ChargeIndicator>false</cbc:ChargeIndicator>
				<cbc:Amount currencyID="EUR">00.00</cbc:Amount>
				<cbc:BaseAmount currencyID="EUR">62.300</cbc:BaseAmount>
			</cac:AllowanceCharge>
		</cac:Price>
	</cac:InvoiceLine>
</Invoice>
