<?xml version="1.0" encoding="ISO-8859-1"?>
<Catalogue xmlns:cac="urn:oasis:names:specification:ubl:schema:xsd:CommonAggregateComponents-2"
	xmlns:cbc="urn:oasis:names:specification:ubl:schema:xsd:CommonBasicComponents-2"
	xmlns="urn:oasis:names:specification:ubl:schema:xsd:Catalogue-2">
	<cbc:CustomizationID>urn:fdc:peppol.eu:poacc:trns:catalogue:3</cbc:CustomizationID>
	<cbc:ProfileID>urn:fdc:peppol.eu:poacc:bis:catalogue_wo_response:3</cbc:ProfileID>
	<cbc:ID>1234</cbc:ID>
	<cbc:ActionCode>Add</cbc:ActionCode>
	<cbc:Name>Peppol Test Catalogue</cbc:Name>
	<cbc:IssueDate>2019-08-01</cbc:IssueDate>
	<cbc:VersionID>1</cbc:VersionID>
	<cac:ValidityPeriod>
		<cbc:StartDate>2019-09-01</cbc:StartDate>
		<cbc:EndDate>2020-12-31</cbc:EndDate>
	</cac:ValidityPeriod>
	<cac:ReferencedContract>
		<cbc:ID>3299-RA</cbc:ID>
	</cac:ReferencedContract>
	<cac:ProviderParty>
		<cbc:EndpointID schemeID="0192">987654325</cbc:EndpointID>
		<cac:PartyIdentification>
			<cbc:ID schemeID="0088">5790000435951</cbc:ID>
		</cac:PartyIdentification>
		<cac:PostalAddress>
			<cbc:StreetName>Sinsenveien 40</cbc:StreetName>
			<cbc:AdditionalStreetName>Oppgang B</cbc:AdditionalStreetName>
			<cbc:CityName>Oslo</cbc:CityName>
			<cbc:PostalZone>0501</cbc:PostalZone>
			<cbc:CountrySubentity>Region</cbc:CountrySubentity>
			<cac:AddressLine>
				<cbc:Line>Address Line 3</cbc:Line>
			</cac:AddressLine>
			<cac:Country>
				<cbc:IdentificationCode>NO</cbc:IdentificationCode>
			</cac:Country>
		</cac:PostalAddress>
		<cac:PartyLegalEntity>
			<cbc:RegistrationName>Helseforetak AS</cbc:RegistrationName>
			<cbc:CompanyID schemeID="0192">987654325</cbc:CompanyID>
			<cac:RegistrationAddress>
				<cbc:CityName>Oslo</cbc:CityName>
				<cac:Country>
					<cbc:IdentificationCode>NO</cbc:IdentificationCode>
				</cac:Country>
			</cac:RegistrationAddress>
		</cac:PartyLegalEntity>
	</cac:ProviderParty>
	<cac:ReceiverParty>
		<cbc:EndpointID schemeID="0192">123456785</cbc:EndpointID>
		<cac:PartyIdentification>
			<cbc:ID schemeID="0088">5790000435944</cbc:ID>
		</cac:PartyIdentification>
		<cac:PostalAddress>
			<cbc:StreetName>Storgt. 12</cbc:StreetName>
			<cbc:AdditionalStreetName>4. etasje</cbc:AdditionalStreetName>
			<cbc:CityName>Oslo</cbc:CityName>
			<cbc:PostalZone>0585</cbc:PostalZone>
			<cbc:CountrySubentity>Region</cbc:CountrySubentity>
			<cac:AddressLine>
				<cbc:Line>Address Line 3</cbc:Line>
			</cac:AddressLine>
			<cac:Country>
				<cbc:IdentificationCode>NO</cbc:IdentificationCode>
			</cac:Country>
		</cac:PostalAddress>
		<cac:PartyLegalEntity>
			<cbc:RegistrationName>Medical AS</cbc:RegistrationName>
			<cbc:CompanyID schemeID="0192">123456785</cbc:CompanyID>
			<cac:RegistrationAddress>
				<cbc:CityName>Oslo</cbc:CityName>
				<cac:Country>
					<cbc:IdentificationCode>NO</cbc:IdentificationCode>
				</cac:Country>
			</cac:RegistrationAddress>
		</cac:PartyLegalEntity>
	</cac:ReceiverParty>
	<cac:SellerSupplierParty>
		<cac:Party>
			<cbc:EndpointID schemeID="0088">5790000435951</cbc:EndpointID>
			<cac:PartyIdentification>
				<cbc:ID schemeID="0088">5790000435951</cbc:ID>
			</cac:PartyIdentification>
			<cac:PartyName>
				<cbc:Name>Medical</cbc:Name>
			</cac:PartyName>
			<cac:PostalAddress>
				<cbc:StreetName>Storgt. 12</cbc:StreetName>
				<cbc:AdditionalStreetName>4. etasje</cbc:AdditionalStreetName>
				<cbc:CityName>Oslo</cbc:CityName>
				<cbc:PostalZone>0585</cbc:PostalZone>
				<cbc:CountrySubentity>Region</cbc:CountrySubentity>
				<cac:AddressLine>
					<cbc:Line>Address Line 3</cbc:Line>
				</cac:AddressLine>
				<cac:Country>
					<cbc:IdentificationCode>NO</cbc:IdentificationCode>
				</cac:Country>
			</cac:PostalAddress>
			<cac:Contact>
				<cbc:Name>Nils Nilsen</cbc:Name>
				<cbc:Telephone>22150510</cbc:Telephone>
				<cbc:ElectronicMail>post@medical.no</cbc:ElectronicMail>
			</cac:Contact>
		</cac:Party>
	</cac:SellerSupplierParty>
	<cac:ContractorCustomerParty>
		<cac:Party>
			<cbc:EndpointID schemeID="0088">5790000435951</cbc:EndpointID>
			<cac:PartyIdentification>
				<cbc:ID schemeID="0088">5790000435951</cbc:ID>
			</cac:PartyIdentification>
			<cac:PartyName>
				<cbc:Name>Medical</cbc:Name>
			</cac:PartyName>
			<cac:Contact>
				<cbc:Name>Nils Nilsen</cbc:Name>
				<cbc:Telephone>22150510</cbc:Telephone>
				<cbc:ElectronicMail>post@medical.no</cbc:ElectronicMail>
			</cac:Contact>
		</cac:Party>
	</cac:ContractorCustomerParty>
	<cac:CatalogueLine>
		<cbc:ID>1</cbc:ID>
		<cbc:ActionCode>Add</cbc:ActionCode>
		<cbc:OrderableIndicator>true</cbc:OrderableIndicator>
		<cbc:OrderableUnit>XBX</cbc:OrderableUnit>
		<cbc:ContentUnitQuantity unitCode="C62">10</cbc:ContentUnitQuantity>
		<cbc:OrderQuantityIncrementNumeric>1</cbc:OrderQuantityIncrementNumeric>
		<cbc:MinimumOrderQuantity unitCode="XBX">1</cbc:MinimumOrderQuantity>
		<cac:RequiredItemLocationQuantity>
			<cac:Price>
				<cbc:PriceAmount currencyID="NOK">20.00</cbc:PriceAmount>
			</cac:Price>
		</cac:RequiredItemLocationQuantity>
		<cac:Item>
			<cbc:Description>Ballpoint pen comes in different colours and tip sizes</cbc:Description>
			<cbc:Name>Ballpoint pen. Blue 0.7 mm</cbc:Name>
			<cbc:Keyword>writing equipment</cbc:Keyword>
			<cbc:Keyword>felt pen</cbc:Keyword>
			<cac:SellersItemIdentification>
				<cbc:ID>2451015</cbc:ID>
			</cac:SellersItemIdentification>
			<cac:ItemSpecificationDocumentReference>
				<cbc:ID>12</cbc:ID>
				<cac:Attachment>
					<cac:ExternalReference>
						<cbc:URI>http://anskaffelser.no/imagearchive/Kontrakt_1_3.jpg?w=800</cbc:URI>
					</cac:ExternalReference>
				</cac:Attachment>
			</cac:ItemSpecificationDocumentReference>
			<cac:CommodityClassification>
				<cbc:ItemClassificationCode listID="MP">44121701</cbc:ItemClassificationCode>
			</cac:CommodityClassification>
			<cac:ClassifiedTaxCategory>
				<cbc:ID>S</cbc:ID>
				<cbc:Percent>25</cbc:Percent>
				<cac:TaxScheme>
					<cbc:ID>VAT</cbc:ID>
				</cac:TaxScheme>
			</cac:ClassifiedTaxCategory>
			<cac:ManufacturerParty>
				<cac:PartyName>
					<cbc:Name>FICTIVE INDUSTRY INC.</cbc:Name>
				</cac:PartyName>
			</cac:ManufacturerParty>
			<cac:Certificate>
				<cbc:ID>NEO</cbc:ID>
				<cbc:CertificateTypeCode>NA</cbc:CertificateTypeCode>
				<cbc:CertificateType>Environment</cbc:CertificateType>
				<cac:IssuerParty>
					<cac:PartyName>
						<cbc:Name>NA</cbc:Name>
					</cac:PartyName>
				</cac:IssuerParty>
				<cac:DocumentReference>
					<cbc:ID>http://www.anskaffelser.no/tema/miljo/mer-om-miljo-i-offentlige-anskaffelser/miljomerker-og-sertifiseringer</cbc:ID>
				</cac:DocumentReference>
			</cac:Certificate>
		</cac:Item>
	</cac:CatalogueLine>
	<cac:CatalogueLine>
		<cbc:ID>2</cbc:ID>
		<cbc:ActionCode >Add</cbc:ActionCode>
		<cbc:OrderableIndicator>true</cbc:OrderableIndicator>
		<cbc:OrderableUnit>XBX</cbc:OrderableUnit>
		<cbc:ContentUnitQuantity unitCode="C62">10</cbc:ContentUnitQuantity>
		<cbc:OrderQuantityIncrementNumeric>1</cbc:OrderQuantityIncrementNumeric>
		<cbc:MinimumOrderQuantity unitCode="XBX">1</cbc:MinimumOrderQuantity>
		<cac:RequiredItemLocationQuantity>
			<cac:Price>
				<cbc:PriceAmount currencyID="NOK">20.00</cbc:PriceAmount>
			</cac:Price>
		</cac:RequiredItemLocationQuantity>
		<cac:Item>
			<cbc:Description>Ballpoint pen comes in different colours and tip sizes</cbc:Description>
			<cbc:Name>Ballpoint pen. Red 0.7 mm</cbc:Name>
			<cbc:Keyword>writing equipment</cbc:Keyword>
			<cbc:Keyword>felt pen</cbc:Keyword>
			<cac:SellersItemIdentification>
				<cbc:ID>2451037</cbc:ID>
			</cac:SellersItemIdentification>
			<cac:StandardItemIdentification>
				<cbc:ID schemeID="0160">05790000436040</cbc:ID>
			</cac:StandardItemIdentification>
			<cac:ItemSpecificationDocumentReference>
				<cbc:ID>12</cbc:ID>
				<cac:Attachment>
					<cac:ExternalReference>
						<cbc:URI>http://anskaffelser.no/imagearchive/Kontrakt_1_3.jpg?w=800</cbc:URI>
					</cac:ExternalReference>
				</cac:Attachment>
			</cac:ItemSpecificationDocumentReference>
			<cac:CommodityClassification>
				<cbc:ItemClassificationCode listID="MP">44121701</cbc:ItemClassificationCode>
			</cac:CommodityClassification>
			<cac:ClassifiedTaxCategory>
				<cbc:ID>S</cbc:ID>
				<cbc:Percent>25</cbc:Percent>
				<cac:TaxScheme>
					<cbc:ID>VAT</cbc:ID>
				</cac:TaxScheme>
			</cac:ClassifiedTaxCategory>
			<cac:ManufacturerParty>
				<cac:PartyName>
					<cbc:Name>FICTIVE INDUSTRY INC.</cbc:Name>
				</cac:PartyName>
			</cac:ManufacturerParty>
			<cac:Certificate>
				<cbc:ID>NEO</cbc:ID>
				<cbc:CertificateTypeCode>NA</cbc:CertificateTypeCode>
				<cbc:CertificateType>Environment</cbc:CertificateType>
				<cac:IssuerParty>
					<cac:PartyName>
						<cbc:Name>NA</cbc:Name>
					</cac:PartyName>
				</cac:IssuerParty>
				<cac:DocumentReference>
					<cbc:ID>http://www.anskaffelser.no/tema/miljo/mer-om-miljo-i-offentlige-anskaffelser/miljomerker-og-sertifiseringer</cbc:ID>
				</cac:DocumentReference>
			</cac:Certificate>
		</cac:Item>
	</cac:CatalogueLine>
	<cac:CatalogueLine>
		<cbc:ID>3</cbc:ID>
		<cbc:ActionCode>Add</cbc:ActionCode>
		<cbc:OrderableIndicator>true</cbc:OrderableIndicator>
		<cbc:OrderableUnit>C62</cbc:OrderableUnit>
		<cbc:MinimumOrderQuantity unitCode="C62">1</cbc:MinimumOrderQuantity>
		<cac:RequiredItemLocationQuantity>
			<cac:Price>
				<cbc:PriceAmount currencyID="NOK">504.50</cbc:PriceAmount>
			</cac:Price>
		</cac:RequiredItemLocationQuantity>
		<cac:Item>
			<cbc:Description>Capacity 430 pages by 5% coverage</cbc:Description>
			<cbc:Name>Ink cartridge T0481 </cbc:Name>
			<cbc:Keyword>R200/R300/R320/RX500/RX600/RX620</cbc:Keyword>
			<cac:SellersItemIdentification>
				<cbc:ID>1038195</cbc:ID>
			</cac:SellersItemIdentification>
			<cac:ItemSpecificationDocumentReference>
				<cbc:ID>13</cbc:ID>
				<cac:Attachment>
					<cac:ExternalReference>
						<cbc:URI>http://anskaffelser.no/imagearchive/Kontrakt_1_3.jpg?w=800</cbc:URI>
					</cac:ExternalReference>
				</cac:Attachment>
			</cac:ItemSpecificationDocumentReference>
			<cac:CommodityClassification>
				<cbc:ItemClassificationCode listID="MP">44121904</cbc:ItemClassificationCode>
			</cac:CommodityClassification>
			<cac:ClassifiedTaxCategory>
				<cbc:ID>S</cbc:ID>
				<cbc:Percent>25</cbc:Percent>
				<cac:TaxScheme>
					<cbc:ID>VAT</cbc:ID>
				</cac:TaxScheme>
			</cac:ClassifiedTaxCategory>
			<cac:ManufacturerParty>
				<cac:PartyName>
					<cbc:Name>FICTIVE INDUSTRY INC.</cbc:Name>
				</cac:PartyName>
			</cac:ManufacturerParty>
		</cac:Item>
	</cac:CatalogueLine>
	<cac:CatalogueLine>
		<cbc:ID>4</cbc:ID>
		<cbc:ActionCode>Add</cbc:ActionCode>
		<cbc:OrderableIndicator>true</cbc:OrderableIndicator>
		<cbc:OrderableUnit>XCS</cbc:OrderableUnit>
		<cbc:ContentUnitQuantity unitCode="C62">2500</cbc:ContentUnitQuantity>
		<cbc:OrderQuantityIncrementNumeric>1</cbc:OrderQuantityIncrementNumeric>
		<cbc:MinimumOrderQuantity unitCode="C62">1</cbc:MinimumOrderQuantity>
		<cbc:PackLevelCode>TU</cbc:PackLevelCode>
		<cac:LineValidityPeriod>
			<cbc:StartDate>2019-09-01</cbc:StartDate>
			<cbc:EndDate>2019-12-31</cbc:EndDate>
		</cac:LineValidityPeriod>
		<cac:RequiredItemLocationQuantity>
			<cac:Price>
				<cbc:PriceAmount currencyID="NOK">145.00</cbc:PriceAmount>
			</cac:Price>
		</cac:RequiredItemLocationQuantity>
		<cac:Item>
			<cbc:Description>Volume paper for daily printout. To copy and laser printers. Imperishable according to Riksarkivets requirement (ISO 9706)</cbc:Description>
			<cbc:PackQuantity unitCode="NMP">5</cbc:PackQuantity>
			<cbc:Name>Copy paper A4 80g </cbc:Name>
			<cbc:Keyword>Copy paper</cbc:Keyword>
			<cbc:Keyword>Laser paper</cbc:Keyword>
			<cbc:Keyword>office paper</cbc:Keyword>
			<cac:SellersItemIdentification>
				<cbc:ID>7690213</cbc:ID>
			</cac:SellersItemIdentification>
			<cac:ManufacturersItemIdentification>
				<cbc:ID>2453005</cbc:ID>
			</cac:ManufacturersItemIdentification>
			<cac:CommodityClassification>
				<cbc:ItemClassificationCode listID="MP">14111507</cbc:ItemClassificationCode>
			</cac:CommodityClassification>
			<cac:ClassifiedTaxCategory>
				<cbc:ID>S</cbc:ID>
				<cbc:Percent>25</cbc:Percent>
				<cac:TaxScheme>
					<cbc:ID>VAT</cbc:ID>
				</cac:TaxScheme>
			</cac:ClassifiedTaxCategory>
			<cac:AdditionalItemProperty>
				<cbc:Name>Size</cbc:Name>
				<cbc:Value>A4</cbc:Value>
			</cac:AdditionalItemProperty>
			<cac:AdditionalItemProperty>
				<cbc:Name>Weight</cbc:Name>
				<cbc:Value>80G</cbc:Value>
				<cbc:ValueQuantity unitCode="GRM">80</cbc:ValueQuantity>
			</cac:AdditionalItemProperty>
			<cac:AdditionalItemProperty>
				<cbc:Name>Colour</cbc:Name>
				<cbc:Value>White</cbc:Value>
			</cac:AdditionalItemProperty>
			<cac:AdditionalItemProperty>
				<cbc:Name>Holes</cbc:Name>
				<cbc:Value>Yes</cbc:Value>
			</cac:AdditionalItemProperty>
			<cac:ManufacturerParty>
				<cac:PartyName>
					<cbc:Name>FICTIVE INDUSTRY INC.</cbc:Name>
				</cac:PartyName>
			</cac:ManufacturerParty>
		</cac:Item>
	</cac:CatalogueLine>
	<cac:CatalogueLine>
		<cbc:ID>5</cbc:ID>
		<cbc:ActionCode>Add</cbc:ActionCode>
		<cbc:OrderableIndicator>false</cbc:OrderableIndicator>
		<cbc:OrderableUnit>HUR</cbc:OrderableUnit>
		<cac:LineValidityPeriod>
			<cbc:StartDate>2019-09-01</cbc:StartDate>
			<cbc:EndDate>2019-12-31</cbc:EndDate>
		</cac:LineValidityPeriod>
		<cac:RequiredItemLocationQuantity>
			<cbc:LeadTimeMeasure unitCode="DAY">5</cbc:LeadTimeMeasure>
			<cac:Price>
				<cbc:PriceAmount currencyID="NOK">350.00</cbc:PriceAmount>
			</cac:Price>
		</cac:RequiredItemLocationQuantity>
		<cac:Item>
			<cbc:Description>Service for all contracted Laser printers and copiers every second month</cbc:Description>
			<cbc:Name>Laser printer service</cbc:Name>
			<cbc:Keyword>Laser service</cbc:Keyword>
			<cac:SellersItemIdentification>
				<cbc:ID>123</cbc:ID>
			</cac:SellersItemIdentification>
			<cac:CommodityClassification>
				<cbc:ItemClassificationCode listID="MP">80101504</cbc:ItemClassificationCode>
			</cac:CommodityClassification>
			<cac:ClassifiedTaxCategory>
				<cbc:ID>S</cbc:ID>
				<cbc:Percent>25</cbc:Percent>
				<cac:TaxScheme>
					<cbc:ID>VAT</cbc:ID>
				</cac:TaxScheme>
			</cac:ClassifiedTaxCategory>
		</cac:Item>
	</cac:CatalogueLine>
	<cac:CatalogueLine>
		<cbc:ID>6</cbc:ID>
		<cbc:ActionCode>Add</cbc:ActionCode>
		<cbc:OrderableIndicator>true</cbc:OrderableIndicator>
		<cbc:OrderableUnit>HUR</cbc:OrderableUnit>
		<cac:LineValidityPeriod>
			<cbc:StartDate>2019-09-01</cbc:StartDate>
			<cbc:EndDate>2019-12-31</cbc:EndDate>
		</cac:LineValidityPeriod>
		<cac:RequiredItemLocationQuantity>
			<cbc:LeadTimeMeasure unitCode="DAY">5</cbc:LeadTimeMeasure>
			<cac:Price>
				<cbc:PriceAmount currencyID="NOK">1000.00</cbc:PriceAmount>
			</cac:Price>
		</cac:RequiredItemLocationQuantity>
		<cac:Item>
			<cbc:Description>Strategic planning consultation services</cbc:Description>
			<cbc:Name>Senior consultant strategic planning</cbc:Name>
			<cbc:Keyword>Process%BPMN</cbc:Keyword>
			<cac:SellersItemIdentification>
				<cbc:ID>55123</cbc:ID>
						</cac:SellersItemIdentification>
			<cac:CommodityClassification>
				<cbc:ItemClassificationCode listID="MP">80101504</cbc:ItemClassificationCode>
			</cac:CommodityClassification>
			<cac:ClassifiedTaxCategory>
				<cbc:ID>S</cbc:ID>
				<cbc:Percent>25</cbc:Percent>
				<cac:TaxScheme>
					<cbc:ID>VAT</cbc:ID>
				</cac:TaxScheme>
			</cac:ClassifiedTaxCategory>
		</cac:Item>
	</cac:CatalogueLine>
	<cac:CatalogueLine>
		<cbc:ID>7</cbc:ID>
		<cbc:ActionCode>Add</cbc:ActionCode>
		<cbc:OrderableIndicator>true</cbc:OrderableIndicator>
		<cbc:OrderableUnit>KGM</cbc:OrderableUnit>
		<cac:LineValidityPeriod>
			<cbc:StartDate>2019-10-01</cbc:StartDate>
			<cbc:EndDate>2019-12-31</cbc:EndDate>
		</cac:LineValidityPeriod>
		<cac:RequiredItemLocationQuantity>
			<cac:Price>
				<cbc:PriceAmount currencyID="NOK">23.75</cbc:PriceAmount>
				<cbc:PriceType>CP</cbc:PriceType>
			</cac:Price>
		</cac:RequiredItemLocationQuantity>
		<cac:Item>
			<cbc:Name>Green apples</cbc:Name>
			<cbc:BrandName>Pomonax</cbc:BrandName>
			<cac:SellersItemIdentification>
				<cbc:ID>4747</cbc:ID>
			</cac:SellersItemIdentification>
			<cac:StandardItemIdentification>
				<cbc:ID schemeID="0160">05790000435944</cbc:ID>
			</cac:StandardItemIdentification>
			<cac:OriginCountry>
				<cbc:IdentificationCode>NO</cbc:IdentificationCode>
			</cac:OriginCountry>
			<cac:CommodityClassification>
				<cbc:ItemClassificationCode listID="MP">50101634</cbc:ItemClassificationCode>
			</cac:CommodityClassification>
			<cac:ClassifiedTaxCategory>
				<cbc:ID>S</cbc:ID>
				<cbc:Percent>12</cbc:Percent>
				<cac:TaxScheme>
					<cbc:ID>VAT</cbc:ID>
				</cac:TaxScheme>
			</cac:ClassifiedTaxCategory>
			<cac:Certificate>
				<cbc:ID>Z04</cbc:ID>
				<cbc:CertificateTypeCode>NA</cbc:CertificateTypeCode>
				<cbc:CertificateType>Milj�m�rkning</cbc:CertificateType>
				<cbc:Remarks>KRAV</cbc:Remarks>
				<cac:IssuerParty>
					<cac:PartyName>
						<cbc:Name>NA</cbc:Name>
					</cac:PartyName>
				</cac:IssuerParty>
			</cac:Certificate>
		</cac:Item>
	</cac:CatalogueLine>
</Catalogue>
