<?xml version="1.0" encoding="UTF-8"?>
<testSet xmlns="http://difi.no/xsd/vefa/validator/1.0" configuration="peppolbis-en16931-base-3.0-ubl">
	<assert>
		<description>For Swedish suppliers, only standard VAT rate of 6, 12 or 25 are used</description>
		<scope>SE-R-006</scope>
	</assert>
	<test>
		<assert>
			<success>SE-R-006</success>
		</assert>
		<Invoice xmlns:cac="urn:oasis:names:specification:ubl:schema:xsd:CommonAggregateComponents-2" xmlns:cbc="urn:oasis:names:specification:ubl:schema:xsd:CommonBasicComponents-2" xmlns="urn:oasis:names:specification:ubl:schema:xsd:Invoice-2">
			<cbc:CustomizationID>urn:cen.eu:en16931:2017#compliant#urn:fdc:peppol.eu:2017:poacc:billing:3.0</cbc:CustomizationID>
			<cbc:ProfileID>urn:fdc:peppol.eu:2017:poacc:billing:01:1.0</cbc:ProfileID>
			<cbc:ID>2018210</cbc:ID>
			<cbc:IssueDate>2018-02-08</cbc:IssueDate>
			<cbc:DueDate>2018-03-07</cbc:DueDate>
			<cbc:InvoiceTypeCode>380</cbc:InvoiceTypeCode>
			<cbc:Note>Testfil för kontroll av svenska valideringsregler</cbc:Note>
			<cbc:DocumentCurrencyCode>SEK</cbc:DocumentCurrencyCode>
			<cbc:BuyerReference>BuyerRef 123</cbc:BuyerReference>
			<cac:AccountingSupplierParty>
				<cac:Party>
					<cbc:EndpointID schemeID="0007">5566778899</cbc:EndpointID>
					<cac:PostalAddress>
						<cbc:StreetName>Storgatan 1</cbc:StreetName>
						<cbc:CityName>Stockholm</cbc:CityName>
						<cbc:PostalZone>11122</cbc:PostalZone>
						<cac:Country>
							<cbc:IdentificationCode>SE</cbc:IdentificationCode>
						</cac:Country>
					</cac:PostalAddress>
					<cac:PartyTaxScheme>
						<cbc:CompanyID>Godkänd för F-skatt</cbc:CompanyID>
						<cac:TaxScheme>
							<cbc:ID>TAX</cbc:ID>
						</cac:TaxScheme>
					</cac:PartyTaxScheme>
					<cac:PartyTaxScheme>
						<cbc:CompanyID>SE123456789001</cbc:CompanyID>
						<cac:TaxScheme>
							<cbc:ID>VAT</cbc:ID>
						</cac:TaxScheme>
					</cac:PartyTaxScheme>
					<cac:PartyLegalEntity>
						<cbc:RegistrationName>Allsälj AB</cbc:RegistrationName>
						<cbc:CompanyID schemeID="0007">1234567890</cbc:CompanyID>
						<cbc:CompanyLegalForm>Säte: Stockholm</cbc:CompanyLegalForm>
					</cac:PartyLegalEntity>
				</cac:Party>
			</cac:AccountingSupplierParty>
			<cac:AccountingCustomerParty>
				<cac:Party>
					<cbc:EndpointID schemeID="0007">1234512345</cbc:EndpointID>
					<cac:PartyName>
						<cbc:Name>Kommunteknisk service</cbc:Name>
					</cac:PartyName>
					<cac:PostalAddress>
						<cbc:StreetName>Lilla gränd 9</cbc:StreetName>
						<cbc:CityName>Stockholm</cbc:CityName>
						<cbc:PostalZone>10203</cbc:PostalZone>
						<cac:Country>
							<cbc:IdentificationCode>SE</cbc:IdentificationCode>
						</cac:Country>
					</cac:PostalAddress>
					<cac:PartyLegalEntity>
						<cbc:RegistrationName>Kommunens Tekniska  Bolag AB</cbc:RegistrationName>
						<cbc:CompanyID schemeID="0007">1234512345</cbc:CompanyID>
					</cac:PartyLegalEntity>
				</cac:Party>
			</cac:AccountingCustomerParty>
			<cac:PaymentMeans>
				<cbc:PaymentMeansCode>30</cbc:PaymentMeansCode>
				<cbc:PaymentID>08/00355</cbc:PaymentID>
				<cac:PayeeFinancialAccount>
					<cbc:ID>1234567</cbc:ID>
					<cbc:Name>Account name</cbc:Name>
					<cac:FinancialInstitutionBranch>
						<cbc:ID>9999</cbc:ID>
					</cac:FinancialInstitutionBranch>
				</cac:PayeeFinancialAccount>
			</cac:PaymentMeans>
			<cac:AllowanceCharge>
				<cbc:ChargeIndicator>false</cbc:ChargeIndicator>
				<cbc:AllowanceChargeReason>Rabatt</cbc:AllowanceChargeReason>
				<cbc:Amount currencyID="SEK">11</cbc:Amount>
				<cac:TaxCategory>
					<cbc:ID>S</cbc:ID>
					<cbc:Percent>25</cbc:Percent>
					<cac:TaxScheme>
						<cbc:ID>VAT</cbc:ID>
					</cac:TaxScheme>
				</cac:TaxCategory>
			</cac:AllowanceCharge>
			<cac:AllowanceCharge>
				<cbc:ChargeIndicator>true</cbc:ChargeIndicator>
				<cbc:AllowanceChargeReason>Förvaring</cbc:AllowanceChargeReason>
				<cbc:Amount currencyID="SEK">11</cbc:Amount>
				<cac:TaxCategory>
					<cbc:ID>S</cbc:ID>
					<cbc:Percent>25</cbc:Percent>
					<cac:TaxScheme>
						<cbc:ID>VAT</cbc:ID>
					</cac:TaxScheme>
				</cac:TaxCategory>
			</cac:AllowanceCharge>
			<cac:TaxTotal>
				<cbc:TaxAmount currencyID="SEK">25</cbc:TaxAmount>
				<cac:TaxSubtotal>
					<cbc:TaxableAmount currencyID="SEK">100</cbc:TaxableAmount>
					<cbc:TaxAmount currencyID="SEK">25</cbc:TaxAmount>
					<cac:TaxCategory>
						<cbc:ID>S</cbc:ID>
						<cbc:Percent>25</cbc:Percent>
						<cac:TaxScheme>
							<cbc:ID>VAT</cbc:ID>
						</cac:TaxScheme>
					</cac:TaxCategory>
				</cac:TaxSubtotal>
			</cac:TaxTotal>
			<cac:LegalMonetaryTotal>
				<cbc:LineExtensionAmount currencyID="SEK">100</cbc:LineExtensionAmount>
				<cbc:TaxExclusiveAmount currencyID="SEK">100</cbc:TaxExclusiveAmount>
				<cbc:TaxInclusiveAmount currencyID="SEK">125</cbc:TaxInclusiveAmount>
				<cbc:AllowanceTotalAmount currencyID="SEK">11</cbc:AllowanceTotalAmount>
				<cbc:ChargeTotalAmount currencyID="SEK">11</cbc:ChargeTotalAmount>
				<cbc:PayableAmount currencyID="SEK">125</cbc:PayableAmount>
			</cac:LegalMonetaryTotal>
			<cac:InvoiceLine>
				<cbc:ID>1</cbc:ID>
				<cbc:InvoicedQuantity unitCode="EA">5</cbc:InvoicedQuantity>
				<cbc:LineExtensionAmount currencyID="SEK">100</cbc:LineExtensionAmount>
				<cac:Item>
					<cbc:Name>Utbytesstol</cbc:Name>
					<cac:ClassifiedTaxCategory>
						<cbc:ID schemeID="UNCL5305">S</cbc:ID>
						<cbc:Percent>25</cbc:Percent>
						<cac:TaxScheme>
							<cbc:ID>VAT</cbc:ID>
						</cac:TaxScheme>
					</cac:ClassifiedTaxCategory>
				</cac:Item>
				<cac:Price>
					<cbc:PriceAmount currencyID="SEK">20</cbc:PriceAmount>
				</cac:Price>
			</cac:InvoiceLine>
		</Invoice>
	</test>
	<test>
		<assert>
			<error>SE-R-006</error>
		</assert>
		<Invoice xmlns:cac="urn:oasis:names:specification:ubl:schema:xsd:CommonAggregateComponents-2" xmlns:cbc="urn:oasis:names:specification:ubl:schema:xsd:CommonBasicComponents-2" xmlns="urn:oasis:names:specification:ubl:schema:xsd:Invoice-2">
			<cac:AccountingSupplierParty>
				<cac:Party>
					<cac:PostalAddress>
						<cac:Country>
							<cbc:IdentificationCode>SE</cbc:IdentificationCode>
						</cac:Country>
					</cac:PostalAddress>
					<cac:PartyTaxScheme>
						<cbc:CompanyID>SE123456789001</cbc:CompanyID>
						<cac:TaxScheme>
							<cbc:ID>VAT</cbc:ID>
						</cac:TaxScheme>
					</cac:PartyTaxScheme>
				</cac:Party>
			</cac:AccountingSupplierParty>
			<cac:TaxTotal>
				<cbc:TaxAmount currencyID="SEK">50</cbc:TaxAmount>
				<cac:TaxSubtotal>
					<cbc:TaxableAmount currencyID="SEK">100</cbc:TaxableAmount>
					<cbc:TaxAmount currencyID="SEK">50</cbc:TaxAmount>
					<cac:TaxCategory>
						<cbc:ID>S</cbc:ID>
						<cbc:Percent>50</cbc:Percent>
						<cac:TaxScheme>
							<cbc:ID>VAT</cbc:ID>
						</cac:TaxScheme>
					</cac:TaxCategory>
				</cac:TaxSubtotal>
			</cac:TaxTotal>
		</Invoice>
	</test>
</testSet>
