﻿<?xml version="1.0" encoding="UTF-8"?>
<SelfBilledInvoice xmlns="urn:oasis:names:specification:ubl:schema:xsd:SelfBilledInvoice-2" xmlns:cac="urn:oasis:names:specification:ubl:schema:xsd:CommonAggregateComponents-2" xmlns:cbc="urn:oasis:names:specification:ubl:schema:xsd:CommonBasicComponents-2" xmlns:ccts="urn:oasis:names:specification:ubl:schema:xsd:CoreComponentParameters-2" xmlns:sdt="urn:oasis:names:specification:ubl:schema:xsd:SpecializedDatatypes-2" xmlns:udt="urn:un:unece:uncefact:data:specification:UnqualifiedDataTypesSchemaModule:2" xmlns:xsi="http://www.w3.org/2001/XMLSchema-instance" xsi:schemaLocation="urn:oasis:names:specification:ubl:schema:xsd:SelfBilledInvoice-2 UBL-SelfBilledInvoice-2.0.xsd">


	<cbc:UBLVersionID>2.0</cbc:UBLVersionID>
	<cbc:CustomizationID>OIOUBL-2.1</cbc:CustomizationID>
	<cbc:ProfileID schemeAgencyID="320" schemeID="urn:oioubl:id:profileid-1.3">Procurement-BilSel-1.0</cbc:ProfileID>
	<cbc:ID>A00095680</cbc:ID>
	<cbc:CopyIndicator>false</cbc:CopyIndicator>
	<cbc:UUID>6E09886B-DC6E-439F-82D1-7CCAC7F4E3B4</cbc:UUID>
	<cbc:IssueDate>2008-05-23</cbc:IssueDate>
	<cbc:InvoiceTypeCode listID="urn:oioubl:codelist:invoicetypecode-1.1" listAgencyID="320">380</cbc:InvoiceTypeCode>
	<cbc:DocumentCurrencyCode>DKK</cbc:DocumentCurrencyCode>
	<cbc:AccountingCost>5250124502</cbc:AccountingCost>

	<cac:OrderReference>
		<cbc:ID>1</cbc:ID>
	</cac:OrderReference>

	<cac:AccountingCustomerParty>
		<cac:Party>
			<cbc:EndpointID schemeID="DK:CVR">DK16356786</cbc:EndpointID>
			<cac:PartyIdentification>
				<cbc:ID schemeID="DK:CVR">DK16356786</cbc:ID>
			</cac:PartyIdentification>
			<cac:PartyName>
				<cbc:Name>Sachs Motor</cbc:Name>
			</cac:PartyName>
			<cac:PostalAddress>
				<cbc:AddressFormatCode listID="urn:oioubl:codelist:addressformatcode-1.1" listAgencyID="320">StructuredDK</cbc:AddressFormatCode>
				<cbc:StreetName>Møllegade</cbc:StreetName>
				<cbc:BuildingNumber>27</cbc:BuildingNumber>
				<cbc:CityName>Århus C</cbc:CityName>
				<cbc:PostalZone>8000</cbc:PostalZone>
				<cac:Country>
					<cbc:IdentificationCode>DK</cbc:IdentificationCode>
				</cac:Country>
			</cac:PostalAddress>
			<cac:PartyTaxScheme>
				<cbc:CompanyID schemeID="DK:SE">DK16356709</cbc:CompanyID>
				<cac:TaxScheme>
					<cbc:ID schemeID="urn:oioubl:id:taxschemeid-1.1">63</cbc:ID>
					<cbc:Name>Moms</cbc:Name>
				</cac:TaxScheme>
			</cac:PartyTaxScheme>
			<cac:PartyLegalEntity>
				<cbc:RegistrationName>Sachs Motor</cbc:RegistrationName>
				<cbc:CompanyID schemeID="DK:CVR">DK16356786</cbc:CompanyID>
			</cac:PartyLegalEntity>
			<cac:Contact>
				<cbc:ID>87656</cbc:ID>
				<cbc:Name>Tom Poulsen</cbc:Name>
				<cbc:Telephone>26532148</cbc:Telephone>
				<cbc:ElectronicMail>tom@sachs.dk</cbc:ElectronicMail>
			</cac:Contact>
		</cac:Party>
	</cac:AccountingCustomerParty>

	<cac:AccountingSupplierParty>
		<cac:Party>
			<cbc:EndpointID schemeID="DK:CVR">DK25188590</cbc:EndpointID>
			<cac:PartyIdentification>
				<cbc:ID schemeID="DK:CVR">DK25188590</cbc:ID>
			</cac:PartyIdentification>
			<cac:PartyName>
				<cbc:Name>Dansk Kugleleje Center</cbc:Name>
			</cac:PartyName>
			<cac:PostalAddress>
				<cbc:AddressFormatCode listID="urn:oioubl:codelist:addressformatcode-1.1" listAgencyID="320">StructuredDK</cbc:AddressFormatCode>
				<cbc:StreetName>Meterbuen</cbc:StreetName>
				<cbc:BuildingNumber>6-12</cbc:BuildingNumber>
				<cbc:CityName>Skovlunde</cbc:CityName>
				<cbc:PostalZone>2740</cbc:PostalZone>
				<cac:Country>
					<cbc:IdentificationCode>DK</cbc:IdentificationCode>
				</cac:Country>
			</cac:PostalAddress>
			<cac:PartyTaxScheme>
				<cbc:CompanyID schemeID="DK:SE">DK25188590</cbc:CompanyID>
				<cac:TaxScheme>
					<cbc:ID schemeID="urn:oioubl:id:taxschemeid-1.1" schemeAgencyID="320">63</cbc:ID>
					<cbc:Name>Moms</cbc:Name>
				</cac:TaxScheme>
			</cac:PartyTaxScheme>
			<cac:PartyLegalEntity>
				<cbc:RegistrationName>Dansk Kugleleje Center</cbc:RegistrationName>
				<cbc:CompanyID schemeID="DK:CVR">DK25188590</cbc:CompanyID>
			</cac:PartyLegalEntity>
			<cac:Contact>
				<cbc:ID>345243</cbc:ID>
				<cbc:Name>Henrik Løgmand</cbc:Name>
				<cbc:Telephone>26532147</cbc:Telephone>
				<cbc:ElectronicMail>henrik@dkc.dk</cbc:ElectronicMail>
			</cac:Contact>
		</cac:Party>
	</cac:AccountingSupplierParty>

	<cac:Delivery>
		<cbc:ActualDeliveryDate>2008-05-23</cbc:ActualDeliveryDate>
	</cac:Delivery>

	<cac:PaymentMeans>
		<cbc:ID>1</cbc:ID>
		<cbc:PaymentMeansCode>42</cbc:PaymentMeansCode>
		<cbc:PaymentDueDate>2008-06-23</cbc:PaymentDueDate>
		<cbc:PaymentChannelCode listAgencyID="320" listID="urn:oioubl:codelist:paymentchannelcode-1.1">DK:BANK</cbc:PaymentChannelCode>
		<cac:PayeeFinancialAccount>
			<cbc:ID>0005704966</cbc:ID>
			<cbc:PaymentNote>A00095680</cbc:PaymentNote>
			<cac:FinancialInstitutionBranch>
				<cbc:ID>9544</cbc:ID>
			</cac:FinancialInstitutionBranch>
		</cac:PayeeFinancialAccount>
	</cac:PaymentMeans>

	<cac:PaymentTerms>
		<cbc:ID>1</cbc:ID>
		<cbc:PaymentMeansID>1</cbc:PaymentMeansID>
		<cbc:Amount currencyID="DKK">62.50</cbc:Amount>
	</cac:PaymentTerms>

	<cac:TaxTotal>
		<cbc:TaxAmount currencyID="DKK">1250.00</cbc:TaxAmount>
		<cac:TaxSubtotal>
			<cbc:TaxableAmount currencyID="DKK">50.00</cbc:TaxableAmount>
			<cbc:TaxAmount currencyID="DKK">12.50</cbc:TaxAmount>
			<cac:TaxCategory>
				<cbc:ID schemeAgencyID="320" schemeID="urn:oioubl:id:taxcategoryid-1.1">StandardRated</cbc:ID>
				<cbc:Percent>25</cbc:Percent>
				<cac:TaxScheme>
					<cbc:ID schemeAgencyID="320" schemeID="urn:oioubl:id:taxschemeid-1.1">63</cbc:ID>
					<cbc:Name>Moms</cbc:Name>
				</cac:TaxScheme>
			</cac:TaxCategory>
		</cac:TaxSubtotal>
	</cac:TaxTotal>

	<cac:LegalMonetaryTotal>
		<cbc:LineExtensionAmount currencyID="DKK">50.00</cbc:LineExtensionAmount>
		<cbc:TaxExclusiveAmount currencyID="DKK">12.50</cbc:TaxExclusiveAmount>
		<cbc:TaxInclusiveAmount currencyID="DKK">62.50</cbc:TaxInclusiveAmount>
		<cbc:PayableAmount currencyID="DKK">62.50</cbc:PayableAmount>
	</cac:LegalMonetaryTotal>

	<cac:InvoiceLine>
		<cbc:ID>1</cbc:ID>
		<cbc:InvoicedQuantity unitCode="EA">5.00</cbc:InvoicedQuantity>
		<cbc:LineExtensionAmount currencyID="DKK">50.00</cbc:LineExtensionAmount>
		<cac:OrderLineReference>
			<cbc:LineID>1</cbc:LineID>
		</cac:OrderLineReference>
		<cac:TaxTotal>
			<cbc:TaxAmount currencyID="DKK">12.50</cbc:TaxAmount>
			<cac:TaxSubtotal>
				<cbc:TaxableAmount currencyID="DKK">50.00</cbc:TaxableAmount>
				<cbc:TaxAmount currencyID="DKK">12.50</cbc:TaxAmount>
				<cac:TaxCategory>
					<cbc:ID schemeID="urn:oioubl:id:taxcategoryid-1.1" schemeAgencyID="320">STANDARDRATED</cbc:ID>
					<cbc:Percent>25</cbc:Percent>
					<cac:TaxScheme>
						<cbc:ID schemeID="urn:oioubl:id:taxschemeid-1.1">63</cbc:ID>
						<cbc:Name>Moms</cbc:Name>
					</cac:TaxScheme>
				</cac:TaxCategory>
			</cac:TaxSubtotal>
		</cac:TaxTotal>
		<cac:Item>
			<cbc:Description>Kugleleje blå (53)</cbc:Description>
			<cbc:Name>Kugleleje-53</cbc:Name>
			<cac:SellersItemIdentification>
				<cbc:ID schemeAgencyID="9" schemeID="GTIN">5712345780121</cbc:ID>
			</cac:SellersItemIdentification>
		</cac:Item>
		<cac:Price>
			<cbc:PriceAmount currencyID="DKK">10.00</cbc:PriceAmount>
			<cbc:BaseQuantity unitCode="EA">1</cbc:BaseQuantity>
			<cbc:OrderableUnitFactorRate>1</cbc:OrderableUnitFactorRate>
		</cac:Price>
	</cac:InvoiceLine>

</SelfBilledInvoice>
