<?xml version="1.0" encoding="UTF-8"?>
<ubl:TransportationStatusRequest xmlns:ubl="urn:oasis:names:specification:ubl:schema:xsd:TransportationStatusRequest-2"
                                 xmlns:cac="urn:oasis:names:specification:ubl:schema:xsd:CommonAggregateComponents-2"
                                 xmlns:cbc="urn:oasis:names:specification:ubl:schema:xsd:CommonBasicComponents-2">
   <cbc:CustomizationID>urn:fdc:peppol.eu:logistics:trns:transportation_status_request:1</cbc:CustomizationID>
   <cbc:ProfileID>urn:fdc:peppol.eu:logistics:bis:transportation_status_w_request:1</cbc:ProfileID>
   <cbc:ID>TSR_2</cbc:ID>
   <cbc:IssueDate>2021-09-29</cbc:IssueDate>
   <cbc:IssueTime>13:09:20+02:00</cbc:IssueTime>
   <cbc:ShippingOrderID schemeID="zzz">KHN23-44044</cbc:ShippingOrderID>
   <cbc:TransportationStatusTypeCode>4</cbc:TransportationStatusTypeCode>
   <cac:SenderParty>
	  <cbc:EndpointID schemeID="0007">5560125220</cbc:EndpointID>
      <cac:PartyIdentification>
			<cbc:ID schemeID="0007">5560125220</cbc:ID>
		</cac:PartyIdentification>
		<cac:PostalAddress>
			<cbc:StreetName>Bällstavägen 102</cbc:StreetName>
			<cbc:CityName>Bromma</cbc:CityName>
			<cbc:PostalZone>168 64</cbc:PostalZone>
			<cac:Country>
				<cbc:IdentificationCode>SE</cbc:IdentificationCode>
			</cac:Country>
		</cac:PostalAddress>
		<cac:PartyLegalEntity>
			<cbc:RegistrationName>Beijer Byggmaterial AB</cbc:RegistrationName>
		</cac:PartyLegalEntity>
		<cac:Contact>
			<cbc:Name>Robin Olsson</cbc:Name>
			<cbc:Telephone>075-241 32304</cbc:Telephone>
			<cbc:ElectronicMail>info.bromma@beijerbygg.se</cbc:ElectronicMail>
		</cac:Contact>  
   </cac:SenderParty>
   <cac:ReceiverParty>
      <cbc:EndpointID schemeID="0184">33572190</cbc:EndpointID>
		<cac:PartyIdentification>
			<cbc:ID schemeID="0088">7300010000001</cbc:ID>
		</cac:PartyIdentification>
		<cac:PartyName>
			<cbc:Name>NTG Nordic</cbc:Name>
		</cac:PartyName>
		<cac:PostalAddress>
			<cbc:StreetName>Truckvej 5</cbc:StreetName>
			<cbc:CityName>Køge</cbc:CityName>
			<cbc:PostalZone>4600</cbc:PostalZone>
			<cac:Country>
				<cbc:IdentificationCode>DK</cbc:IdentificationCode>
			</cac:Country>
		</cac:PostalAddress>
		<cac:PartyLegalEntity>
			<cbc:RegistrationName>NTG Nordic A/S</cbc:RegistrationName>
			<cbc:CompanyID schemeID="0184">33572190</cbc:CompanyID>
		</cac:PartyLegalEntity>
		<cac:Contact>
			<cbc:Name>Karsten Hansen</cbc:Name>
			<cbc:Telephone>+45889356</cbc:Telephone>
			<cbc:ElectronicMail>kh@ntgnordic.dk</cbc:ElectronicMail>
		</cac:Contact>  
   </cac:ReceiverParty>
   <cac:TransportExecutionPlanDocumentReference>
		<cbc:ID>691278571829041271246</cbc:ID>
		<cbc:IssueDate>2021-09-29</cbc:IssueDate>
		<cbc:IssueTime>09:49:00+02:00</cbc:IssueTime>  
   </cac:TransportExecutionPlanDocumentReference>   
</ubl:TransportationStatusRequest>
