<?xml version="1.0" encoding="UTF-8"?>
<testSet xmlns="http://difi.no/xsd/vefa/validator/1.0"
	configuration="peppolbis-t110-base-3.0">
	<assert>
		<description>Verify that OrderResponse total VAT amount = Σ VAT category tax amount</description>
		<scope>PEPPOL-T110-R025</scope>
	</assert>
	<test id="1">
		<assert>	
			<success>PEPPOL-T110-R025</success>
		</assert>
		<OrderResponse
			xmlns:cac="urn:oasis:names:specification:ubl:schema:xsd:CommonAggregateComponents-2"
			xmlns:cbc="urn:oasis:names:specification:ubl:schema:xsd:CommonBasicComponents-2"
			xmlns="urn:oasis:names:specification:ubl:schema:xsd:OrderResponse-2">
			<cac:TaxTotal>
				<cbc:TaxAmount>250</cbc:TaxAmount>
				<cac:TaxSubtotal>
					<cbc:TaxAmount>250</cbc:TaxAmount>
				</cac:TaxSubtotal>
			</cac:TaxTotal>
		</OrderResponse>
	</test>
	
	<test id="2">
		<assert>
			<success>PEPPOL-T110-R025</success>
		</assert>
		<OrderResponse
			xmlns:cac="urn:oasis:names:specification:ubl:schema:xsd:CommonAggregateComponents-2"
			xmlns:cbc="urn:oasis:names:specification:ubl:schema:xsd:CommonBasicComponents-2"
			xmlns="urn:oasis:names:specification:ubl:schema:xsd:OrderResponse-2">
			<cac:TaxTotal>
				<cbc:TaxAmount>400</cbc:TaxAmount>
				<cac:TaxSubtotal>
					<cbc:TaxAmount>250</cbc:TaxAmount>
				</cac:TaxSubtotal>
				<cac:TaxSubtotal>
					<cbc:TaxAmount>150</cbc:TaxAmount>
				</cac:TaxSubtotal>
			</cac:TaxTotal>
		</OrderResponse>
	</test>
	
	<test id="3">
		<assert>
			<success>PEPPOL-T110-R025</success>
		</assert>
		<OrderResponse
			xmlns:cac="urn:oasis:names:specification:ubl:schema:xsd:CommonAggregateComponents-2"
			xmlns:cbc="urn:oasis:names:specification:ubl:schema:xsd:CommonBasicComponents-2"
			xmlns="urn:oasis:names:specification:ubl:schema:xsd:OrderResponse-2">
			<cac:TaxTotal>
				<cbc:TaxAmount>250.0</cbc:TaxAmount>
				<cac:TaxSubtotal>
					<cbc:TaxAmount>250</cbc:TaxAmount>
				</cac:TaxSubtotal>
				<cac:TaxSubtotal>
					<cbc:TaxAmount>0.00</cbc:TaxAmount>
				</cac:TaxSubtotal>
			</cac:TaxTotal>
		</OrderResponse>
	</test>
	
	<test id="4">
		<assert>
			<success>PEPPOL-T110-R025</success>
		</assert>
		<OrderResponse
			xmlns:cac="urn:oasis:names:specification:ubl:schema:xsd:CommonAggregateComponents-2"
			xmlns:cbc="urn:oasis:names:specification:ubl:schema:xsd:CommonBasicComponents-2"
			xmlns="urn:oasis:names:specification:ubl:schema:xsd:OrderResponse-2">
			<cac:TaxTotal>
				<cbc:TaxAmount>00</cbc:TaxAmount>
				<cac:TaxSubtotal>
					<cbc:TaxAmount>0</cbc:TaxAmount>
				</cac:TaxSubtotal>
				<cac:TaxSubtotal>
					<cbc:TaxAmount>0.00</cbc:TaxAmount>
				</cac:TaxSubtotal>
			</cac:TaxTotal>
		</OrderResponse>
	</test>
	<test id="5">
		<assert>
			<error>PEPPOL-T110-R025</error>
		</assert>
		<OrderResponse
			xmlns:cac="urn:oasis:names:specification:ubl:schema:xsd:CommonAggregateComponents-2"
			xmlns:cbc="urn:oasis:names:specification:ubl:schema:xsd:CommonBasicComponents-2"
			xmlns="urn:oasis:names:specification:ubl:schema:xsd:OrderResponse-2">
			<cac:TaxTotal>
				<cbc:TaxAmount>300</cbc:TaxAmount>
				<cac:TaxSubtotal>
					<cbc:TaxAmount>250</cbc:TaxAmount>
				</cac:TaxSubtotal>
			</cac:TaxTotal>
		</OrderResponse>
	</test>

	<test id="6">
		<assert>
			<error>PEPPOL-T110-R025</error>
		</assert>
		<OrderResponse
			xmlns:cac="urn:oasis:names:specification:ubl:schema:xsd:CommonAggregateComponents-2"
			xmlns:cbc="urn:oasis:names:specification:ubl:schema:xsd:CommonBasicComponents-2"
			xmlns="urn:oasis:names:specification:ubl:schema:xsd:OrderResponse-2">
			<cac:TaxTotal>
				<cbc:TaxAmount>300</cbc:TaxAmount>
				<cac:TaxSubtotal>
					<cbc:TaxAmount>250</cbc:TaxAmount>
				</cac:TaxSubtotal>
				<cac:TaxSubtotal>
					<cbc:TaxAmount>150.00</cbc:TaxAmount>
				</cac:TaxSubtotal>
			</cac:TaxTotal>
		</OrderResponse>
	</test>
	
	<test id="7">
		<assert>
			<error>PEPPOL-T110-R025</error>
		</assert>
		<OrderResponse
			xmlns:cac="urn:oasis:names:specification:ubl:schema:xsd:CommonAggregateComponents-2"
			xmlns:cbc="urn:oasis:names:specification:ubl:schema:xsd:CommonBasicComponents-2"
			xmlns="urn:oasis:names:specification:ubl:schema:xsd:OrderResponse-2">
			<cac:TaxTotal>
				<cbc:TaxAmount>1</cbc:TaxAmount>
				<cac:TaxSubtotal>
					<cbc:TaxAmount>0</cbc:TaxAmount>
				</cac:TaxSubtotal>
				<cac:TaxSubtotal>
					<cbc:TaxAmount>0.00</cbc:TaxAmount>
				</cac:TaxSubtotal>
			</cac:TaxTotal>
		</OrderResponse>
	</test>
</testSet>

