<?xml version="1.0" encoding="UTF-8"?>
<Element xmlns="urn:fdc:difi.no:2017:vefa:structure-1" cardinality="0..n">

        <Term>cac:AdditionalDocumentReference</Term>
        <Name>ADDITIONAL SUPPORTING DOCUMENTS</Name>
        <Description>A group of business terms providing information about additional supporting documents substantiating the claims made in the Invoice.
            The additional supporting documents can be used for both referencing a document number which is expected to be known by the receiver, 
            an external document (referenced by a URL) or as an embedded document, Base64 encoded (such as a time report).</Description>
        <Reference type="BUSINESS_TERM">BG-24</Reference>
         <Reference type="RULE">PEPPOL-EN16931-R006</Reference>
         <Reference type="RULE">PEPPOL-EN16931-R080</Reference>
         <Reference type="RULE">DE-R-022</Reference>         

        <Element>
            <Term>cbc:ID</Term>
            <Name>Invoiced object identifier, Supporting document reference</Name>
            <Description>An identifier for an object on which the invoice is based, given by the Seller, or the identifier for the supporting document.</Description>
            <DataType>Identifier</DataType>
            <Reference type="BUSINESS_TERM">BT-18, BT-122</Reference>
            <Reference type="RULE">BR-52</Reference>
            
            <Attribute usage="Optional">
                <Term>schemeID</Term>
                <Name>Scheme identifier</Name>
                <Description>The identification scheme identifier of the Invoiced object identifier.</Description>
                <Reference type="RULE">BR-CL-07</Reference>
                <Reference type="CODE_LIST">UNCL1153</Reference>
                <Value type="EXAMPLE">AUN</Value>
            </Attribute>
            
            <Value type="EXAMPLE">AB23456</Value>              
            
        </Element>
        
        <Element cardinality="0..1">
            <Term>cbc:DocumentTypeCode</Term>
            <Name>Document type code</Name>
            <Description>Code "130" MUST be used to indicate an invoice object reference. Not used for other additional documents</Description>
            <DataType>Code</DataType>
            <Reference type="BUSINESS_TERM">BT-18</Reference>
            <Value type="DEFAULT">130</Value>
        </Element>
        
        <Element cardinality="0..1">
            <Term>cbc:DocumentDescription</Term>
            <Name>Supporting document description</Name>
            <Description>A description of the supporting document, such as: timesheet, usage report etc.</Description>
            <DataType>Text</DataType>
            <Reference type="BUSINESS_TERM">BT-123</Reference>
            <Value type="EXAMPLE">Time list</Value>
        </Element>
        
        <Element cardinality="0..1">
            <Term>cac:Attachment</Term>
            <Name>ATTACHMENT</Name>
            
            <Element cardinality="0..1">
                <Term>cbc:EmbeddedDocumentBinaryObject</Term>
                <Name>Attached document</Name>
                <Description>An attached document embedded as binary object (Base64) or sent together with the invoice.</Description>
                <DataType>Binary object</DataType>
                <Reference type="BUSINESS_TERM">BT-125</Reference>
                
                
                <Attribute>
                    <Term>mimeCode</Term>
                    <Name>Attached document Mime code</Name>
                    <Description>The mime code of the attached document.</Description>
                    <Reference type="RULE">PEPPOL-EN16931-CL001</Reference>
                    <Reference type="RULE">UBL-DT-06</Reference>
                    <Reference type="RULE">BR-CL-24</Reference>                   
                    <Reference type="CODE_LIST">MimeCode</Reference>
                    <Value type="EXAMPLE">text/csv</Value>
                </Attribute>
                
                <Attribute>
                    <Term>filename</Term>
                    <Name>Attached document Filename</Name>
                    <Description>The file name of the attached document</Description>
                    <Reference type="RULE">UBL-DT-07</Reference>
                    <Value type="EXAMPLE">Hours-spent.csv</Value>
                    
                </Attribute>
                
                <Value type="EXAMPLE">aHR0cHM6Ly90ZXN0LXZlZmEuZGlmaS5uby9wZXBwb2xiaXMvcG9hY2MvYmlsbGluZy8zLjAvYmlzLw==</Value>
            </Element>
            
            <Element cardinality="0..1">
                <Term>cac:ExternalReference</Term>
                <Name>EXTERNAL REFERENCE</Name>
                
                <Element>
                    <Term>cbc:URI</Term>
                    <Name>External document location</Name>
                    <Description>The URL (Uniform Resource Locator) that identifies where the external document is located.  
                        A means of locating the resource, including its primary access mechanism, e.g. http:// or ftp://.
                    </Description>
                    <DataType>Text</DataType>
                    <Reference type="BUSINESS_TERM">BT-124</Reference>
                    <Value type="EXAMPLE">http://www.example.com/index.html</Value>
                </Element>
            </Element>
        </Element>
    

</Element>
