<?xml version="1.0" encoding="UTF-8"?>
<CreditNote xmlns:ccts="urn:un:unece:uncefact:documentation:2" xmlns:cr="http://www.ubl-italia.org/ns/CrossReference" xmlns:xsd="http://www.w3.org/2001/XMLSchema" xmlns:ext="urn:oasis:names:specification:ubl:schema:xsd:CommonExtensionComponents-2" xmlns:cac="urn:oasis:names:specification:ubl:schema:xsd:CommonAggregateComponents-2" xmlns:cbc="urn:oasis:names:specification:ubl:schema:xsd:CommonBasicComponents-2" xmlns="urn:oasis:names:specification:ubl:schema:xsd:CreditNote-2">
	<cbc:CustomizationID>urn:cen.eu:en16931:2017#compliant#urn:fdc:peppol.eu:2017:poacc:billing:3.0#conformant#urn:www.agid.gov.it:trns:fattura:3</cbc:CustomizationID>
	<cbc:ProfileID>urn:fdc:peppol.eu:2017:poacc:billing:01:1.0</cbc:ProfileID>
	<cbc:ID>04_NC_BIS3_V10_B2G</cbc:ID>
	<cbc:IssueDate>2020-12-31</cbc:IssueDate>
	<cbc:CreditNoteTypeCode>381</cbc:CreditNoteTypeCode>
	<cbc:DocumentCurrencyCode>EUR</cbc:DocumentCurrencyCode>
	<cbc:BuyerReference>#NO#</cbc:BuyerReference>
	<cac:BillingReference>
		<cac:InvoiceDocumentReference>
			<cbc:ID>01_FT_BIS3_V29_B2B</cbc:ID>
			<cbc:IssueDate>2020-12-07</cbc:IssueDate>
		</cac:InvoiceDocumentReference>
	</cac:BillingReference>
	<cac:AccountingSupplierParty>
		<cac:Party>
			<cbc:EndpointID schemeID="0211">IT02188520544</cbc:EndpointID>
			<cac:PartyIdentification>
				<cbc:ID>REA:RM#323284</cbc:ID>
			</cac:PartyIdentification>
			<cac:PostalAddress>
				<cbc:StreetName>Via Amendola,2</cbc:StreetName>
				<cbc:CityName>REGGIO EMILIA</cbc:CityName>
				<cbc:PostalZone>42100</cbc:PostalZone>
				<cbc:CountrySubentity>RE</cbc:CountrySubentity>
				<cac:Country>
					<cbc:IdentificationCode>IT</cbc:IdentificationCode>
				</cac:Country>
			</cac:PostalAddress>
			<cac:PartyTaxScheme>
				<cbc:CompanyID>IT02188520544</cbc:CompanyID>
				<cac:TaxScheme>
					<cbc:ID>VAT</cbc:ID>
				</cac:TaxScheme>
			</cac:PartyTaxScheme>
			<cac:PartyLegalEntity>
				<cbc:RegistrationName>Fornitore SPA</cbc:RegistrationName>
				<cbc:CompanyID schemeID="0210">02188520544</cbc:CompanyID>
				<cbc:CompanyLegalForm>100000.00#SU#LN</cbc:CompanyLegalForm>
			</cac:PartyLegalEntity>
		</cac:Party>
	</cac:AccountingSupplierParty>
	<cac:AccountingCustomerParty>
		<cac:Party>
			<cbc:EndpointID schemeID="0201">O92KTP</cbc:EndpointID>
			<cac:PostalAddress>
				<cbc:StreetName>Via Cliente,2</cbc:StreetName>
				<cbc:CityName>REGGIO EMILIA</cbc:CityName>
				<cbc:PostalZone>42100</cbc:PostalZone>
				<cbc:CountrySubentity>RE</cbc:CountrySubentity>
				<cac:Country>
					<cbc:IdentificationCode>IT</cbc:IdentificationCode>
				</cac:Country>
			</cac:PostalAddress>
			<cac:PartyTaxScheme>
				<cbc:CompanyID>IT01598570354</cbc:CompanyID>
				<cac:TaxScheme>
					<cbc:ID>VAT</cbc:ID>
				</cac:TaxScheme>
			</cac:PartyTaxScheme>
			<cac:PartyLegalEntity>
				<cbc:RegistrationName>USL Cliente</cbc:RegistrationName>
				<cbc:CompanyID schemeID="0210">01598570354</cbc:CompanyID>
			</cac:PartyLegalEntity>
		</cac:Party>
	</cac:AccountingCustomerParty>
	<cac:PaymentMeans>
		<cbc:PaymentMeansCode>58</cbc:PaymentMeansCode>
		<cac:PayeeFinancialAccount>
		  <cbc:ID>IT18I0565212903CC0200036778</cbc:ID>
		  <cac:FinancialInstitutionBranch>
			<cbc:ID>UNCRIT2B</cbc:ID>
		  </cac:FinancialInstitutionBranch>
		</cac:PayeeFinancialAccount>
	</cac:PaymentMeans>
	<cac:PaymentTerms>
		<cbc:Note>TP02</cbc:Note>
	</cac:PaymentTerms>
	<cac:AllowanceCharge>
        <cbc:ChargeIndicator>true</cbc:ChargeIndicator>
		<cbc:AllowanceChargeReasonCode>SAE</cbc:AllowanceChargeReasonCode>
		<cbc:AllowanceChargeReason>BOLLO</cbc:AllowanceChargeReason>
		<cbc:Amount currencyID="EUR">0.00</cbc:Amount>
		<cac:TaxCategory>
			<cbc:ID>Z</cbc:ID>
			<cbc:Percent>0</cbc:Percent>
			<cac:TaxScheme>
				<cbc:ID>VAT</cbc:ID>
			</cac:TaxScheme>
		</cac:TaxCategory>
	</cac:AllowanceCharge>
	<cac:TaxTotal>
		<cbc:TaxAmount currencyID="EUR">0.00</cbc:TaxAmount>
		<cac:TaxSubtotal>
			<cbc:TaxableAmount currencyID="EUR">98.00</cbc:TaxableAmount>
			<cbc:TaxAmount currencyID="EUR">0.00</cbc:TaxAmount>
			<cac:TaxCategory>
				<cbc:ID>E</cbc:ID>
				<cbc:Percent>0</cbc:Percent>
				<cbc:TaxExemptionReasonCode>vatex-eu-132</cbc:TaxExemptionReasonCode>
				<cbc:TaxExemptionReason>N2.1</cbc:TaxExemptionReason>
				<cac:TaxScheme>
					<cbc:ID>VAT</cbc:ID>
				</cac:TaxScheme>
			</cac:TaxCategory>
        </cac:TaxSubtotal>
        <cac:TaxSubtotal>
			<cbc:TaxableAmount currencyID="EUR">0.00</cbc:TaxableAmount>
			<cbc:TaxAmount currencyID="EUR">0.00</cbc:TaxAmount>
			<cac:TaxCategory>
				<cbc:ID>Z</cbc:ID>
				<cbc:Percent>0</cbc:Percent>
				<cac:TaxScheme>
					<cbc:ID>VAT</cbc:ID>
				</cac:TaxScheme>
			</cac:TaxCategory>
        </cac:TaxSubtotal>
	</cac:TaxTotal>
	<cac:LegalMonetaryTotal>
		<cbc:LineExtensionAmount currencyID="EUR">98.00</cbc:LineExtensionAmount>
		<cbc:TaxExclusiveAmount currencyID="EUR">98.00</cbc:TaxExclusiveAmount>
		<cbc:TaxInclusiveAmount currencyID="EUR">98.00</cbc:TaxInclusiveAmount>
		<cbc:ChargeTotalAmount currencyID="EUR">0.00</cbc:ChargeTotalAmount>
		<cbc:PayableAmount currencyID="EUR">98.00</cbc:PayableAmount>
	</cac:LegalMonetaryTotal>
	<cac:CreditNoteLine>
		<cbc:ID>1</cbc:ID>
		<cbc:CreditedQuantity unitCode="C62">1.00000000</cbc:CreditedQuantity>
		<cbc:LineExtensionAmount currencyID="EUR">100.00</cbc:LineExtensionAmount>
		<cac:Item>
			<cbc:Name>Assicurazioni NOS - PREVIMEDIC V.ortopedica</cbc:Name>
			<cac:SellersItemIdentification>
				<cbc:ID>OR00001</cbc:ID>
			</cac:SellersItemIdentification>
			<cac:ClassifiedTaxCategory>
				<cbc:ID>E</cbc:ID>
				<cbc:Percent>0.00</cbc:Percent>
				<cac:TaxScheme>
					<cbc:ID>VAT</cbc:ID>
				</cac:TaxScheme>
			</cac:ClassifiedTaxCategory>
			<cac:AdditionalItemProperty>
				<cbc:Name>NATURA</cbc:Name>
				<cbc:Value>N2.1</cbc:Value>
			</cac:AdditionalItemProperty>
		</cac:Item>
		<cac:Price>
		  <cbc:PriceAmount currencyID="EUR">100.00000000</cbc:PriceAmount>
				<cac:AllowanceCharge>
					<cbc:ChargeIndicator>false</cbc:ChargeIndicator>
					<cbc:Amount currencyID="EUR">00.00</cbc:Amount>
					<cbc:BaseAmount currencyID="EUR">100.00000000</cbc:BaseAmount>
				</cac:AllowanceCharge>
		</cac:Price>
	</cac:CreditNoteLine>
	<cac:CreditNoteLine>
		<cbc:ID>9999</cbc:ID>
		<cbc:CreditedQuantity unitCode="C62">-1.00000000</cbc:CreditedQuantity>
		<cbc:LineExtensionAmount currencyID="EUR">-2.00</cbc:LineExtensionAmount>
		<cac:Item>
			<cbc:Name>Rivalsa bollo</cbc:Name>
			<cac:ClassifiedTaxCategory>
				<cbc:ID>E</cbc:ID>
				<cbc:Percent>0.00</cbc:Percent>
				<cac:TaxScheme>
					<cbc:ID>VAT</cbc:ID>
				</cac:TaxScheme>
			</cac:ClassifiedTaxCategory>
			<cac:AdditionalItemProperty>
				<cbc:Name>NATURA</cbc:Name>
				<cbc:Value>N2.1</cbc:Value>
			</cac:AdditionalItemProperty>
		</cac:Item>
		<cac:Price>
		  <cbc:PriceAmount currencyID="EUR">2.00000000</cbc:PriceAmount>
				<cac:AllowanceCharge>
					<cbc:ChargeIndicator>false</cbc:ChargeIndicator>
					<cbc:Amount currencyID="EUR">00.00</cbc:Amount>
					<cbc:BaseAmount currencyID="EUR">2.00000000</cbc:BaseAmount>
				</cac:AllowanceCharge>
		</cac:Price>
	</cac:CreditNoteLine>
</CreditNote>
