<?xml version="1.0" encoding="UTF-8"?>
<codedb>
  <cl id="1">
    <enumeration value="urn:factur-x.eu:1p0:basicwl"/>
    <enumeration value="urn:zugferd.de:2p0:basicwl"/>
  </cl>
  <cl id="2">
    <enumeration value="71"/>
    <enumeration value="80"/>
    <enumeration value="81"/>
    <enumeration value="82"/>
    <enumeration value="83"/>
    <enumeration value="84"/>
    <enumeration value="102"/>
    <enumeration value="130"/>
    <enumeration value="202"/>
    <enumeration value="203"/>
    <enumeration value="204"/>
    <enumeration value="211"/>
    <enumeration value="218"/>
    <enumeration value="219"/>
    <enumeration value="261"/>
    <enumeration value="262"/>
    <enumeration value="295"/>
    <enumeration value="296"/>
    <enumeration value="308"/>
    <enumeration value="325"/>
    <enumeration value="326"/>
    <enumeration value="331"/>
    <enumeration value="380"/>
    <enumeration value="381"/>
    <enumeration value="382"/>
    <enumeration value="383"/>
    <enumeration value="384"/>
    <enumeration value="385"/>
    <enumeration value="386"/>
    <enumeration value="387"/>
    <enumeration value="388"/>
    <enumeration value="389"/>
    <enumeration value="390"/>
    <enumeration value="393"/>
    <enumeration value="394"/>
    <enumeration value="395"/>
    <enumeration value="396"/>
    <enumeration value="420"/>
    <enumeration value="456"/>
    <enumeration value="457"/>
    <enumeration value="458"/>
    <enumeration value="471"/>
    <enumeration value="472"/>
    <enumeration value="473"/>
    <enumeration value="500"/>
    <enumeration value="501"/>
    <enumeration value="502"/>
    <enumeration value="503"/>
    <enumeration value="527"/>
    <enumeration value="532"/>
    <enumeration value="553"/>
    <enumeration value="575"/>
    <enumeration value="623"/>
    <enumeration value="633"/>
    <enumeration value="751"/>
    <enumeration value="780"/>
    <enumeration value="817"/>
    <enumeration value="870"/>
    <enumeration value="875"/>
    <enumeration value="876"/>
    <enumeration value="877"/>
    <enumeration value="935"/>
  </cl>
  <cl id="3">
    <enumeration value="102"/>
  </cl>
  <cl id="4">
    <enumeration value="AAA"/>
    <enumeration value="AAB"/>
    <enumeration value="AAC"/>
    <enumeration value="AAD"/>
    <enumeration value="AAE"/>
    <enumeration value="AAF"/>
    <enumeration value="AAG"/>
    <enumeration value="AAI"/>
    <enumeration value="AAJ"/>
    <enumeration value="AAK"/>
    <enumeration value="AAL"/>
    <enumeration value="AAM"/>
    <enumeration value="AAN"/>
    <enumeration value="AAO"/>
    <enumeration value="AAP"/>
    <enumeration value="AAQ"/>
    <enumeration value="AAR"/>
    <enumeration value="AAS"/>
    <enumeration value="AAT"/>
    <enumeration value="AAU"/>
    <enumeration value="AAV"/>
    <enumeration value="AAW"/>
    <enumeration value="AAX"/>
    <enumeration value="AAY"/>
    <enumeration value="AAZ"/>
    <enumeration value="ABA"/>
    <enumeration value="ABB"/>
    <enumeration value="ABC"/>
    <enumeration value="ABD"/>
    <enumeration value="ABE"/>
    <enumeration value="ABF"/>
    <enumeration value="ABG"/>
    <enumeration value="ABH"/>
    <enumeration value="ABI"/>
    <enumeration value="ABJ"/>
    <enumeration value="ABK"/>
    <enumeration value="ABL"/>
    <enumeration value="ABM"/>
    <enumeration value="ABN"/>
    <enumeration value="ABO"/>
    <enumeration value="ABP"/>
    <enumeration value="ABQ"/>
    <enumeration value="ABR"/>
    <enumeration value="ABS"/>
    <enumeration value="ABT"/>
    <enumeration value="ABU"/>
    <enumeration value="ABV"/>
    <enumeration value="ABW"/>
    <enumeration value="ABX"/>
    <enumeration value="ABZ"/>
    <enumeration value="ACA"/>
    <enumeration value="ACB"/>
    <enumeration value="ACC"/>
    <enumeration value="ACD"/>
    <enumeration value="ACE"/>
    <enumeration value="ACF"/>
    <enumeration value="ACG"/>
    <enumeration value="ACH"/>
    <enumeration value="ACI"/>
    <enumeration value="ACJ"/>
    <enumeration value="ACK"/>
    <enumeration value="ACL"/>
    <enumeration value="ACM"/>
    <enumeration value="ACN"/>
    <enumeration value="ACO"/>
    <enumeration value="ACP"/>
    <enumeration value="ACQ"/>
    <enumeration value="ACR"/>
    <enumeration value="ACS"/>
    <enumeration value="ACT"/>
    <enumeration value="ACU"/>
    <enumeration value="ACV"/>
    <enumeration value="ACW"/>
    <enumeration value="ACX"/>
    <enumeration value="ACY"/>
    <enumeration value="ACZ"/>
    <enumeration value="ADA"/>
    <enumeration value="ADB"/>
    <enumeration value="ADC"/>
    <enumeration value="ADD"/>
    <enumeration value="ADE"/>
    <enumeration value="ADF"/>
    <enumeration value="ADG"/>
    <enumeration value="ADH"/>
    <enumeration value="ADI"/>
    <enumeration value="ADJ"/>
    <enumeration value="ADK"/>
    <enumeration value="ADL"/>
    <enumeration value="ADM"/>
    <enumeration value="ADN"/>
    <enumeration value="ADO"/>
    <enumeration value="ADP"/>
    <enumeration value="ADQ"/>
    <enumeration value="ADR"/>
    <enumeration value="ADS"/>
    <enumeration value="ADT"/>
    <enumeration value="ADU"/>
    <enumeration value="ADV"/>
    <enumeration value="ADW"/>
    <enumeration value="ADX"/>
    <enumeration value="ADY"/>
    <enumeration value="ADZ"/>
    <enumeration value="AEA"/>
    <enumeration value="AEB"/>
    <enumeration value="AEC"/>
    <enumeration value="AED"/>
    <enumeration value="AEE"/>
    <enumeration value="AEF"/>
    <enumeration value="AEG"/>
    <enumeration value="AEH"/>
    <enumeration value="AEI"/>
    <enumeration value="AEJ"/>
    <enumeration value="AEK"/>
    <enumeration value="AEL"/>
    <enumeration value="AEM"/>
    <enumeration value="AEN"/>
    <enumeration value="AEO"/>
    <enumeration value="AEP"/>
    <enumeration value="AEQ"/>
    <enumeration value="AER"/>
    <enumeration value="AES"/>
    <enumeration value="AET"/>
    <enumeration value="AEU"/>
    <enumeration value="AEV"/>
    <enumeration value="AEW"/>
    <enumeration value="AEX"/>
    <enumeration value="AEY"/>
    <enumeration value="AEZ"/>
    <enumeration value="AFA"/>
    <enumeration value="AFB"/>
    <enumeration value="AFC"/>
    <enumeration value="AFD"/>
    <enumeration value="AFE"/>
    <enumeration value="AFF"/>
    <enumeration value="AFG"/>
    <enumeration value="AFH"/>
    <enumeration value="AFI"/>
    <enumeration value="AFJ"/>
    <enumeration value="AFK"/>
    <enumeration value="AFL"/>
    <enumeration value="AFM"/>
    <enumeration value="AFN"/>
    <enumeration value="AFO"/>
    <enumeration value="AFP"/>
    <enumeration value="AFQ"/>
    <enumeration value="AFR"/>
    <enumeration value="AFS"/>
    <enumeration value="AFT"/>
    <enumeration value="AFU"/>
    <enumeration value="AFV"/>
    <enumeration value="AFW"/>
    <enumeration value="AFX"/>
    <enumeration value="AFY"/>
    <enumeration value="AFZ"/>
    <enumeration value="AGA"/>
    <enumeration value="AGB"/>
    <enumeration value="AGC"/>
    <enumeration value="AGD"/>
    <enumeration value="AGE"/>
    <enumeration value="AGF"/>
    <enumeration value="AGG"/>
    <enumeration value="AGH"/>
    <enumeration value="AGI"/>
    <enumeration value="AGJ"/>
    <enumeration value="AGK"/>
    <enumeration value="AGL"/>
    <enumeration value="AGM"/>
    <enumeration value="AGN"/>
    <enumeration value="AGO"/>
    <enumeration value="AGP"/>
    <enumeration value="AGQ"/>
    <enumeration value="AGR"/>
    <enumeration value="AGS"/>
    <enumeration value="AGT"/>
    <enumeration value="AGU"/>
    <enumeration value="AGV"/>
    <enumeration value="AGW"/>
    <enumeration value="AGX"/>
    <enumeration value="AGY"/>
    <enumeration value="AGZ"/>
    <enumeration value="AHA"/>
    <enumeration value="AHB"/>
    <enumeration value="AHC"/>
    <enumeration value="AHD"/>
    <enumeration value="AHE"/>
    <enumeration value="AHF"/>
    <enumeration value="AHG"/>
    <enumeration value="AHH"/>
    <enumeration value="AHI"/>
    <enumeration value="AHJ"/>
    <enumeration value="AHK"/>
    <enumeration value="AHL"/>
    <enumeration value="AHM"/>
    <enumeration value="AHN"/>
    <enumeration value="AHO"/>
    <enumeration value="AHP"/>
    <enumeration value="AHQ"/>
    <enumeration value="AHR"/>
    <enumeration value="AHS"/>
    <enumeration value="AHT"/>
    <enumeration value="AHU"/>
    <enumeration value="AHV"/>
    <enumeration value="AHW"/>
    <enumeration value="AHX"/>
    <enumeration value="AHY"/>
    <enumeration value="AHZ"/>
    <enumeration value="AIA"/>
    <enumeration value="AIB"/>
    <enumeration value="AIC"/>
    <enumeration value="AID"/>
    <enumeration value="AIE"/>
    <enumeration value="AIF"/>
    <enumeration value="AIG"/>
    <enumeration value="AIH"/>
    <enumeration value="AII"/>
    <enumeration value="AIJ"/>
    <enumeration value="AIK"/>
    <enumeration value="AIL"/>
    <enumeration value="AIM"/>
    <enumeration value="AIN"/>
    <enumeration value="AIO"/>
    <enumeration value="AIP"/>
    <enumeration value="AIQ"/>
    <enumeration value="AIR"/>
    <enumeration value="AIS"/>
    <enumeration value="AIT"/>
    <enumeration value="AIU"/>
    <enumeration value="AIV"/>
    <enumeration value="AIW"/>
    <enumeration value="AIX"/>
    <enumeration value="AIY"/>
    <enumeration value="AIZ"/>
    <enumeration value="AJA"/>
    <enumeration value="AJB"/>
    <enumeration value="ALC"/>
    <enumeration value="ALD"/>
    <enumeration value="ALE"/>
    <enumeration value="ALF"/>
    <enumeration value="ALG"/>
    <enumeration value="ALH"/>
    <enumeration value="ALI"/>
    <enumeration value="ALJ"/>
    <enumeration value="ALK"/>
    <enumeration value="ALL"/>
    <enumeration value="ALM"/>
    <enumeration value="ALN"/>
    <enumeration value="ALO"/>
    <enumeration value="ALP"/>
    <enumeration value="ALQ"/>
    <enumeration value="ARR"/>
    <enumeration value="ARS"/>
    <enumeration value="AUT"/>
    <enumeration value="AUU"/>
    <enumeration value="AUV"/>
    <enumeration value="AUW"/>
    <enumeration value="AUX"/>
    <enumeration value="AUY"/>
    <enumeration value="AUZ"/>
    <enumeration value="AVA"/>
    <enumeration value="AVB"/>
    <enumeration value="AVC"/>
    <enumeration value="AVD"/>
    <enumeration value="AVE"/>
    <enumeration value="AVF"/>
    <enumeration value="BAG"/>
    <enumeration value="BAH"/>
    <enumeration value="BAI"/>
    <enumeration value="BAJ"/>
    <enumeration value="BAK"/>
    <enumeration value="BAL"/>
    <enumeration value="BAM"/>
    <enumeration value="BAN"/>
    <enumeration value="BAO"/>
    <enumeration value="BAP"/>
    <enumeration value="BAQ"/>
    <enumeration value="BAR"/>
    <enumeration value="BAS"/>
    <enumeration value="BAT"/>
    <enumeration value="BAU"/>
    <enumeration value="BAV"/>
    <enumeration value="BAW"/>
    <enumeration value="BAX"/>
    <enumeration value="BAY"/>
    <enumeration value="BAZ"/>
    <enumeration value="BBA"/>
    <enumeration value="BBB"/>
    <enumeration value="BLC"/>
    <enumeration value="BLD"/>
    <enumeration value="BLE"/>
    <enumeration value="BLF"/>
    <enumeration value="BLG"/>
    <enumeration value="BLH"/>
    <enumeration value="BLI"/>
    <enumeration value="BLJ"/>
    <enumeration value="BLK"/>
    <enumeration value="BLL"/>
    <enumeration value="BLM"/>
    <enumeration value="BLN"/>
    <enumeration value="BLO"/>
    <enumeration value="BLP"/>
    <enumeration value="BLQ"/>
    <enumeration value="BLR"/>
    <enumeration value="BLS"/>
    <enumeration value="BLT"/>
    <enumeration value="BLU"/>
    <enumeration value="BLV"/>
    <enumeration value="BLW"/>
    <enumeration value="BLX"/>
    <enumeration value="BLY"/>
    <enumeration value="BLZ"/>
    <enumeration value="BMA"/>
    <enumeration value="BMB"/>
    <enumeration value="BMC"/>
    <enumeration value="BMD"/>
    <enumeration value="BME"/>
    <enumeration value="BMF"/>
    <enumeration value="BMG"/>
    <enumeration value="BMH"/>
    <enumeration value="CCI"/>
    <enumeration value="CCJ"/>
    <enumeration value="CCK"/>
    <enumeration value="CCL"/>
    <enumeration value="CCM"/>
    <enumeration value="CCN"/>
    <enumeration value="CCO"/>
    <enumeration value="CEX"/>
    <enumeration value="CHG"/>
    <enumeration value="CIP"/>
    <enumeration value="CLP"/>
    <enumeration value="CLR"/>
    <enumeration value="COI"/>
    <enumeration value="CUR"/>
    <enumeration value="CUS"/>
    <enumeration value="DAR"/>
    <enumeration value="DCL"/>
    <enumeration value="DEL"/>
    <enumeration value="DIN"/>
    <enumeration value="DOC"/>
    <enumeration value="DUT"/>
    <enumeration value="EUR"/>
    <enumeration value="FBC"/>
    <enumeration value="GBL"/>
    <enumeration value="GEN"/>
    <enumeration value="GS7"/>
    <enumeration value="HAN"/>
    <enumeration value="HAZ"/>
    <enumeration value="ICN"/>
    <enumeration value="IIN"/>
    <enumeration value="IMI"/>
    <enumeration value="IND"/>
    <enumeration value="INS"/>
    <enumeration value="INV"/>
    <enumeration value="IRP"/>
    <enumeration value="ITR"/>
    <enumeration value="ITS"/>
    <enumeration value="LAN"/>
    <enumeration value="LIN"/>
    <enumeration value="LOI"/>
    <enumeration value="MCO"/>
    <enumeration value="MDH"/>
    <enumeration value="MKS"/>
    <enumeration value="ORI"/>
    <enumeration value="OSI"/>
    <enumeration value="PAC"/>
    <enumeration value="PAI"/>
    <enumeration value="PAY"/>
    <enumeration value="PKG"/>
    <enumeration value="PKT"/>
    <enumeration value="PMD"/>
    <enumeration value="PMT"/>
    <enumeration value="PRD"/>
    <enumeration value="PRF"/>
    <enumeration value="PRI"/>
    <enumeration value="PUR"/>
    <enumeration value="QIN"/>
    <enumeration value="QQD"/>
    <enumeration value="QUT"/>
    <enumeration value="RAH"/>
    <enumeration value="REG"/>
    <enumeration value="RET"/>
    <enumeration value="REV"/>
    <enumeration value="RQR"/>
    <enumeration value="SAF"/>
    <enumeration value="SIC"/>
    <enumeration value="SIN"/>
    <enumeration value="SLR"/>
    <enumeration value="SPA"/>
    <enumeration value="SPG"/>
    <enumeration value="SPH"/>
    <enumeration value="SPP"/>
    <enumeration value="SPT"/>
    <enumeration value="SRN"/>
    <enumeration value="SSR"/>
    <enumeration value="SUR"/>
    <enumeration value="TCA"/>
    <enumeration value="TDT"/>
    <enumeration value="TRA"/>
    <enumeration value="TRR"/>
    <enumeration value="TXD"/>
    <enumeration value="WHI"/>
    <enumeration value="ZZZ"/>
  </cl>
  <cl id="5">
    <enumeration value="0002"/>
    <enumeration value="0003"/>
    <enumeration value="0004"/>
    <enumeration value="0005"/>
    <enumeration value="0006"/>
    <enumeration value="0007"/>
    <enumeration value="0008"/>
    <enumeration value="0009"/>
    <enumeration value="0010"/>
    <enumeration value="0011"/>
    <enumeration value="0012"/>
    <enumeration value="0013"/>
    <enumeration value="0014"/>
    <enumeration value="0015"/>
    <enumeration value="0016"/>
    <enumeration value="0017"/>
    <enumeration value="0018"/>
    <enumeration value="0019"/>
    <enumeration value="0020"/>
    <enumeration value="0021"/>
    <enumeration value="0022"/>
    <enumeration value="0023"/>
    <enumeration value="0024"/>
    <enumeration value="0025"/>
    <enumeration value="0026"/>
    <enumeration value="0027"/>
    <enumeration value="0028"/>
    <enumeration value="0029"/>
    <enumeration value="0030"/>
    <enumeration value="0031"/>
    <enumeration value="0032"/>
    <enumeration value="0033"/>
    <enumeration value="0034"/>
    <enumeration value="0035"/>
    <enumeration value="0036"/>
    <enumeration value="0037"/>
    <enumeration value="0038"/>
    <enumeration value="0039"/>
    <enumeration value="0040"/>
    <enumeration value="0041"/>
    <enumeration value="0042"/>
    <enumeration value="0043"/>
    <enumeration value="0044"/>
    <enumeration value="0045"/>
    <enumeration value="0046"/>
    <enumeration value="0047"/>
    <enumeration value="0048"/>
    <enumeration value="0049"/>
    <enumeration value="0050"/>
    <enumeration value="0051"/>
    <enumeration value="0052"/>
    <enumeration value="0053"/>
    <enumeration value="0054"/>
    <enumeration value="0055"/>
    <enumeration value="0056"/>
    <enumeration value="0057"/>
    <enumeration value="0058"/>
    <enumeration value="0059"/>
    <enumeration value="0060"/>
    <enumeration value="0061"/>
    <enumeration value="0062"/>
    <enumeration value="0063"/>
    <enumeration value="0064"/>
    <enumeration value="0065"/>
    <enumeration value="0066"/>
    <enumeration value="0067"/>
    <enumeration value="0068"/>
    <enumeration value="0069"/>
    <enumeration value="0070"/>
    <enumeration value="0071"/>
    <enumeration value="0072"/>
    <enumeration value="0073"/>
    <enumeration value="0074"/>
    <enumeration value="0075"/>
    <enumeration value="0076"/>
    <enumeration value="0077"/>
    <enumeration value="0078"/>
    <enumeration value="0079"/>
    <enumeration value="0080"/>
    <enumeration value="0081"/>
    <enumeration value="0082"/>
    <enumeration value="0083"/>
    <enumeration value="0084"/>
    <enumeration value="0085"/>
    <enumeration value="0086"/>
    <enumeration value="0087"/>
    <enumeration value="0088"/>
    <enumeration value="0089"/>
    <enumeration value="0090"/>
    <enumeration value="0091"/>
    <enumeration value="0093"/>
    <enumeration value="0094"/>
    <enumeration value="0095"/>
    <enumeration value="0096"/>
    <enumeration value="0097"/>
    <enumeration value="0098"/>
    <enumeration value="0099"/>
    <enumeration value="0100"/>
    <enumeration value="0101"/>
    <enumeration value="0102"/>
    <enumeration value="0104"/>
    <enumeration value="0105"/>
    <enumeration value="0106"/>
    <enumeration value="0107"/>
    <enumeration value="0108"/>
    <enumeration value="0109"/>
    <enumeration value="0110"/>
    <enumeration value="0111"/>
    <enumeration value="0112"/>
    <enumeration value="0113"/>
    <enumeration value="0114"/>
    <enumeration value="0115"/>
    <enumeration value="0116"/>
    <enumeration value="0117"/>
    <enumeration value="0118"/>
    <enumeration value="0119"/>
    <enumeration value="0120"/>
    <enumeration value="0121"/>
    <enumeration value="0122"/>
    <enumeration value="0123"/>
    <enumeration value="0124"/>
    <enumeration value="0125"/>
    <enumeration value="0126"/>
    <enumeration value="0127"/>
    <enumeration value="0128"/>
    <enumeration value="0129"/>
    <enumeration value="0130"/>
    <enumeration value="0131"/>
    <enumeration value="0132"/>
    <enumeration value="0133"/>
    <enumeration value="0134"/>
    <enumeration value="0135"/>
    <enumeration value="0136"/>
    <enumeration value="0137"/>
    <enumeration value="0138"/>
    <enumeration value="0139"/>
    <enumeration value="0140"/>
    <enumeration value="0141"/>
    <enumeration value="0142"/>
    <enumeration value="0143"/>
    <enumeration value="0144"/>
    <enumeration value="0145"/>
    <enumeration value="0146"/>
    <enumeration value="0147"/>
    <enumeration value="0148"/>
    <enumeration value="0149"/>
    <enumeration value="0150"/>
    <enumeration value="0151"/>
    <enumeration value="0152"/>
    <enumeration value="0153"/>
    <enumeration value="0154"/>
    <enumeration value="0155"/>
    <enumeration value="0156"/>
    <enumeration value="0157"/>
    <enumeration value="0158"/>
    <enumeration value="0159"/>
    <enumeration value="0160"/>
    <enumeration value="0161"/>
    <enumeration value="0162"/>
    <enumeration value="0163"/>
    <enumeration value="0164"/>
    <enumeration value="0165"/>
    <enumeration value="0166"/>
    <enumeration value="0167"/>
    <enumeration value="0168"/>
    <enumeration value="0169"/>
    <enumeration value="0170"/>
    <enumeration value="0171"/>
    <enumeration value="0172"/>
    <enumeration value="0173"/>
    <enumeration value="0174"/>
    <enumeration value="0175"/>
    <enumeration value="0176"/>
    <enumeration value="0177"/>
    <enumeration value="0178"/>
    <enumeration value="0179"/>
    <enumeration value="0180"/>
    <enumeration value="0183"/>
    <enumeration value="0184"/>
    <enumeration value="0185"/>
    <enumeration value="0186"/>
    <enumeration value="0187"/>
    <enumeration value="0188"/>
    <enumeration value="0189"/>
    <enumeration value="0190"/>
    <enumeration value="0191"/>
    <enumeration value="0192"/>
    <enumeration value="0193"/>
    <enumeration value="0194"/>
    <enumeration value="0195"/>
    <enumeration value="0196"/>
    <enumeration value="0197"/>
    <enumeration value="0198"/>
    <enumeration value="0199"/>
    <enumeration value="0200"/>
    <enumeration value="0201"/>
    <enumeration value="0202"/>
    <enumeration value="0203"/>
    <enumeration value="0204"/>
    <enumeration value="0205"/>
    <enumeration value="0206"/>
    <enumeration value="0207"/>
    <enumeration value="0208"/>
    <enumeration value="0209"/>
    <enumeration value="0210"/>
    <enumeration value="0211"/>
    <enumeration value="0212"/>
    <enumeration value="0213"/>
    <enumeration value="0214"/>
    <enumeration value="0215"/>
    <enumeration value="0216"/>
    <enumeration value="0217"/>
    <enumeration value="0218"/>
    <enumeration value="0219"/>
    <enumeration value="0220"/>
    <enumeration value="0221"/>
    <enumeration value="0222"/>
    <enumeration value="0223"/>
    <enumeration value="0224"/>
    <enumeration value="0225"/>
    <enumeration value="0226"/>
    <enumeration value="0227"/>
    <enumeration value="0228"/>
    <enumeration value="0229"/>
    <enumeration value="0230"/>
    <enumeration value="0231"/>
    <enumeration value="0232"/>
    <enumeration value="0233"/>
    <enumeration value="0234"/>
    <enumeration value="0235"/>
    <enumeration value="0236"/>
    <enumeration value="0237"/>
    <enumeration value="0238"/>
    <enumeration value="0239"/>
    <enumeration value="0240"/>
    <enumeration value="0241"/>
    <enumeration value="0242"/>
    <enumeration value="0243"/>
    <enumeration value="0244"/>
  </cl>
  <cl id="6">
    <enumeration value="0002"/>
    <enumeration value="0003"/>
    <enumeration value="0004"/>
    <enumeration value="0005"/>
    <enumeration value="0006"/>
    <enumeration value="0007"/>
    <enumeration value="0008"/>
    <enumeration value="0009"/>
    <enumeration value="0010"/>
    <enumeration value="0011"/>
    <enumeration value="0012"/>
    <enumeration value="0013"/>
    <enumeration value="0014"/>
    <enumeration value="0015"/>
    <enumeration value="0016"/>
    <enumeration value="0017"/>
    <enumeration value="0018"/>
    <enumeration value="0019"/>
    <enumeration value="0020"/>
    <enumeration value="0021"/>
    <enumeration value="0022"/>
    <enumeration value="0023"/>
    <enumeration value="0024"/>
    <enumeration value="0025"/>
    <enumeration value="0026"/>
    <enumeration value="0027"/>
    <enumeration value="0028"/>
    <enumeration value="0029"/>
    <enumeration value="0030"/>
    <enumeration value="0031"/>
    <enumeration value="0032"/>
    <enumeration value="0033"/>
    <enumeration value="0034"/>
    <enumeration value="0035"/>
    <enumeration value="0036"/>
    <enumeration value="0037"/>
    <enumeration value="0038"/>
    <enumeration value="0039"/>
    <enumeration value="0040"/>
    <enumeration value="0041"/>
    <enumeration value="0042"/>
    <enumeration value="0043"/>
    <enumeration value="0044"/>
    <enumeration value="0045"/>
    <enumeration value="0046"/>
    <enumeration value="0047"/>
    <enumeration value="0048"/>
    <enumeration value="0049"/>
    <enumeration value="0050"/>
    <enumeration value="0051"/>
    <enumeration value="0052"/>
    <enumeration value="0053"/>
    <enumeration value="0054"/>
    <enumeration value="0055"/>
    <enumeration value="0056"/>
    <enumeration value="0057"/>
    <enumeration value="0058"/>
    <enumeration value="0059"/>
    <enumeration value="0060"/>
    <enumeration value="0061"/>
    <enumeration value="0062"/>
    <enumeration value="0063"/>
    <enumeration value="0064"/>
    <enumeration value="0065"/>
    <enumeration value="0066"/>
    <enumeration value="0067"/>
    <enumeration value="0068"/>
    <enumeration value="0069"/>
    <enumeration value="0070"/>
    <enumeration value="0071"/>
    <enumeration value="0072"/>
    <enumeration value="0073"/>
    <enumeration value="0074"/>
    <enumeration value="0075"/>
    <enumeration value="0076"/>
    <enumeration value="0077"/>
    <enumeration value="0078"/>
    <enumeration value="0079"/>
    <enumeration value="0080"/>
    <enumeration value="0081"/>
    <enumeration value="0082"/>
    <enumeration value="0083"/>
    <enumeration value="0084"/>
    <enumeration value="0085"/>
    <enumeration value="0086"/>
    <enumeration value="0087"/>
    <enumeration value="0088"/>
    <enumeration value="0089"/>
    <enumeration value="0090"/>
    <enumeration value="0091"/>
    <enumeration value="0093"/>
    <enumeration value="0094"/>
    <enumeration value="0095"/>
    <enumeration value="0096"/>
    <enumeration value="0097"/>
    <enumeration value="0098"/>
    <enumeration value="0099"/>
    <enumeration value="0100"/>
    <enumeration value="0101"/>
    <enumeration value="0102"/>
    <enumeration value="0104"/>
    <enumeration value="0105"/>
    <enumeration value="0106"/>
    <enumeration value="0107"/>
    <enumeration value="0108"/>
    <enumeration value="0109"/>
    <enumeration value="0110"/>
    <enumeration value="0111"/>
    <enumeration value="0112"/>
    <enumeration value="0113"/>
    <enumeration value="0114"/>
    <enumeration value="0115"/>
    <enumeration value="0116"/>
    <enumeration value="0117"/>
    <enumeration value="0118"/>
    <enumeration value="0119"/>
    <enumeration value="0120"/>
    <enumeration value="0121"/>
    <enumeration value="0122"/>
    <enumeration value="0123"/>
    <enumeration value="0124"/>
    <enumeration value="0125"/>
    <enumeration value="0126"/>
    <enumeration value="0127"/>
    <enumeration value="0128"/>
    <enumeration value="0129"/>
    <enumeration value="0130"/>
    <enumeration value="0131"/>
    <enumeration value="0132"/>
    <enumeration value="0133"/>
    <enumeration value="0134"/>
    <enumeration value="0135"/>
    <enumeration value="0136"/>
    <enumeration value="0137"/>
    <enumeration value="0138"/>
    <enumeration value="0139"/>
    <enumeration value="0140"/>
    <enumeration value="0141"/>
    <enumeration value="0142"/>
    <enumeration value="0143"/>
    <enumeration value="0144"/>
    <enumeration value="0145"/>
    <enumeration value="0146"/>
    <enumeration value="0147"/>
    <enumeration value="0148"/>
    <enumeration value="0149"/>
    <enumeration value="0150"/>
    <enumeration value="0151"/>
    <enumeration value="0152"/>
    <enumeration value="0153"/>
    <enumeration value="0154"/>
    <enumeration value="0155"/>
    <enumeration value="0156"/>
    <enumeration value="0157"/>
    <enumeration value="0158"/>
    <enumeration value="0159"/>
    <enumeration value="0160"/>
    <enumeration value="0161"/>
    <enumeration value="0162"/>
    <enumeration value="0163"/>
    <enumeration value="0164"/>
    <enumeration value="0165"/>
    <enumeration value="0166"/>
    <enumeration value="0167"/>
    <enumeration value="0168"/>
    <enumeration value="0169"/>
    <enumeration value="0170"/>
    <enumeration value="0171"/>
    <enumeration value="0172"/>
    <enumeration value="0173"/>
    <enumeration value="0174"/>
    <enumeration value="0175"/>
    <enumeration value="0176"/>
    <enumeration value="0177"/>
    <enumeration value="0178"/>
    <enumeration value="0179"/>
    <enumeration value="0180"/>
    <enumeration value="0183"/>
    <enumeration value="0184"/>
    <enumeration value="0185"/>
    <enumeration value="0186"/>
    <enumeration value="0187"/>
    <enumeration value="0188"/>
    <enumeration value="0189"/>
    <enumeration value="0190"/>
    <enumeration value="0191"/>
    <enumeration value="0192"/>
    <enumeration value="0193"/>
    <enumeration value="0194"/>
    <enumeration value="0195"/>
    <enumeration value="0196"/>
    <enumeration value="0197"/>
    <enumeration value="0198"/>
    <enumeration value="0199"/>
    <enumeration value="0200"/>
    <enumeration value="0201"/>
    <enumeration value="0202"/>
    <enumeration value="0203"/>
    <enumeration value="0204"/>
    <enumeration value="0205"/>
    <enumeration value="0206"/>
    <enumeration value="0207"/>
    <enumeration value="0208"/>
    <enumeration value="0209"/>
    <enumeration value="0210"/>
    <enumeration value="0211"/>
    <enumeration value="0212"/>
    <enumeration value="0213"/>
    <enumeration value="0214"/>
    <enumeration value="0215"/>
    <enumeration value="0216"/>
    <enumeration value="0217"/>
    <enumeration value="0218"/>
    <enumeration value="0219"/>
    <enumeration value="0220"/>
    <enumeration value="0221"/>
    <enumeration value="0222"/>
    <enumeration value="0223"/>
    <enumeration value="0224"/>
    <enumeration value="0225"/>
    <enumeration value="0226"/>
    <enumeration value="0227"/>
    <enumeration value="0228"/>
    <enumeration value="0229"/>
    <enumeration value="0230"/>
    <enumeration value="0231"/>
    <enumeration value="0232"/>
    <enumeration value="0233"/>
    <enumeration value="0234"/>
    <enumeration value="0235"/>
    <enumeration value="0236"/>
    <enumeration value="0237"/>
    <enumeration value="0238"/>
    <enumeration value="0239"/>
    <enumeration value="0240"/>
    <enumeration value="0241"/>
    <enumeration value="0242"/>
    <enumeration value="0243"/>
    <enumeration value="0244"/>
  </cl>
  <cl id="7">
    <enumeration value="AD"/>
    <enumeration value="AE"/>
    <enumeration value="AF"/>
    <enumeration value="AG"/>
    <enumeration value="AI"/>
    <enumeration value="AL"/>
    <enumeration value="AM"/>
    <enumeration value="AO"/>
    <enumeration value="AQ"/>
    <enumeration value="AR"/>
    <enumeration value="AS"/>
    <enumeration value="AT"/>
    <enumeration value="AU"/>
    <enumeration value="AW"/>
    <enumeration value="AX"/>
    <enumeration value="AZ"/>
    <enumeration value="BA"/>
    <enumeration value="BB"/>
    <enumeration value="BD"/>
    <enumeration value="BE"/>
    <enumeration value="BF"/>
    <enumeration value="BG"/>
    <enumeration value="BH"/>
    <enumeration value="BI"/>
    <enumeration value="BJ"/>
    <enumeration value="BL"/>
    <enumeration value="BM"/>
    <enumeration value="BN"/>
    <enumeration value="BO"/>
    <enumeration value="BQ"/>
    <enumeration value="BR"/>
    <enumeration value="BS"/>
    <enumeration value="BT"/>
    <enumeration value="BV"/>
    <enumeration value="BW"/>
    <enumeration value="BY"/>
    <enumeration value="BZ"/>
    <enumeration value="CA"/>
    <enumeration value="CC"/>
    <enumeration value="CD"/>
    <enumeration value="CF"/>
    <enumeration value="CG"/>
    <enumeration value="CH"/>
    <enumeration value="CI"/>
    <enumeration value="CK"/>
    <enumeration value="CL"/>
    <enumeration value="CM"/>
    <enumeration value="CN"/>
    <enumeration value="CO"/>
    <enumeration value="CR"/>
    <enumeration value="CU"/>
    <enumeration value="CV"/>
    <enumeration value="CW"/>
    <enumeration value="CX"/>
    <enumeration value="CY"/>
    <enumeration value="CZ"/>
    <enumeration value="DE"/>
    <enumeration value="DJ"/>
    <enumeration value="DK"/>
    <enumeration value="DM"/>
    <enumeration value="DO"/>
    <enumeration value="DZ"/>
    <enumeration value="EC"/>
    <enumeration value="EE"/>
    <enumeration value="EG"/>
    <enumeration value="EH"/>
    <enumeration value="ER"/>
    <enumeration value="ES"/>
    <enumeration value="ET"/>
    <enumeration value="FI"/>
    <enumeration value="FJ"/>
    <enumeration value="FK"/>
    <enumeration value="FM"/>
    <enumeration value="FO"/>
    <enumeration value="FR"/>
    <enumeration value="GA"/>
    <enumeration value="GB"/>
    <enumeration value="GD"/>
    <enumeration value="GE"/>
    <enumeration value="GF"/>
    <enumeration value="GG"/>
    <enumeration value="GH"/>
    <enumeration value="GI"/>
    <enumeration value="GL"/>
    <enumeration value="GM"/>
    <enumeration value="GN"/>
    <enumeration value="GP"/>
    <enumeration value="GQ"/>
    <enumeration value="GR"/>
    <enumeration value="GS"/>
    <enumeration value="GT"/>
    <enumeration value="GU"/>
    <enumeration value="GW"/>
    <enumeration value="GY"/>
    <enumeration value="HK"/>
    <enumeration value="HM"/>
    <enumeration value="HN"/>
    <enumeration value="HR"/>
    <enumeration value="HT"/>
    <enumeration value="HU"/>
    <enumeration value="ID"/>
    <enumeration value="IE"/>
    <enumeration value="IL"/>
    <enumeration value="IM"/>
    <enumeration value="IN"/>
    <enumeration value="IO"/>
    <enumeration value="IQ"/>
    <enumeration value="IR"/>
    <enumeration value="IS"/>
    <enumeration value="IT"/>
    <enumeration value="JE"/>
    <enumeration value="JM"/>
    <enumeration value="JO"/>
    <enumeration value="JP"/>
    <enumeration value="KE"/>
    <enumeration value="KG"/>
    <enumeration value="KH"/>
    <enumeration value="KI"/>
    <enumeration value="KM"/>
    <enumeration value="KN"/>
    <enumeration value="KP"/>
    <enumeration value="KR"/>
    <enumeration value="KW"/>
    <enumeration value="KY"/>
    <enumeration value="KZ"/>
    <enumeration value="LA"/>
    <enumeration value="LB"/>
    <enumeration value="LC"/>
    <enumeration value="LI"/>
    <enumeration value="LK"/>
    <enumeration value="LR"/>
    <enumeration value="LS"/>
    <enumeration value="LT"/>
    <enumeration value="LU"/>
    <enumeration value="LV"/>
    <enumeration value="LY"/>
    <enumeration value="MA"/>
    <enumeration value="MC"/>
    <enumeration value="MD"/>
    <enumeration value="ME"/>
    <enumeration value="MF"/>
    <enumeration value="MG"/>
    <enumeration value="MH"/>
    <enumeration value="MK"/>
    <enumeration value="ML"/>
    <enumeration value="MM"/>
    <enumeration value="MN"/>
    <enumeration value="MO"/>
    <enumeration value="MP"/>
    <enumeration value="MQ"/>
    <enumeration value="MR"/>
    <enumeration value="MS"/>
    <enumeration value="MT"/>
    <enumeration value="MU"/>
    <enumeration value="MV"/>
    <enumeration value="MW"/>
    <enumeration value="MX"/>
    <enumeration value="MY"/>
    <enumeration value="MZ"/>
    <enumeration value="NA"/>
    <enumeration value="NC"/>
    <enumeration value="NE"/>
    <enumeration value="NF"/>
    <enumeration value="NG"/>
    <enumeration value="NI"/>
    <enumeration value="NL"/>
    <enumeration value="NO"/>
    <enumeration value="NP"/>
    <enumeration value="NR"/>
    <enumeration value="NU"/>
    <enumeration value="NZ"/>
    <enumeration value="OM"/>
    <enumeration value="PA"/>
    <enumeration value="PE"/>
    <enumeration value="PF"/>
    <enumeration value="PG"/>
    <enumeration value="PH"/>
    <enumeration value="PK"/>
    <enumeration value="PL"/>
    <enumeration value="PM"/>
    <enumeration value="PN"/>
    <enumeration value="PR"/>
    <enumeration value="PS"/>
    <enumeration value="PT"/>
    <enumeration value="PW"/>
    <enumeration value="PY"/>
    <enumeration value="QA"/>
    <enumeration value="RE"/>
    <enumeration value="RO"/>
    <enumeration value="RS"/>
    <enumeration value="RU"/>
    <enumeration value="RW"/>
    <enumeration value="SA"/>
    <enumeration value="SB"/>
    <enumeration value="SC"/>
    <enumeration value="SD"/>
    <enumeration value="SE"/>
    <enumeration value="SG"/>
    <enumeration value="SH"/>
    <enumeration value="SI"/>
    <enumeration value="SJ"/>
    <enumeration value="SK"/>
    <enumeration value="SL"/>
    <enumeration value="SM"/>
    <enumeration value="SN"/>
    <enumeration value="SO"/>
    <enumeration value="SR"/>
    <enumeration value="SS"/>
    <enumeration value="ST"/>
    <enumeration value="SV"/>
    <enumeration value="SX"/>
    <enumeration value="SY"/>
    <enumeration value="SZ"/>
    <enumeration value="TC"/>
    <enumeration value="TD"/>
    <enumeration value="TF"/>
    <enumeration value="TG"/>
    <enumeration value="TH"/>
    <enumeration value="TJ"/>
    <enumeration value="TK"/>
    <enumeration value="TL"/>
    <enumeration value="TM"/>
    <enumeration value="TN"/>
    <enumeration value="TO"/>
    <enumeration value="TR"/>
    <enumeration value="TT"/>
    <enumeration value="TV"/>
    <enumeration value="TW"/>
    <enumeration value="TZ"/>
    <enumeration value="UA"/>
    <enumeration value="UG"/>
    <enumeration value="UM"/>
    <enumeration value="US"/>
    <enumeration value="UY"/>
    <enumeration value="UZ"/>
    <enumeration value="VA"/>
    <enumeration value="VC"/>
    <enumeration value="VE"/>
    <enumeration value="VG"/>
    <enumeration value="VI"/>
    <enumeration value="VN"/>
    <enumeration value="VU"/>
    <enumeration value="WF"/>
    <enumeration value="WS"/>
    <enumeration value="YE"/>
    <enumeration value="YT"/>
    <enumeration value="ZA"/>
    <enumeration value="ZM"/>
    <enumeration value="ZW"/>
    <enumeration value="1A"/>
    <enumeration value="XI"/>
  </cl>
  <cl id="8">
    <enumeration value="0002"/>
    <enumeration value="0007"/>
    <enumeration value="0009"/>
    <enumeration value="0037"/>
    <enumeration value="0060"/>
    <enumeration value="0088"/>
    <enumeration value="0096"/>
    <enumeration value="0097"/>
    <enumeration value="0106"/>
    <enumeration value="0130"/>
    <enumeration value="0135"/>
    <enumeration value="0142"/>
    <enumeration value="0147"/>
    <enumeration value="0151"/>
    <enumeration value="0154"/>
    <enumeration value="0158"/>
    <enumeration value="0170"/>
    <enumeration value="0177"/>
    <enumeration value="0183"/>
    <enumeration value="0184"/>
    <enumeration value="0188"/>
    <enumeration value="0190"/>
    <enumeration value="0191"/>
    <enumeration value="0192"/>
    <enumeration value="0193"/>
    <enumeration value="0194"/>
    <enumeration value="0195"/>
    <enumeration value="0196"/>
    <enumeration value="0198"/>
    <enumeration value="0199"/>
    <enumeration value="0200"/>
    <enumeration value="0201"/>
    <enumeration value="0202"/>
    <enumeration value="0203"/>
    <enumeration value="0204"/>
    <enumeration value="0205"/>
    <enumeration value="0208"/>
    <enumeration value="0209"/>
    <enumeration value="0210"/>
    <enumeration value="0211"/>
    <enumeration value="0212"/>
    <enumeration value="0213"/>
    <enumeration value="0215"/>
    <enumeration value="0216"/>
    <enumeration value="0217"/>
    <enumeration value="0218"/>
    <enumeration value="0221"/>
    <enumeration value="0225"/>
    <enumeration value="0230"/>
    <enumeration value="0235"/>
    <enumeration value="0240"/>
    <enumeration value="0244"/>
    <enumeration value="9910"/>
    <enumeration value="9913"/>
    <enumeration value="9914"/>
    <enumeration value="9915"/>
    <enumeration value="9918"/>
    <enumeration value="9919"/>
    <enumeration value="9920"/>
    <enumeration value="9922"/>
    <enumeration value="9923"/>
    <enumeration value="9924"/>
    <enumeration value="9925"/>
    <enumeration value="9926"/>
    <enumeration value="9927"/>
    <enumeration value="9928"/>
    <enumeration value="9929"/>
    <enumeration value="9930"/>
    <enumeration value="9931"/>
    <enumeration value="9932"/>
    <enumeration value="9933"/>
    <enumeration value="9934"/>
    <enumeration value="9935"/>
    <enumeration value="9936"/>
    <enumeration value="9937"/>
    <enumeration value="9938"/>
    <enumeration value="9939"/>
    <enumeration value="9940"/>
    <enumeration value="9941"/>
    <enumeration value="9942"/>
    <enumeration value="9943"/>
    <enumeration value="9944"/>
    <enumeration value="9945"/>
    <enumeration value="9946"/>
    <enumeration value="9947"/>
    <enumeration value="9948"/>
    <enumeration value="9949"/>
    <enumeration value="9950"/>
    <enumeration value="9951"/>
    <enumeration value="9952"/>
    <enumeration value="9953"/>
    <enumeration value="9957"/>
    <enumeration value="9959"/>
    <enumeration value="AN"/>
    <enumeration value="AQ"/>
    <enumeration value="AS"/>
    <enumeration value="AU"/>
    <enumeration value="EM"/>
  </cl>
  <cl id="9">
    <enumeration value="VA"/>
  </cl>
  <cl id="10">
    <enumeration value="VA"/>
  </cl>
  <cl id="11">
    <enumeration value="AED"/>
    <enumeration value="AFN"/>
    <enumeration value="ALL"/>
    <enumeration value="AMD"/>
    <enumeration value="ANG"/>
    <enumeration value="AOA"/>
    <enumeration value="ARS"/>
    <enumeration value="AUD"/>
    <enumeration value="AWG"/>
    <enumeration value="AZN"/>
    <enumeration value="BAM"/>
    <enumeration value="BBD"/>
    <enumeration value="BDT"/>
    <enumeration value="BGN"/>
    <enumeration value="BHD"/>
    <enumeration value="BIF"/>
    <enumeration value="BMD"/>
    <enumeration value="BND"/>
    <enumeration value="BOB"/>
    <enumeration value="BOV"/>
    <enumeration value="BRL"/>
    <enumeration value="BSD"/>
    <enumeration value="BTN"/>
    <enumeration value="BWP"/>
    <enumeration value="BYN"/>
    <enumeration value="BZD"/>
    <enumeration value="CAD"/>
    <enumeration value="CDF"/>
    <enumeration value="CHE"/>
    <enumeration value="CHF"/>
    <enumeration value="CHW"/>
    <enumeration value="CLF"/>
    <enumeration value="CLP"/>
    <enumeration value="CNH"/>
    <enumeration value="CNY"/>
    <enumeration value="COP"/>
    <enumeration value="COU"/>
    <enumeration value="CRC"/>
    <enumeration value="CUP"/>
    <enumeration value="CVE"/>
    <enumeration value="CZK"/>
    <enumeration value="DJF"/>
    <enumeration value="DKK"/>
    <enumeration value="DOP"/>
    <enumeration value="DZD"/>
    <enumeration value="EGP"/>
    <enumeration value="ERN"/>
    <enumeration value="ETB"/>
    <enumeration value="EUR"/>
    <enumeration value="FJD"/>
    <enumeration value="FKP"/>
    <enumeration value="GBP"/>
    <enumeration value="GEL"/>
    <enumeration value="GHS"/>
    <enumeration value="GIP"/>
    <enumeration value="GMD"/>
    <enumeration value="GNF"/>
    <enumeration value="GTQ"/>
    <enumeration value="GYD"/>
    <enumeration value="HKD"/>
    <enumeration value="HNL"/>
    <enumeration value="HTG"/>
    <enumeration value="HUF"/>
    <enumeration value="IDR"/>
    <enumeration value="ILS"/>
    <enumeration value="INR"/>
    <enumeration value="IQD"/>
    <enumeration value="IRR"/>
    <enumeration value="ISK"/>
    <enumeration value="JMD"/>
    <enumeration value="JOD"/>
    <enumeration value="JPY"/>
    <enumeration value="KES"/>
    <enumeration value="KGS"/>
    <enumeration value="KHR"/>
    <enumeration value="KMF"/>
    <enumeration value="KPW"/>
    <enumeration value="KRW"/>
    <enumeration value="KWD"/>
    <enumeration value="KYD"/>
    <enumeration value="KZT"/>
    <enumeration value="LAK"/>
    <enumeration value="LBP"/>
    <enumeration value="LKR"/>
    <enumeration value="LRD"/>
    <enumeration value="LSL"/>
    <enumeration value="LYD"/>
    <enumeration value="MAD"/>
    <enumeration value="MDL"/>
    <enumeration value="MGA"/>
    <enumeration value="MKD"/>
    <enumeration value="MMK"/>
    <enumeration value="MNT"/>
    <enumeration value="MOP"/>
    <enumeration value="MRU"/>
    <enumeration value="MUR"/>
    <enumeration value="MVR"/>
    <enumeration value="MWK"/>
    <enumeration value="MXN"/>
    <enumeration value="MXV"/>
    <enumeration value="MYR"/>
    <enumeration value="MZN"/>
    <enumeration value="NAD"/>
    <enumeration value="NGN"/>
    <enumeration value="NIO"/>
    <enumeration value="NOK"/>
    <enumeration value="NPR"/>
    <enumeration value="NZD"/>
    <enumeration value="OMR"/>
    <enumeration value="PAB"/>
    <enumeration value="PEN"/>
    <enumeration value="PGK"/>
    <enumeration value="PHP"/>
    <enumeration value="PKR"/>
    <enumeration value="PLN"/>
    <enumeration value="PYG"/>
    <enumeration value="QAR"/>
    <enumeration value="RON"/>
    <enumeration value="RSD"/>
    <enumeration value="RUB"/>
    <enumeration value="RWF"/>
    <enumeration value="SAR"/>
    <enumeration value="SBD"/>
    <enumeration value="SCR"/>
    <enumeration value="SDG"/>
    <enumeration value="SEK"/>
    <enumeration value="SGD"/>
    <enumeration value="SHP"/>
    <enumeration value="SLE"/>
    <enumeration value="SOS"/>
    <enumeration value="SRD"/>
    <enumeration value="SSP"/>
    <enumeration value="STN"/>
    <enumeration value="SVC"/>
    <enumeration value="SYP"/>
    <enumeration value="SZL"/>
    <enumeration value="THB"/>
    <enumeration value="TJS"/>
    <enumeration value="TMT"/>
    <enumeration value="TND"/>
    <enumeration value="TOP"/>
    <enumeration value="TRY"/>
    <enumeration value="TTD"/>
    <enumeration value="TWD"/>
    <enumeration value="TZS"/>
    <enumeration value="UAH"/>
    <enumeration value="UGX"/>
    <enumeration value="USD"/>
    <enumeration value="USN"/>
    <enumeration value="UYI"/>
    <enumeration value="UYU"/>
    <enumeration value="UYW"/>
    <enumeration value="UZS"/>
    <enumeration value="VED"/>
    <enumeration value="VES"/>
    <enumeration value="VND"/>
    <enumeration value="VUV"/>
    <enumeration value="WST"/>
    <enumeration value="XAF"/>
    <enumeration value="XAG"/>
    <enumeration value="XAU"/>
    <enumeration value="XBA"/>
    <enumeration value="XBB"/>
    <enumeration value="XBC"/>
    <enumeration value="XBD"/>
    <enumeration value="XCD"/>
    <enumeration value="XDR"/>
    <enumeration value="XOF"/>
    <enumeration value="XPD"/>
    <enumeration value="XPF"/>
    <enumeration value="XPT"/>
    <enumeration value="XSU"/>
    <enumeration value="XTS"/>
    <enumeration value="XUA"/>
    <enumeration value="XXX"/>
    <enumeration value="YER"/>
    <enumeration value="ZAR"/>
    <enumeration value="ZMW"/>
    <enumeration value="ZWG"/>
  </cl>
  <cl id="12">
    <enumeration value="1"/>
    <enumeration value="2"/>
    <enumeration value="3"/>
    <enumeration value="4"/>
    <enumeration value="5"/>
    <enumeration value="6"/>
    <enumeration value="7"/>
    <enumeration value="8"/>
    <enumeration value="9"/>
    <enumeration value="10"/>
    <enumeration value="11"/>
    <enumeration value="12"/>
    <enumeration value="13"/>
    <enumeration value="14"/>
    <enumeration value="15"/>
    <enumeration value="16"/>
    <enumeration value="17"/>
    <enumeration value="18"/>
    <enumeration value="19"/>
    <enumeration value="20"/>
    <enumeration value="21"/>
    <enumeration value="22"/>
    <enumeration value="23"/>
    <enumeration value="24"/>
    <enumeration value="25"/>
    <enumeration value="26"/>
    <enumeration value="27"/>
    <enumeration value="28"/>
    <enumeration value="29"/>
    <enumeration value="30"/>
    <enumeration value="31"/>
    <enumeration value="32"/>
    <enumeration value="33"/>
    <enumeration value="34"/>
    <enumeration value="35"/>
    <enumeration value="36"/>
    <enumeration value="37"/>
    <enumeration value="38"/>
    <enumeration value="39"/>
    <enumeration value="40"/>
    <enumeration value="41"/>
    <enumeration value="42"/>
    <enumeration value="43"/>
    <enumeration value="44"/>
    <enumeration value="45"/>
    <enumeration value="46"/>
    <enumeration value="47"/>
    <enumeration value="48"/>
    <enumeration value="49"/>
    <enumeration value="50"/>
    <enumeration value="51"/>
    <enumeration value="52"/>
    <enumeration value="53"/>
    <enumeration value="54"/>
    <enumeration value="55"/>
    <enumeration value="56"/>
    <enumeration value="57"/>
    <enumeration value="58"/>
    <enumeration value="59"/>
    <enumeration value="60"/>
    <enumeration value="61"/>
    <enumeration value="62"/>
    <enumeration value="63"/>
    <enumeration value="64"/>
    <enumeration value="65"/>
    <enumeration value="66"/>
    <enumeration value="67"/>
    <enumeration value="68"/>
    <enumeration value="69"/>
    <enumeration value="70"/>
    <enumeration value="74"/>
    <enumeration value="75"/>
    <enumeration value="76"/>
    <enumeration value="77"/>
    <enumeration value="78"/>
    <enumeration value="91"/>
    <enumeration value="92"/>
    <enumeration value="93"/>
    <enumeration value="94"/>
    <enumeration value="95"/>
    <enumeration value="96"/>
    <enumeration value="97"/>
    <enumeration value="98"/>
    <enumeration value="ZZZ"/>
  </cl>
  <cl id="13">
    <enumeration value="VAT"/>
  </cl>
  <cl id="14">
    <enumeration value="AE"/>
    <enumeration value="E"/>
    <enumeration value="G"/>
    <enumeration value="K"/>
    <enumeration value="L"/>
    <enumeration value="M"/>
    <enumeration value="O"/>
    <enumeration value="S"/>
    <enumeration value="Z"/>
  </cl>
  <cl id="15">
    <enumeration value="VATEX-EU-132"/>
    <enumeration value="VATEX-EU-132-1A"/>
    <enumeration value="VATEX-EU-132-1B"/>
    <enumeration value="VATEX-EU-132-1C"/>
    <enumeration value="VATEX-EU-132-1D"/>
    <enumeration value="VATEX-EU-132-1E"/>
    <enumeration value="VATEX-EU-132-1F"/>
    <enumeration value="VATEX-EU-132-1G"/>
    <enumeration value="VATEX-EU-132-1H"/>
    <enumeration value="VATEX-EU-132-1I"/>
    <enumeration value="VATEX-EU-132-1J"/>
    <enumeration value="VATEX-EU-132-1K"/>
    <enumeration value="VATEX-EU-132-1L"/>
    <enumeration value="VATEX-EU-132-1M"/>
    <enumeration value="VATEX-EU-132-1N"/>
    <enumeration value="VATEX-EU-132-1O"/>
    <enumeration value="VATEX-EU-132-1P"/>
    <enumeration value="VATEX-EU-132-1Q"/>
    <enumeration value="VATEX-EU-135-1"/>
    <enumeration value="VATEX-EU-143"/>
    <enumeration value="VATEX-EU-143-1A"/>
    <enumeration value="VATEX-EU-143-1B"/>
    <enumeration value="VATEX-EU-143-1C"/>
    <enumeration value="VATEX-EU-143-1D"/>
    <enumeration value="VATEX-EU-143-1E"/>
    <enumeration value="VATEX-EU-143-1F"/>
    <enumeration value="VATEX-EU-143-1FA"/>
    <enumeration value="VATEX-EU-143-1G"/>
    <enumeration value="VATEX-EU-143-1H"/>
    <enumeration value="VATEX-EU-143-1I"/>
    <enumeration value="VATEX-EU-143-1J"/>
    <enumeration value="VATEX-EU-143-1K"/>
    <enumeration value="VATEX-EU-143-1L"/>
    <enumeration value="VATEX-EU-144"/>
    <enumeration value="VATEX-EU-146-1E"/>
    <enumeration value="VATEX-EU-148"/>
    <enumeration value="VATEX-EU-148-A"/>
    <enumeration value="VATEX-EU-148-B"/>
    <enumeration value="VATEX-EU-148-C"/>
    <enumeration value="VATEX-EU-148-D"/>
    <enumeration value="VATEX-EU-148-E"/>
    <enumeration value="VATEX-EU-148-F"/>
    <enumeration value="VATEX-EU-148-G"/>
    <enumeration value="VATEX-EU-151"/>
    <enumeration value="VATEX-EU-151-1A"/>
    <enumeration value="VATEX-EU-151-1AA"/>
    <enumeration value="VATEX-EU-151-1B"/>
    <enumeration value="VATEX-EU-151-1C"/>
    <enumeration value="VATEX-EU-151-1D"/>
    <enumeration value="VATEX-EU-151-1E"/>
    <enumeration value="VATEX-EU-153"/>
    <enumeration value="VATEX-EU-159"/>
    <enumeration value="VATEX-EU-309"/>
    <enumeration value="VATEX-EU-79-C"/>
    <enumeration value="VATEX-EU-AE"/>
    <enumeration value="VATEX-EU-D"/>
    <enumeration value="VATEX-EU-F"/>
    <enumeration value="VATEX-EU-G"/>
    <enumeration value="VATEX-EU-I"/>
    <enumeration value="VATEX-EU-IC"/>
    <enumeration value="VATEX-EU-J"/>
    <enumeration value="VATEX-EU-O"/>
    <enumeration value="VATEX-FR-298SEXDECIESA"/>
    <enumeration value="VATEX-FR-AE"/>
    <enumeration value="VATEX-FR-CGI261-1"/>
    <enumeration value="VATEX-FR-CGI261-2"/>
    <enumeration value="VATEX-FR-CGI261-3"/>
    <enumeration value="VATEX-FR-CGI261-4"/>
    <enumeration value="VATEX-FR-CGI261-5"/>
    <enumeration value="VATEX-FR-CGI261-7"/>
    <enumeration value="VATEX-FR-CGI261-8"/>
    <enumeration value="VATEX-FR-CGI261A"/>
    <enumeration value="VATEX-FR-CGI261B"/>
    <enumeration value="VATEX-FR-CGI261C-1"/>
    <enumeration value="VATEX-FR-CGI261C-2"/>
    <enumeration value="VATEX-FR-CGI261C-3"/>
    <enumeration value="VATEX-FR-CGI261D-1"/>
    <enumeration value="VATEX-FR-CGI261D-1BIS"/>
    <enumeration value="VATEX-FR-CGI261D-2"/>
    <enumeration value="VATEX-FR-CGI261D-3"/>
    <enumeration value="VATEX-FR-CGI261D-4"/>
    <enumeration value="VATEX-FR-CGI261E-1"/>
    <enumeration value="VATEX-FR-CGI261E-2"/>
    <enumeration value="VATEX-FR-CGI275"/>
    <enumeration value="VATEX-FR-CGI277A"/>
    <enumeration value="VATEX-FR-CGI295"/>
    <enumeration value="VATEX-FR-CNWVAT"/>
    <enumeration value="VATEX-FR-FRANCHISE"/>
  </cl>
  <cl id="16">
    <enumeration value="5"/>
    <enumeration value="29"/>
    <enumeration value="72"/>
  </cl>
  <cl id="17">
    <enumeration value="41"/>
    <enumeration value="42"/>
    <enumeration value="60"/>
    <enumeration value="62"/>
    <enumeration value="63"/>
    <enumeration value="64"/>
    <enumeration value="65"/>
    <enumeration value="66"/>
    <enumeration value="67"/>
    <enumeration value="68"/>
    <enumeration value="70"/>
    <enumeration value="71"/>
    <enumeration value="88"/>
    <enumeration value="95"/>
    <enumeration value="100"/>
    <enumeration value="102"/>
    <enumeration value="103"/>
    <enumeration value="104"/>
    <enumeration value="105"/>
  </cl>
  <cl id="18">
    <enumeration value="AA"/>
    <enumeration value="AAA"/>
    <enumeration value="AAC"/>
    <enumeration value="AAD"/>
    <enumeration value="AAE"/>
    <enumeration value="AAF"/>
    <enumeration value="AAH"/>
    <enumeration value="AAI"/>
    <enumeration value="AAS"/>
    <enumeration value="AAT"/>
    <enumeration value="AAV"/>
    <enumeration value="AAY"/>
    <enumeration value="AAZ"/>
    <enumeration value="ABA"/>
    <enumeration value="ABB"/>
    <enumeration value="ABC"/>
    <enumeration value="ABD"/>
    <enumeration value="ABF"/>
    <enumeration value="ABK"/>
    <enumeration value="ABL"/>
    <enumeration value="ABN"/>
    <enumeration value="ABR"/>
    <enumeration value="ABS"/>
    <enumeration value="ABT"/>
    <enumeration value="ABU"/>
    <enumeration value="ACF"/>
    <enumeration value="ACG"/>
    <enumeration value="ACH"/>
    <enumeration value="ACI"/>
    <enumeration value="ACJ"/>
    <enumeration value="ACK"/>
    <enumeration value="ACL"/>
    <enumeration value="ACM"/>
    <enumeration value="ACS"/>
    <enumeration value="ADC"/>
    <enumeration value="ADE"/>
    <enumeration value="ADJ"/>
    <enumeration value="ADK"/>
    <enumeration value="ADL"/>
    <enumeration value="ADM"/>
    <enumeration value="ADN"/>
    <enumeration value="ADO"/>
    <enumeration value="ADP"/>
    <enumeration value="ADQ"/>
    <enumeration value="ADR"/>
    <enumeration value="ADT"/>
    <enumeration value="ADW"/>
    <enumeration value="ADY"/>
    <enumeration value="ADZ"/>
    <enumeration value="AEA"/>
    <enumeration value="AEB"/>
    <enumeration value="AEC"/>
    <enumeration value="AED"/>
    <enumeration value="AEF"/>
    <enumeration value="AEH"/>
    <enumeration value="AEI"/>
    <enumeration value="AEJ"/>
    <enumeration value="AEK"/>
    <enumeration value="AEL"/>
    <enumeration value="AEM"/>
    <enumeration value="AEN"/>
    <enumeration value="AEO"/>
    <enumeration value="AEP"/>
    <enumeration value="AES"/>
    <enumeration value="AET"/>
    <enumeration value="AEU"/>
    <enumeration value="AEV"/>
    <enumeration value="AEW"/>
    <enumeration value="AEX"/>
    <enumeration value="AEY"/>
    <enumeration value="AEZ"/>
    <enumeration value="AJ"/>
    <enumeration value="AU"/>
    <enumeration value="CA"/>
    <enumeration value="CAB"/>
    <enumeration value="CAD"/>
    <enumeration value="CAE"/>
    <enumeration value="CAF"/>
    <enumeration value="CAI"/>
    <enumeration value="CAJ"/>
    <enumeration value="CAK"/>
    <enumeration value="CAL"/>
    <enumeration value="CAM"/>
    <enumeration value="CAN"/>
    <enumeration value="CAO"/>
    <enumeration value="CAP"/>
    <enumeration value="CAQ"/>
    <enumeration value="CAR"/>
    <enumeration value="CAS"/>
    <enumeration value="CAT"/>
    <enumeration value="CAU"/>
    <enumeration value="CAV"/>
    <enumeration value="CAW"/>
    <enumeration value="CAX"/>
    <enumeration value="CAY"/>
    <enumeration value="CAZ"/>
    <enumeration value="CD"/>
    <enumeration value="CG"/>
    <enumeration value="CS"/>
    <enumeration value="CT"/>
    <enumeration value="DAB"/>
    <enumeration value="DAC"/>
    <enumeration value="DAD"/>
    <enumeration value="DAF"/>
    <enumeration value="DAG"/>
    <enumeration value="DAH"/>
    <enumeration value="DAI"/>
    <enumeration value="DAJ"/>
    <enumeration value="DAK"/>
    <enumeration value="DAL"/>
    <enumeration value="DAM"/>
    <enumeration value="DAN"/>
    <enumeration value="DAO"/>
    <enumeration value="DAP"/>
    <enumeration value="DAQ"/>
    <enumeration value="DL"/>
    <enumeration value="EG"/>
    <enumeration value="EP"/>
    <enumeration value="ER"/>
    <enumeration value="FAA"/>
    <enumeration value="FAB"/>
    <enumeration value="FAC"/>
    <enumeration value="FC"/>
    <enumeration value="FH"/>
    <enumeration value="FI"/>
    <enumeration value="GAA"/>
    <enumeration value="HAA"/>
    <enumeration value="HD"/>
    <enumeration value="HH"/>
    <enumeration value="IAA"/>
    <enumeration value="IAB"/>
    <enumeration value="ID"/>
    <enumeration value="IF"/>
    <enumeration value="IR"/>
    <enumeration value="IS"/>
    <enumeration value="KO"/>
    <enumeration value="L1"/>
    <enumeration value="LA"/>
    <enumeration value="LAA"/>
    <enumeration value="LAB"/>
    <enumeration value="LF"/>
    <enumeration value="MAE"/>
    <enumeration value="MI"/>
    <enumeration value="ML"/>
    <enumeration value="NAA"/>
    <enumeration value="OA"/>
    <enumeration value="PA"/>
    <enumeration value="PAA"/>
    <enumeration value="PC"/>
    <enumeration value="PL"/>
    <enumeration value="PRV"/>
    <enumeration value="RAB"/>
    <enumeration value="RAC"/>
    <enumeration value="RAD"/>
    <enumeration value="RAF"/>
    <enumeration value="RE"/>
    <enumeration value="RF"/>
    <enumeration value="RH"/>
    <enumeration value="RV"/>
    <enumeration value="SA"/>
    <enumeration value="SAA"/>
    <enumeration value="SAD"/>
    <enumeration value="SAE"/>
    <enumeration value="SAI"/>
    <enumeration value="SG"/>
    <enumeration value="SH"/>
    <enumeration value="SM"/>
    <enumeration value="SU"/>
    <enumeration value="TAB"/>
    <enumeration value="TAC"/>
    <enumeration value="TT"/>
    <enumeration value="TV"/>
    <enumeration value="V1"/>
    <enumeration value="V2"/>
    <enumeration value="WH"/>
    <enumeration value="XAA"/>
    <enumeration value="YY"/>
    <enumeration value="ZZZ"/>
  </cl>
  <cl id="19">
    <enumeration value="AED"/>
    <enumeration value="AFN"/>
    <enumeration value="ALL"/>
    <enumeration value="AMD"/>
    <enumeration value="ANG"/>
    <enumeration value="AOA"/>
    <enumeration value="ARS"/>
    <enumeration value="AUD"/>
    <enumeration value="AWG"/>
    <enumeration value="AZN"/>
    <enumeration value="BAM"/>
    <enumeration value="BBD"/>
    <enumeration value="BDT"/>
    <enumeration value="BGN"/>
    <enumeration value="BHD"/>
    <enumeration value="BIF"/>
    <enumeration value="BMD"/>
    <enumeration value="BND"/>
    <enumeration value="BOB"/>
    <enumeration value="BOV"/>
    <enumeration value="BRL"/>
    <enumeration value="BSD"/>
    <enumeration value="BTN"/>
    <enumeration value="BWP"/>
    <enumeration value="BYN"/>
    <enumeration value="BZD"/>
    <enumeration value="CAD"/>
    <enumeration value="CDF"/>
    <enumeration value="CHE"/>
    <enumeration value="CHF"/>
    <enumeration value="CHW"/>
    <enumeration value="CLF"/>
    <enumeration value="CLP"/>
    <enumeration value="CNH"/>
    <enumeration value="CNY"/>
    <enumeration value="COP"/>
    <enumeration value="COU"/>
    <enumeration value="CRC"/>
    <enumeration value="CUP"/>
    <enumeration value="CVE"/>
    <enumeration value="CZK"/>
    <enumeration value="DJF"/>
    <enumeration value="DKK"/>
    <enumeration value="DOP"/>
    <enumeration value="DZD"/>
    <enumeration value="EGP"/>
    <enumeration value="ERN"/>
    <enumeration value="ETB"/>
    <enumeration value="EUR"/>
    <enumeration value="FJD"/>
    <enumeration value="FKP"/>
    <enumeration value="GBP"/>
    <enumeration value="GEL"/>
    <enumeration value="GHS"/>
    <enumeration value="GIP"/>
    <enumeration value="GMD"/>
    <enumeration value="GNF"/>
    <enumeration value="GTQ"/>
    <enumeration value="GYD"/>
    <enumeration value="HKD"/>
    <enumeration value="HNL"/>
    <enumeration value="HTG"/>
    <enumeration value="HUF"/>
    <enumeration value="IDR"/>
    <enumeration value="ILS"/>
    <enumeration value="INR"/>
    <enumeration value="IQD"/>
    <enumeration value="IRR"/>
    <enumeration value="ISK"/>
    <enumeration value="JMD"/>
    <enumeration value="JOD"/>
    <enumeration value="JPY"/>
    <enumeration value="KES"/>
    <enumeration value="KGS"/>
    <enumeration value="KHR"/>
    <enumeration value="KMF"/>
    <enumeration value="KPW"/>
    <enumeration value="KRW"/>
    <enumeration value="KWD"/>
    <enumeration value="KYD"/>
    <enumeration value="KZT"/>
    <enumeration value="LAK"/>
    <enumeration value="LBP"/>
    <enumeration value="LKR"/>
    <enumeration value="LRD"/>
    <enumeration value="LSL"/>
    <enumeration value="LYD"/>
    <enumeration value="MAD"/>
    <enumeration value="MDL"/>
    <enumeration value="MGA"/>
    <enumeration value="MKD"/>
    <enumeration value="MMK"/>
    <enumeration value="MNT"/>
    <enumeration value="MOP"/>
    <enumeration value="MRU"/>
    <enumeration value="MUR"/>
    <enumeration value="MVR"/>
    <enumeration value="MWK"/>
    <enumeration value="MXN"/>
    <enumeration value="MXV"/>
    <enumeration value="MYR"/>
    <enumeration value="MZN"/>
    <enumeration value="NAD"/>
    <enumeration value="NGN"/>
    <enumeration value="NIO"/>
    <enumeration value="NOK"/>
    <enumeration value="NPR"/>
    <enumeration value="NZD"/>
    <enumeration value="OMR"/>
    <enumeration value="PAB"/>
    <enumeration value="PEN"/>
    <enumeration value="PGK"/>
    <enumeration value="PHP"/>
    <enumeration value="PKR"/>
    <enumeration value="PLN"/>
    <enumeration value="PYG"/>
    <enumeration value="QAR"/>
    <enumeration value="RON"/>
    <enumeration value="RSD"/>
    <enumeration value="RUB"/>
    <enumeration value="RWF"/>
    <enumeration value="SAR"/>
    <enumeration value="SBD"/>
    <enumeration value="SCR"/>
    <enumeration value="SDG"/>
    <enumeration value="SEK"/>
    <enumeration value="SGD"/>
    <enumeration value="SHP"/>
    <enumeration value="SLE"/>
    <enumeration value="SOS"/>
    <enumeration value="SRD"/>
    <enumeration value="SSP"/>
    <enumeration value="STN"/>
    <enumeration value="SVC"/>
    <enumeration value="SYP"/>
    <enumeration value="SZL"/>
    <enumeration value="THB"/>
    <enumeration value="TJS"/>
    <enumeration value="TMT"/>
    <enumeration value="TND"/>
    <enumeration value="TOP"/>
    <enumeration value="TRY"/>
    <enumeration value="TTD"/>
    <enumeration value="TWD"/>
    <enumeration value="TZS"/>
    <enumeration value="UAH"/>
    <enumeration value="UGX"/>
    <enumeration value="USD"/>
    <enumeration value="USN"/>
    <enumeration value="UYI"/>
    <enumeration value="UYU"/>
    <enumeration value="UYW"/>
    <enumeration value="UZS"/>
    <enumeration value="VED"/>
    <enumeration value="VES"/>
    <enumeration value="VND"/>
    <enumeration value="VUV"/>
    <enumeration value="WST"/>
    <enumeration value="XAF"/>
    <enumeration value="XAG"/>
    <enumeration value="XAU"/>
    <enumeration value="XBA"/>
    <enumeration value="XBB"/>
    <enumeration value="XBC"/>
    <enumeration value="XBD"/>
    <enumeration value="XCD"/>
    <enumeration value="XDR"/>
    <enumeration value="XOF"/>
    <enumeration value="XPD"/>
    <enumeration value="XPF"/>
    <enumeration value="XPT"/>
    <enumeration value="XSU"/>
    <enumeration value="XTS"/>
    <enumeration value="XUA"/>
    <enumeration value="XXX"/>
    <enumeration value="YER"/>
    <enumeration value="ZAR"/>
    <enumeration value="ZMW"/>
    <enumeration value="ZWG"/>
  </cl>
  <cl id="20">
    <enumeration value="AED"/>
    <enumeration value="AFN"/>
    <enumeration value="ALL"/>
    <enumeration value="AMD"/>
    <enumeration value="ANG"/>
    <enumeration value="AOA"/>
    <enumeration value="ARS"/>
    <enumeration value="AUD"/>
    <enumeration value="AWG"/>
    <enumeration value="AZN"/>
    <enumeration value="BAM"/>
    <enumeration value="BBD"/>
    <enumeration value="BDT"/>
    <enumeration value="BGN"/>
    <enumeration value="BHD"/>
    <enumeration value="BIF"/>
    <enumeration value="BMD"/>
    <enumeration value="BND"/>
    <enumeration value="BOB"/>
    <enumeration value="BOV"/>
    <enumeration value="BRL"/>
    <enumeration value="BSD"/>
    <enumeration value="BTN"/>
    <enumeration value="BWP"/>
    <enumeration value="BYN"/>
    <enumeration value="BZD"/>
    <enumeration value="CAD"/>
    <enumeration value="CDF"/>
    <enumeration value="CHE"/>
    <enumeration value="CHF"/>
    <enumeration value="CHW"/>
    <enumeration value="CLF"/>
    <enumeration value="CLP"/>
    <enumeration value="CNH"/>
    <enumeration value="CNY"/>
    <enumeration value="COP"/>
    <enumeration value="COU"/>
    <enumeration value="CRC"/>
    <enumeration value="CUP"/>
    <enumeration value="CVE"/>
    <enumeration value="CZK"/>
    <enumeration value="DJF"/>
    <enumeration value="DKK"/>
    <enumeration value="DOP"/>
    <enumeration value="DZD"/>
    <enumeration value="EGP"/>
    <enumeration value="ERN"/>
    <enumeration value="ETB"/>
    <enumeration value="EUR"/>
    <enumeration value="FJD"/>
    <enumeration value="FKP"/>
    <enumeration value="GBP"/>
    <enumeration value="GEL"/>
    <enumeration value="GHS"/>
    <enumeration value="GIP"/>
    <enumeration value="GMD"/>
    <enumeration value="GNF"/>
    <enumeration value="GTQ"/>
    <enumeration value="GYD"/>
    <enumeration value="HKD"/>
    <enumeration value="HNL"/>
    <enumeration value="HTG"/>
    <enumeration value="HUF"/>
    <enumeration value="IDR"/>
    <enumeration value="ILS"/>
    <enumeration value="INR"/>
    <enumeration value="IQD"/>
    <enumeration value="IRR"/>
    <enumeration value="ISK"/>
    <enumeration value="JMD"/>
    <enumeration value="JOD"/>
    <enumeration value="JPY"/>
    <enumeration value="KES"/>
    <enumeration value="KGS"/>
    <enumeration value="KHR"/>
    <enumeration value="KMF"/>
    <enumeration value="KPW"/>
    <enumeration value="KRW"/>
    <enumeration value="KWD"/>
    <enumeration value="KYD"/>
    <enumeration value="KZT"/>
    <enumeration value="LAK"/>
    <enumeration value="LBP"/>
    <enumeration value="LKR"/>
    <enumeration value="LRD"/>
    <enumeration value="LSL"/>
    <enumeration value="LYD"/>
    <enumeration value="MAD"/>
    <enumeration value="MDL"/>
    <enumeration value="MGA"/>
    <enumeration value="MKD"/>
    <enumeration value="MMK"/>
    <enumeration value="MNT"/>
    <enumeration value="MOP"/>
    <enumeration value="MRU"/>
    <enumeration value="MUR"/>
    <enumeration value="MVR"/>
    <enumeration value="MWK"/>
    <enumeration value="MXN"/>
    <enumeration value="MXV"/>
    <enumeration value="MYR"/>
    <enumeration value="MZN"/>
    <enumeration value="NAD"/>
    <enumeration value="NGN"/>
    <enumeration value="NIO"/>
    <enumeration value="NOK"/>
    <enumeration value="NPR"/>
    <enumeration value="NZD"/>
    <enumeration value="OMR"/>
    <enumeration value="PAB"/>
    <enumeration value="PEN"/>
    <enumeration value="PGK"/>
    <enumeration value="PHP"/>
    <enumeration value="PKR"/>
    <enumeration value="PLN"/>
    <enumeration value="PYG"/>
    <enumeration value="QAR"/>
    <enumeration value="RON"/>
    <enumeration value="RSD"/>
    <enumeration value="RUB"/>
    <enumeration value="RWF"/>
    <enumeration value="SAR"/>
    <enumeration value="SBD"/>
    <enumeration value="SCR"/>
    <enumeration value="SDG"/>
    <enumeration value="SEK"/>
    <enumeration value="SGD"/>
    <enumeration value="SHP"/>
    <enumeration value="SLE"/>
    <enumeration value="SOS"/>
    <enumeration value="SRD"/>
    <enumeration value="SSP"/>
    <enumeration value="STN"/>
    <enumeration value="SVC"/>
    <enumeration value="SYP"/>
    <enumeration value="SZL"/>
    <enumeration value="THB"/>
    <enumeration value="TJS"/>
    <enumeration value="TMT"/>
    <enumeration value="TND"/>
    <enumeration value="TOP"/>
    <enumeration value="TRY"/>
    <enumeration value="TTD"/>
    <enumeration value="TWD"/>
    <enumeration value="TZS"/>
    <enumeration value="UAH"/>
    <enumeration value="UGX"/>
    <enumeration value="USD"/>
    <enumeration value="USN"/>
    <enumeration value="UYI"/>
    <enumeration value="UYU"/>
    <enumeration value="UYW"/>
    <enumeration value="UZS"/>
    <enumeration value="VED"/>
    <enumeration value="VES"/>
    <enumeration value="VND"/>
    <enumeration value="VUV"/>
    <enumeration value="WST"/>
    <enumeration value="XAF"/>
    <enumeration value="XAG"/>
    <enumeration value="XAU"/>
    <enumeration value="XBA"/>
    <enumeration value="XBB"/>
    <enumeration value="XBC"/>
    <enumeration value="XBD"/>
    <enumeration value="XCD"/>
    <enumeration value="XDR"/>
    <enumeration value="XOF"/>
    <enumeration value="XPD"/>
    <enumeration value="XPF"/>
    <enumeration value="XPT"/>
    <enumeration value="XSU"/>
    <enumeration value="XTS"/>
    <enumeration value="XUA"/>
    <enumeration value="XXX"/>
    <enumeration value="YER"/>
    <enumeration value="ZAR"/>
    <enumeration value="ZMW"/>
    <enumeration value="ZWG"/>
  </cl>
  <cl id="21">
    <enumeration value="102"/>
  </cl>
</codedb>
