{
  "xsdPath": "../Data/Schemas/xsds/UBL2.1/xsd/maindoc/UBL-Invoice-2.1.xsd",
  "enSchematron": "../Data/Rules/schematrons/CEN-EN16931-UBL.xsl",
  "zatcaSchematron": "../Data/Rules/schematrons/20210819_ZATCA_E-invoice_Validation_Rules.xsl",
  "certPath": "../Data/Certificates/cert.pem",
  "privateKeyPath": "../Data/Certificates/ec-secp256k1-priv-key.pem",
  "pihPath": "../Data/PIH/pih.txt",
  "certPassword": "123456789",
  "inputPath": "../Data/Input",
  "usagePathFile": "../Configuration/usage.txt"
}
