<?xml version="1.0" encoding="UTF-8"?>
<!DOCTYPE properties
  SYSTEM "http://java.sun.com/dtd/properties.dtd">
<properties version="1.0"><entry key="MP01">contanti</entry><entry key="MP02">assegno</entry><entry key="MP03">assegno circolare</entry><entry key="MP04">contanti presso Tesoreria</entry><entry key="MP05">bonifico</entry><entry key="MP06">vaglia cambiario</entry><entry key="MP07">bollettino bancario</entry><entry key="MP08">carta di pagamento</entry><entry key="MP09">RID</entry><entry key="MP10">RID utenze</entry><entry key="MP11">RID veloce</entry><entry key="MP12">RIBA</entry><entry key="MP13">MAV</entry><entry key="MP14">quietanza erario</entry><entry key="MP15">giroconto su conti di contabilità speciale</entry><entry key="MP16">domiciliazione bancaria</entry><entry key="MP17">domiciliazione postale</entry><entry key="MP18">bollettino di c/c postale</entry><entry key="MP19">SEPA Direct Debit</entry><entry key="MP20">SEPA Direct Debit CORE</entry><entry key="MP21">SEPA Direct Debit B2B</entry><entry key="MP22">Trattenuta su somme già riscosse</entry></properties>