<?xml version="1.0" encoding="UTF-8"?>
<?xml-model href="../schematron/urn_feap.gov.pt_CIUS-PT_1.0.6.sch" type="application/xml" schematypens="http://purl.oclc.org/dsdl/schematron" phase="#ALL" title="Main schema"?>
<CreditNote xmlns:xsi="http://www.w3.org/2001/XMLSchema-instance" xsi:schemaLocation="urn:oasis:names:specification:ubl:schema:xsd:CreditNote-2 ../oasis/maindoc/UBL-CreditNote-2.1.xsd" xmlns="urn:oasis:names:specification:ubl:schema:xsd:CreditNote-2" xmlns:cbc="urn:oasis:names:specification:ubl:schema:xsd:CommonBasicComponents-2" xmlns:cac="urn:oasis:names:specification:ubl:schema:xsd:CommonAggregateComponents-2">
    <cbc:CustomizationID>urn:cen.eu:en16931:2017#compliant#urn:feap.gov.pt:CIUS-PT:1.0.6</cbc:CustomizationID>
    <cbc:ID>$%()*</cbc:ID>
    <cbc:IssueDate>2019-02-28</cbc:IssueDate>
    <cbc:CreditNoteTypeCode>381</cbc:CreditNoteTypeCode>
    <cbc:DocumentCurrencyCode>AWG</cbc:DocumentCurrencyCode>
    <cac:InvoicePeriod>
        <cbc:StartDate>2019-02-28</cbc:StartDate>
    </cac:InvoicePeriod>
    <cac:OrderReference>
        <cbc:ID>$%()*</cbc:ID>
    </cac:OrderReference>
    <cac:BillingReference>
        <cac:InvoiceDocumentReference>
            <cbc:ID>$%()*</cbc:ID>
        </cac:InvoiceDocumentReference>
    </cac:BillingReference>
    <cac:DespatchDocumentReference>
        <cbc:ID>$%()*</cbc:ID>
    </cac:DespatchDocumentReference>
    <cac:ReceiptDocumentReference>
        <cbc:ID>$%()*</cbc:ID>
    </cac:ReceiptDocumentReference>
    <cac:ContractDocumentReference>
        <cbc:ID>$%()*</cbc:ID>
    </cac:ContractDocumentReference>
    <cac:AdditionalDocumentReference>
        <cbc:ID>$%()*</cbc:ID>
    </cac:AdditionalDocumentReference>
    <cac:OriginatorDocumentReference>
        <cbc:ID>$%()*</cbc:ID>
    </cac:OriginatorDocumentReference>
    <cac:AccountingSupplierParty>
        <cac:Party>
            <cac:PostalAddress>
                <cbc:StreetName>$%()*</cbc:StreetName>
                <cbc:CityName>$%()*</cbc:CityName>
                <cbc:PostalZone>$%()*</cbc:PostalZone>
                <cac:Country>
                    <cbc:IdentificationCode>FK</cbc:IdentificationCode>
                </cac:Country>
            </cac:PostalAddress>
            <cac:PartyTaxScheme>
                <cbc:CompanyID>AU$%()*</cbc:CompanyID>
                <cac:TaxScheme>
                    <cbc:ID>VAT</cbc:ID>
                </cac:TaxScheme>
            </cac:PartyTaxScheme>
            <cac:PartyLegalEntity>
                <cbc:RegistrationName>$%()*</cbc:RegistrationName>
            </cac:PartyLegalEntity>
        </cac:Party>
    </cac:AccountingSupplierParty>
    <cac:AccountingCustomerParty>
        <cac:Party>
            <cac:PostalAddress>
                <cbc:StreetName>$%()*</cbc:StreetName>
                <cbc:CityName>$%()*</cbc:CityName>
                <cbc:PostalZone>$%()*</cbc:PostalZone>
                <cac:Country>
                    <cbc:IdentificationCode>NZ</cbc:IdentificationCode>
                </cac:Country>
            </cac:PostalAddress>
            <cac:PartyTaxScheme>
                <cbc:CompanyID>SZ$%()*</cbc:CompanyID>
                <cac:TaxScheme>
                    <cbc:ID>VAT</cbc:ID>
                </cac:TaxScheme>
            </cac:PartyTaxScheme>
            <cac:PartyLegalEntity>
                <cbc:RegistrationName>$%()*</cbc:RegistrationName>
            </cac:PartyLegalEntity>
        </cac:Party>
    </cac:AccountingCustomerParty>
    <cac:PayeeParty>
        <cac:PartyName>
            <cbc:Name>1$%()*</cbc:Name>
        </cac:PartyName>
    </cac:PayeeParty>
    <cac:TaxRepresentativeParty>
        <cac:PartyName>
            <cbc:Name>$%()*</cbc:Name>
        </cac:PartyName>
        <cac:PostalAddress>
            <cac:Country>
                <cbc:IdentificationCode>PW</cbc:IdentificationCode>
            </cac:Country>
        </cac:PostalAddress>
        <cac:PartyTaxScheme>
            <cbc:CompanyID>PL$%()*</cbc:CompanyID>
            <cac:TaxScheme>
                <cbc:ID>VAT</cbc:ID>
            </cac:TaxScheme>
        </cac:PartyTaxScheme>
    </cac:TaxRepresentativeParty>
    <cac:Delivery>
        <cbc:ActualDeliveryDate>2019-02-28</cbc:ActualDeliveryDate>
    </cac:Delivery>
    <cac:PaymentMeans>
        <cbc:PaymentMeansCode>#ENTITY@ATMPAYMENT#$%()*#</cbc:PaymentMeansCode>
    </cac:PaymentMeans>
    <cac:PaymentTerms>
        <cbc:Note>$%()*</cbc:Note>
    </cac:PaymentTerms>
    <cac:AllowanceCharge>
        <cbc:ChargeIndicator>false</cbc:ChargeIndicator>
        <cbc:AllowanceChargeReason>$%()*</cbc:AllowanceChargeReason>
        <cbc:Amount currencyID="AWG">1.00</cbc:Amount>
        <cac:TaxCategory>
            <cbc:ID>AA</cbc:ID>
            <cbc:Percent>6.00</cbc:Percent>
            <cac:TaxScheme>
                <cbc:ID>VAT</cbc:ID>
            </cac:TaxScheme>
        </cac:TaxCategory>
    </cac:AllowanceCharge>
    <cac:AllowanceCharge>
        <cbc:ChargeIndicator>false</cbc:ChargeIndicator>
        <cbc:AllowanceChargeReason>$%()*</cbc:AllowanceChargeReason>
        <cbc:Amount currencyID="AWG">2.00</cbc:Amount>
        <cac:TaxCategory>
            <cbc:ID>S</cbc:ID>
            <cbc:Percent>13.00</cbc:Percent>
            <cac:TaxScheme>
                <cbc:ID>VAT</cbc:ID>
            </cac:TaxScheme>
        </cac:TaxCategory>
    </cac:AllowanceCharge>
    <cac:AllowanceCharge>
        <cbc:ChargeIndicator>false</cbc:ChargeIndicator>
        <cbc:AllowanceChargeReason>$%()*</cbc:AllowanceChargeReason>
        <cbc:Amount currencyID="AWG">3.00</cbc:Amount>
        <cac:TaxCategory>
            <cbc:ID>S</cbc:ID>
            <cbc:Percent>23.00</cbc:Percent>
            <cac:TaxScheme>
                <cbc:ID>VAT</cbc:ID>
            </cac:TaxScheme>
        </cac:TaxCategory>
    </cac:AllowanceCharge>
    <cac:AllowanceCharge>
        <cbc:ChargeIndicator>false</cbc:ChargeIndicator>
        <cbc:AllowanceChargeReason>$%()*</cbc:AllowanceChargeReason>
        <cbc:Amount currencyID="AWG">4.00</cbc:Amount>
        <cac:TaxCategory>
            <cbc:ID>E</cbc:ID>
            <cbc:Percent>0.00</cbc:Percent>
            <cac:TaxScheme>
                <cbc:ID>VAT</cbc:ID>
            </cac:TaxScheme>
        </cac:TaxCategory>
    </cac:AllowanceCharge>
    <cac:AllowanceCharge>
        <cbc:ChargeIndicator>true</cbc:ChargeIndicator>
        <cbc:AllowanceChargeReason>$%()*</cbc:AllowanceChargeReason>
        <cbc:Amount currencyID="AWG">4.00</cbc:Amount>
        <cac:TaxCategory>
            <cbc:ID>AA</cbc:ID>
            <cbc:Percent>6.00</cbc:Percent>
            <cac:TaxScheme>
                <cbc:ID>VAT</cbc:ID>
            </cac:TaxScheme>
        </cac:TaxCategory>
    </cac:AllowanceCharge>
    <cac:AllowanceCharge>
        <cbc:ChargeIndicator>true</cbc:ChargeIndicator>
        <cbc:AllowanceChargeReason>$%()*</cbc:AllowanceChargeReason>
        <cbc:Amount currencyID="AWG">3.00</cbc:Amount>
        <cac:TaxCategory>
            <cbc:ID>S</cbc:ID>
            <cbc:Percent>13.00</cbc:Percent>
            <cac:TaxScheme>
                <cbc:ID>VAT</cbc:ID>
            </cac:TaxScheme>
        </cac:TaxCategory>
    </cac:AllowanceCharge>
    <cac:AllowanceCharge>
        <cbc:ChargeIndicator>true</cbc:ChargeIndicator>
        <cbc:AllowanceChargeReason>$%()*</cbc:AllowanceChargeReason>
        <cbc:Amount currencyID="AWG">2.00</cbc:Amount>
        <cac:TaxCategory>
            <cbc:ID>S</cbc:ID>
            <cbc:Percent>23.00</cbc:Percent>
            <cac:TaxScheme>
                <cbc:ID>VAT</cbc:ID>
            </cac:TaxScheme>
        </cac:TaxCategory>
    </cac:AllowanceCharge>
    <cac:AllowanceCharge>
        <cbc:ChargeIndicator>true</cbc:ChargeIndicator>
        <cbc:AllowanceChargeReason>$%()*</cbc:AllowanceChargeReason>
        <cbc:Amount currencyID="AWG">1.00</cbc:Amount>
        <cac:TaxCategory>
            <cbc:ID>E</cbc:ID>
            <cbc:Percent>0.00</cbc:Percent>
            <cac:TaxScheme>
                <cbc:ID>VAT</cbc:ID>
            </cac:TaxScheme>
        </cac:TaxCategory>
    </cac:AllowanceCharge>
    <cac:TaxTotal>
        <cbc:TaxAmount currencyID="AWG">0.45</cbc:TaxAmount>
        <cac:TaxSubtotal>
            <cbc:TaxableAmount currencyID="AWG">2.00</cbc:TaxableAmount>
            <cbc:TaxAmount currencyID="AWG">0.12</cbc:TaxAmount>
            <cac:TaxCategory>
                <cbc:ID>AA</cbc:ID>
                <cbc:Percent>6.00</cbc:Percent>
                <cac:TaxScheme>
                    <cbc:ID>VAT</cbc:ID>
                </cac:TaxScheme>
            </cac:TaxCategory>
        </cac:TaxSubtotal>
        <cac:TaxSubtotal>
            <cbc:TaxableAmount currencyID="AWG">-1.00</cbc:TaxableAmount>
            <cbc:TaxAmount currencyID="AWG">-0.13</cbc:TaxAmount>
            <cac:TaxCategory>
                <cbc:ID>S</cbc:ID>
                <cbc:Percent>13.00</cbc:Percent>
                <cac:TaxScheme>
                    <cbc:ID>VAT</cbc:ID>
                </cac:TaxScheme>
            </cac:TaxCategory>
        </cac:TaxSubtotal>
        <cac:TaxSubtotal>
            <cbc:TaxableAmount currencyID="AWG">2.00</cbc:TaxableAmount>
            <cbc:TaxAmount currencyID="AWG">0.46</cbc:TaxAmount>
            <cac:TaxCategory>
                <cbc:ID>S</cbc:ID>
                <cbc:Percent>23.00</cbc:Percent>
                <cac:TaxScheme>
                    <cbc:ID>VAT</cbc:ID>
                </cac:TaxScheme>
            </cac:TaxCategory>
        </cac:TaxSubtotal>
        <cac:TaxSubtotal>
            <cbc:TaxableAmount currencyID="AWG">1.00</cbc:TaxableAmount>
            <cbc:TaxAmount currencyID="AWG">0.00</cbc:TaxAmount>
            <cac:TaxCategory>
                <cbc:ID>E</cbc:ID>
                <cbc:Percent>0.00</cbc:Percent>
                <cbc:TaxExemptionReasonCode>$%()*</cbc:TaxExemptionReasonCode>
                <cbc:TaxExemptionReason>$%()*</cbc:TaxExemptionReason>
                <cac:TaxScheme>
                    <cbc:ID>VAT</cbc:ID>
                </cac:TaxScheme>
            </cac:TaxCategory>
        </cac:TaxSubtotal>
    </cac:TaxTotal>
    <cac:LegalMonetaryTotal>
        <cbc:LineExtensionAmount currencyID="AWG">4.00</cbc:LineExtensionAmount>
        <cbc:TaxExclusiveAmount currencyID="AWG">4.00</cbc:TaxExclusiveAmount>
        <cbc:TaxInclusiveAmount currencyID="AWG">4.45</cbc:TaxInclusiveAmount>
        <cbc:AllowanceTotalAmount currencyID="AWG">10.00</cbc:AllowanceTotalAmount>
        <cbc:ChargeTotalAmount currencyID="AWG">10.00</cbc:ChargeTotalAmount>
        <cbc:PayableAmount currencyID="AWG">4.45</cbc:PayableAmount>
    </cac:LegalMonetaryTotal>
    <cac:CreditNoteLine>
        <cbc:ID>1$%()*</cbc:ID><!--AQUI-->
        <cbc:CreditedQuantity unitCode="C62">-0123456789012.012</cbc:CreditedQuantity><!--AQUI-->
        <cbc:LineExtensionAmount currencyID="AWG">-1.00</cbc:LineExtensionAmount>
        <cac:Item>
            <cbc:Name>$%()*</cbc:Name>
            <cac:ClassifiedTaxCategory>
                <cbc:ID>AA</cbc:ID>
                <cbc:Percent>6.00</cbc:Percent>
                <cac:TaxScheme>
                    <cbc:ID>VAT</cbc:ID>
                </cac:TaxScheme>
            </cac:ClassifiedTaxCategory>
        </cac:Item>
        <cac:Price>
            <cbc:PriceAmount currencyID="AWG">0123456789012.01234567</cbc:PriceAmount><!--AQUI-->
        </cac:Price>
    </cac:CreditNoteLine>
    <cac:CreditNoteLine>
        <cbc:ID>2$%()*</cbc:ID><!--AQUI-->
        <cbc:CreditedQuantity unitCode="C62">-0123456789012.012</cbc:CreditedQuantity><!--AQUI-->
        <cbc:LineExtensionAmount currencyID="AWG">-2.00</cbc:LineExtensionAmount>
        <cac:Item>
            <cbc:Name>$%()*</cbc:Name>
            <cac:ClassifiedTaxCategory>
                <cbc:ID>S</cbc:ID>
                <cbc:Percent>13.00</cbc:Percent>
                <cac:TaxScheme>
                    <cbc:ID>VAT</cbc:ID>
                </cac:TaxScheme>
            </cac:ClassifiedTaxCategory>
        </cac:Item>
        <cac:Price>
            <cbc:PriceAmount currencyID="AWG">0123456789012.01234567</cbc:PriceAmount><!--AQUI-->
        </cac:Price>
    </cac:CreditNoteLine>
    <cac:CreditNoteLine>
        <cbc:ID>3$%()*</cbc:ID><!--AQUI-->
        <cbc:CreditedQuantity unitCode="C62">-0123456789012.012</cbc:CreditedQuantity><!--AQUI-->
        <cbc:LineExtensionAmount currencyID="AWG">3.00</cbc:LineExtensionAmount>
        <cac:Item>
            <cbc:Name>$%()*</cbc:Name>
            <cac:ClassifiedTaxCategory>
                <cbc:ID>S</cbc:ID>
                <cbc:Percent>23.00</cbc:Percent>
                <cac:TaxScheme>
                    <cbc:ID>VAT</cbc:ID>
                </cac:TaxScheme>
            </cac:ClassifiedTaxCategory>
        </cac:Item>
        <cac:Price>
            <cbc:PriceAmount currencyID="AWG">0123456789012.01234567</cbc:PriceAmount><!--AQUI-->
        </cac:Price>
    </cac:CreditNoteLine>
    <cac:CreditNoteLine>
        <cbc:ID>4$%()*</cbc:ID><!--AQUI-->
        <cbc:CreditedQuantity unitCode="C62">-0123456789012.012</cbc:CreditedQuantity><!--AQUI-->
        <cbc:LineExtensionAmount currencyID="AWG">4.00</cbc:LineExtensionAmount>
        <cac:Item>
            <cbc:Name>$%()*</cbc:Name>
            <cac:ClassifiedTaxCategory>
                <cbc:ID>E</cbc:ID>
                <cbc:Percent>0.00</cbc:Percent>
                <cac:TaxScheme>
                    <cbc:ID>VAT</cbc:ID>
                </cac:TaxScheme>
            </cac:ClassifiedTaxCategory>
            <cac:AdditionalItemProperty>
                <cbc:Name>#TAXEXEMPTIONREASONCODE@CLASSIFIEDTAXCATEGORY#</cbc:Name>
                <cbc:Value>$%()*</cbc:Value>
            </cac:AdditionalItemProperty>
            <cac:AdditionalItemProperty>
                <cbc:Name>#TAXEXEMPTIONREASON@CLASSIFIEDTAXCATEGORY#</cbc:Name>
                <cbc:Value>$%()*</cbc:Value>
            </cac:AdditionalItemProperty>
        </cac:Item>
        <cac:Price>
            <cbc:PriceAmount currencyID="AWG">0123456789012.01234567</cbc:PriceAmount><!--AQUI-->
        </cac:Price>
    </cac:CreditNoteLine>
</CreditNote>