<?xml version="1.0" encoding="UTF-8"?>
<?xml-model href="../schematron/urn_feap.gov.pt_CIUS-PT_1.0.6.sch" type="application/xml" schematypens="http://purl.oclc.org/dsdl/schematron" phase="#ALL" title="Main schema"?>
<CreditNote xmlns:xsi="http://www.w3.org/2001/XMLSchema-instance" xsi:schemaLocation="urn:oasis:names:specification:ubl:schema:xsd:CreditNote-2 ../oasis/maindoc/UBL-CreditNote-2.1.xsd" xmlns="urn:oasis:names:specification:ubl:schema:xsd:CreditNote-2" xmlns:cbc="urn:oasis:names:specification:ubl:schema:xsd:CommonBasicComponents-2" xmlns:cac="urn:oasis:names:specification:ubl:schema:xsd:CommonAggregateComponents-2">
    <cbc:CustomizationID>urn:cen.eu:en16931:2017#compliant#urn:feap.gov.pt:CIUS-PT:1.0.6</cbc:CustomizationID>
    <cbc:ID>$%()*</cbc:ID>
    <cbc:IssueDate>2019-02-28</cbc:IssueDate>
    <cbc:CreditNoteTypeCode>381</cbc:CreditNoteTypeCode>
    <cbc:DocumentCurrencyCode>BOV</cbc:DocumentCurrencyCode>
    <cac:InvoicePeriod>
        <cbc:StartDate>2019-02-28</cbc:StartDate>
    </cac:InvoicePeriod>
    <cac:OrderReference>
        <cbc:ID>$%()*</cbc:ID>
    </cac:OrderReference>
    <cac:BillingReference>
        <cac:InvoiceDocumentReference>
            <cbc:ID>$%()*</cbc:ID>
        </cac:InvoiceDocumentReference>
    </cac:BillingReference>
    <cac:DespatchDocumentReference>
        <cbc:ID>$%()*</cbc:ID>
    </cac:DespatchDocumentReference>
    <cac:ReceiptDocumentReference>
        <cbc:ID>$%()*</cbc:ID>
    </cac:ReceiptDocumentReference>
    <cac:ContractDocumentReference>
        <cbc:ID>$%()*</cbc:ID>
    </cac:ContractDocumentReference>
    <cac:AdditionalDocumentReference>
        <cbc:ID>$%()*</cbc:ID>
        <cac:Attachment>
            <cac:ExternalReference>
                <cbc:URI>$%()*</cbc:URI>
            </cac:ExternalReference>
        </cac:Attachment>
    </cac:AdditionalDocumentReference>
    <cac:OriginatorDocumentReference>
        <cbc:ID>$%()*</cbc:ID>
    </cac:OriginatorDocumentReference>
    <cac:AccountingSupplierParty>
        <cac:Party>
            <cac:PartyIdentification>
                <cbc:ID>$%()*</cbc:ID>
            </cac:PartyIdentification>
            <cac:PartyName>
                <cbc:Name>$%()*</cbc:Name>
            </cac:PartyName>
            <cac:PostalAddress>
                <cbc:StreetName>$%()*</cbc:StreetName>
                <cbc:CityName>$%()*</cbc:CityName>
                <cbc:PostalZone>$%()*</cbc:PostalZone>
                <cac:AddressLine>
                    <cbc:Line>$%()*</cbc:Line>
                </cac:AddressLine>
                <cac:Country>
                    <cbc:IdentificationCode>AT</cbc:IdentificationCode>
                </cac:Country>
            </cac:PostalAddress>
            <cac:PartyTaxScheme>
                <cbc:CompanyID>AZ$%()*</cbc:CompanyID>
                <cac:TaxScheme>
                    <cbc:ID>VAT</cbc:ID>
                </cac:TaxScheme>
            </cac:PartyTaxScheme>
            <cac:PartyLegalEntity>
                <cbc:RegistrationName>$%()*</cbc:RegistrationName>
            </cac:PartyLegalEntity>
            <cac:Contact>
                <cbc:Name>$%()*</cbc:Name>
            </cac:Contact>
        </cac:Party>
    </cac:AccountingSupplierParty>
    <cac:AccountingCustomerParty>
        <cac:Party>
            <cac:PartyIdentification>
                <cbc:ID>$%()*</cbc:ID>
            </cac:PartyIdentification>
            <cac:PartyName>
                <cbc:Name>$%()*</cbc:Name>
            </cac:PartyName>
            <cac:PostalAddress>
                <cbc:StreetName>$%()*</cbc:StreetName>
                <cbc:CityName>$%()*</cbc:CityName>
                <cbc:PostalZone>$%()*</cbc:PostalZone>
                <cac:AddressLine>
                    <cbc:Line>$%()*</cbc:Line>
                </cac:AddressLine>
                <cac:Country>
                    <cbc:IdentificationCode>BG</cbc:IdentificationCode>
                </cac:Country>
            </cac:PostalAddress>
            <cac:PartyTaxScheme>
                <cbc:CompanyID>BV$%()*</cbc:CompanyID>
                <cac:TaxScheme>
                    <cbc:ID>VAT</cbc:ID>
                </cac:TaxScheme>
            </cac:PartyTaxScheme>
            <cac:PartyLegalEntity>
                <cbc:RegistrationName>$%()*</cbc:RegistrationName>
            </cac:PartyLegalEntity>
            <cac:Contact>
                <cbc:Name>$%()*</cbc:Name>
            </cac:Contact>
        </cac:Party>
    </cac:AccountingCustomerParty>
    <cac:PayeeParty>
        <cac:PartyIdentification>
            <cbc:ID>1$%()*</cbc:ID>
        </cac:PartyIdentification>
        <cac:PartyName>
            <cbc:Name>1$%()*</cbc:Name>
        </cac:PartyName>
        <cac:PartyLegalEntity>
            <cbc:CompanyID>1$%()*</cbc:CompanyID>
        </cac:PartyLegalEntity>
    </cac:PayeeParty>
    <cac:TaxRepresentativeParty>
        <cac:PartyName>
            <cbc:Name>$%()*</cbc:Name>
        </cac:PartyName>
        <cac:PostalAddress>
            <cac:AddressLine>
                <cbc:Line>$%()*</cbc:Line>
            </cac:AddressLine>
            <cac:Country>
                <cbc:IdentificationCode>CH</cbc:IdentificationCode>
            </cac:Country>
        </cac:PostalAddress>
        <cac:PartyTaxScheme>
            <cbc:CompanyID>EC$%()*</cbc:CompanyID>
            <cac:TaxScheme>
                <cbc:ID>VAT</cbc:ID>
            </cac:TaxScheme>
        </cac:PartyTaxScheme>
    </cac:TaxRepresentativeParty>
    <cac:Delivery>
        <cbc:ActualDeliveryDate>2019-02-28</cbc:ActualDeliveryDate>
        <cac:DeliveryLocation>
            <cbc:ID>$%()*</cbc:ID>
            <cac:Address>
                <cbc:StreetName>$%()*</cbc:StreetName>
                <cbc:CityName>$%()*</cbc:CityName>
                <cbc:PostalZone>$%()*</cbc:PostalZone>
                <cbc:CountrySubentity>$%()*</cbc:CountrySubentity>
                <cac:AddressLine>
                    <cbc:Line>$%()*</cbc:Line>
                </cac:AddressLine>
                <cac:Country>
                    <cbc:IdentificationCode>ET</cbc:IdentificationCode>
                </cac:Country>
            </cac:Address>
        </cac:DeliveryLocation>
        <cac:DeliveryParty>
            <cac:PartyName>
                <cbc:Name>$%()*</cbc:Name>
            </cac:PartyName>
        </cac:DeliveryParty>
    </cac:Delivery>
    <cac:PaymentMeans>
        <cbc:PaymentMeansCode>30</cbc:PaymentMeansCode>
        <cac:CardAccount>
            <cbc:PrimaryAccountNumberID>$%()*</cbc:PrimaryAccountNumberID>
            <cbc:NetworkID>$%()*</cbc:NetworkID>
        </cac:CardAccount>
        <cac:PayeeFinancialAccount>
			<cbc:ID>!#$%()*+,-./ 0123456789:;=?@ABCDEFGHIJKLMNOPQRSTUV</cbc:ID>
            <cac:FinancialInstitutionBranch>
                <cbc:ID>$%()*</cbc:ID>
            </cac:FinancialInstitutionBranch>
        </cac:PayeeFinancialAccount>
        <cac:PaymentMandate>
            <cac:PayerFinancialAccount>
                <cbc:ID>$%()*</cbc:ID>
            </cac:PayerFinancialAccount>
        </cac:PaymentMandate>
    </cac:PaymentMeans>
    <cac:PaymentTerms>
        <cbc:Note>$%()*</cbc:Note>
    </cac:PaymentTerms>
    <cac:AllowanceCharge>
        <cbc:ChargeIndicator>false</cbc:ChargeIndicator>
        <cbc:AllowanceChargeReason>$%()*</cbc:AllowanceChargeReason>
        <cbc:Amount currencyID="BOV">1.00</cbc:Amount>
        <cac:TaxCategory>
            <cbc:ID>AA</cbc:ID>
            <cbc:Percent>6.00</cbc:Percent>
            <cac:TaxScheme>
                <cbc:ID>VAT</cbc:ID>
            </cac:TaxScheme>
        </cac:TaxCategory>
    </cac:AllowanceCharge>
    <cac:AllowanceCharge>
        <cbc:ChargeIndicator>false</cbc:ChargeIndicator>
        <cbc:AllowanceChargeReason>$%()*</cbc:AllowanceChargeReason>
        <cbc:Amount currencyID="BOV">2.00</cbc:Amount>
        <cac:TaxCategory>
            <cbc:ID>S</cbc:ID>
            <cbc:Percent>13.00</cbc:Percent>
            <cac:TaxScheme>
                <cbc:ID>VAT</cbc:ID>
            </cac:TaxScheme>
        </cac:TaxCategory>
    </cac:AllowanceCharge>
    <cac:AllowanceCharge>
        <cbc:ChargeIndicator>false</cbc:ChargeIndicator>
        <cbc:AllowanceChargeReason>$%()*</cbc:AllowanceChargeReason>
        <cbc:Amount currencyID="BOV">3.00</cbc:Amount>
        <cac:TaxCategory>
            <cbc:ID>S</cbc:ID>
            <cbc:Percent>23.00</cbc:Percent>
            <cac:TaxScheme>
                <cbc:ID>VAT</cbc:ID>
            </cac:TaxScheme>
        </cac:TaxCategory>
    </cac:AllowanceCharge>
    <cac:AllowanceCharge>
        <cbc:ChargeIndicator>false</cbc:ChargeIndicator>
        <cbc:AllowanceChargeReason>$%()*</cbc:AllowanceChargeReason>
        <cbc:Amount currencyID="BOV">4.00</cbc:Amount>
        <cac:TaxCategory>
            <cbc:ID>E</cbc:ID>
            <cbc:Percent>0.00</cbc:Percent>
            <cac:TaxScheme>
                <cbc:ID>VAT</cbc:ID>
            </cac:TaxScheme>
        </cac:TaxCategory>
    </cac:AllowanceCharge>
    <cac:AllowanceCharge>
        <cbc:ChargeIndicator>true</cbc:ChargeIndicator>
        <cbc:AllowanceChargeReason>$%()*</cbc:AllowanceChargeReason>
        <cbc:Amount currencyID="BOV">4.00</cbc:Amount>
        <cac:TaxCategory>
            <cbc:ID>AA</cbc:ID>
            <cbc:Percent>6.00</cbc:Percent>
            <cac:TaxScheme>
                <cbc:ID>VAT</cbc:ID>
            </cac:TaxScheme>
        </cac:TaxCategory>
    </cac:AllowanceCharge>
    <cac:AllowanceCharge>
        <cbc:ChargeIndicator>true</cbc:ChargeIndicator>
        <cbc:AllowanceChargeReason>$%()*</cbc:AllowanceChargeReason>
        <cbc:Amount currencyID="BOV">3.00</cbc:Amount>
        <cac:TaxCategory>
            <cbc:ID>S</cbc:ID>
            <cbc:Percent>13.00</cbc:Percent>
            <cac:TaxScheme>
                <cbc:ID>VAT</cbc:ID>
            </cac:TaxScheme>
        </cac:TaxCategory>
    </cac:AllowanceCharge>
    <cac:AllowanceCharge>
        <cbc:ChargeIndicator>true</cbc:ChargeIndicator>
        <cbc:AllowanceChargeReason>$%()*</cbc:AllowanceChargeReason>
        <cbc:Amount currencyID="BOV">2.00</cbc:Amount>
        <cac:TaxCategory>
            <cbc:ID>S</cbc:ID>
            <cbc:Percent>23.00</cbc:Percent>
            <cac:TaxScheme>
                <cbc:ID>VAT</cbc:ID>
            </cac:TaxScheme>
        </cac:TaxCategory>
    </cac:AllowanceCharge>
    <cac:AllowanceCharge>
        <cbc:ChargeIndicator>true</cbc:ChargeIndicator>
        <cbc:AllowanceChargeReason>$%()*</cbc:AllowanceChargeReason>
        <cbc:Amount currencyID="BOV">1.00</cbc:Amount>
        <cac:TaxCategory>
            <cbc:ID>E</cbc:ID>
            <cbc:Percent>0.00</cbc:Percent>
            <cac:TaxScheme>
                <cbc:ID>VAT</cbc:ID>
            </cac:TaxScheme>
        </cac:TaxCategory>
    </cac:AllowanceCharge>
    <cac:TaxTotal>
        <cbc:TaxAmount currencyID="BOV">0.45</cbc:TaxAmount>
        <cac:TaxSubtotal>
            <cbc:TaxableAmount currencyID="BOV">2.00</cbc:TaxableAmount>
            <cbc:TaxAmount currencyID="BOV">0.12</cbc:TaxAmount>
            <cac:TaxCategory>
                <cbc:ID>AA</cbc:ID>
                <cbc:Percent>6.00</cbc:Percent>
                <cac:TaxScheme>
                    <cbc:ID>VAT</cbc:ID>
                </cac:TaxScheme>
            </cac:TaxCategory>
        </cac:TaxSubtotal>
        <cac:TaxSubtotal>
            <cbc:TaxableAmount currencyID="BOV">-1.00</cbc:TaxableAmount>
            <cbc:TaxAmount currencyID="BOV">-0.13</cbc:TaxAmount>
            <cac:TaxCategory>
                <cbc:ID>S</cbc:ID>
                <cbc:Percent>13.00</cbc:Percent>
                <cac:TaxScheme>
                    <cbc:ID>VAT</cbc:ID>
                </cac:TaxScheme>
            </cac:TaxCategory>
        </cac:TaxSubtotal>
        <cac:TaxSubtotal>
            <cbc:TaxableAmount currencyID="BOV">2.00</cbc:TaxableAmount>
            <cbc:TaxAmount currencyID="BOV">0.46</cbc:TaxAmount>
            <cac:TaxCategory>
                <cbc:ID>S</cbc:ID>
                <cbc:Percent>23.00</cbc:Percent>
                <cac:TaxScheme>
                    <cbc:ID>VAT</cbc:ID>
                </cac:TaxScheme>
            </cac:TaxCategory>
        </cac:TaxSubtotal>
        <cac:TaxSubtotal>
            <cbc:TaxableAmount currencyID="BOV">1.00</cbc:TaxableAmount>
            <cbc:TaxAmount currencyID="BOV">0.00</cbc:TaxAmount>
            <cac:TaxCategory>
                <cbc:ID>E</cbc:ID>
                <cbc:Percent>0.00</cbc:Percent>
                <cbc:TaxExemptionReasonCode>$%()*</cbc:TaxExemptionReasonCode>
                <cbc:TaxExemptionReason>$%()*</cbc:TaxExemptionReason>
                <cac:TaxScheme>
                    <cbc:ID>VAT</cbc:ID>
                </cac:TaxScheme>
            </cac:TaxCategory>
        </cac:TaxSubtotal>
    </cac:TaxTotal>
    <cac:LegalMonetaryTotal>
        <cbc:LineExtensionAmount currencyID="BOV">4.00</cbc:LineExtensionAmount>
        <cbc:TaxExclusiveAmount currencyID="BOV">4.00</cbc:TaxExclusiveAmount>
        <cbc:TaxInclusiveAmount currencyID="BOV">4.45</cbc:TaxInclusiveAmount>
        <cbc:AllowanceTotalAmount currencyID="BOV">10.00</cbc:AllowanceTotalAmount>
        <cbc:ChargeTotalAmount currencyID="BOV">10.00</cbc:ChargeTotalAmount>
        <cbc:PayableAmount currencyID="BOV">4.45</cbc:PayableAmount>
    </cac:LegalMonetaryTotal>
    <cac:CreditNoteLine>
        <cbc:ID>1$%()*</cbc:ID>
        <cbc:CreditedQuantity unitCode="C62">-0123456789012.012</cbc:CreditedQuantity><!--AQUI-->
        <cbc:LineExtensionAmount currencyID="BOV">-1.00</cbc:LineExtensionAmount>
        <cac:InvoicePeriod>
            <cbc:EndDate>2019-02-28</cbc:EndDate>
        </cac:InvoicePeriod>
        <cac:OrderLineReference>
            <cbc:LineID>$%()*</cbc:LineID>
        </cac:OrderLineReference>
        <cac:DocumentReference>
            <cbc:ID>$%()*</cbc:ID>
        </cac:DocumentReference>
        <cac:AllowanceCharge>
            <cbc:ChargeIndicator>false</cbc:ChargeIndicator>
            <cbc:AllowanceChargeReasonCode>41</cbc:AllowanceChargeReasonCode>
            <cbc:Amount currencyID="BOV">0123456789012.01</cbc:Amount><!--AQUI-->
        </cac:AllowanceCharge>
        <cac:AllowanceCharge>
            <cbc:ChargeIndicator>true</cbc:ChargeIndicator>
            <cbc:AllowanceChargeReasonCode>ABA</cbc:AllowanceChargeReasonCode>
            <cbc:Amount currencyID="BOV">0123456789012.01</cbc:Amount><!--AQUI-->
        </cac:AllowanceCharge>
        <cac:Item>
            <cbc:Name>$%()*</cbc:Name>
            <cac:BuyersItemIdentification>
                <cbc:ID>$%()*</cbc:ID>
            </cac:BuyersItemIdentification>
            <cac:SellersItemIdentification>
                <cbc:ID>$%()*</cbc:ID>
            </cac:SellersItemIdentification>
            <cac:StandardItemIdentification>
                <cbc:ID schemeID="0007">$%()*</cbc:ID>
            </cac:StandardItemIdentification>
            <cac:OriginCountry>
                <cbc:IdentificationCode>GG</cbc:IdentificationCode>
            </cac:OriginCountry>
            <cac:CommodityClassification>
                <cbc:ItemClassificationCode listID="AQ">$%()*</cbc:ItemClassificationCode>
            </cac:CommodityClassification>
            <cac:ClassifiedTaxCategory>
                <cbc:ID>AA</cbc:ID>
                <cbc:Percent>6.00</cbc:Percent>
                <cac:TaxScheme>
                    <cbc:ID>VAT</cbc:ID>
                </cac:TaxScheme>
            </cac:ClassifiedTaxCategory>
            <cac:AdditionalItemProperty>
                <cbc:Name>$%()*</cbc:Name>
                <cbc:Value>$%()*</cbc:Value>
            </cac:AdditionalItemProperty>
        </cac:Item>
        <cac:Price>
            <cbc:PriceAmount currencyID="BOV">0123456789012.01234567</cbc:PriceAmount><!--AQUI-->
            <cac:AllowanceCharge>
                <cbc:ChargeIndicator>false</cbc:ChargeIndicator>
                <cbc:Amount currencyID="BOV">0123456789012.01234567</cbc:Amount><!--AQUI-->
            </cac:AllowanceCharge>
        </cac:Price>
    </cac:CreditNoteLine>
    <cac:CreditNoteLine>
        <cbc:ID>2$%()*</cbc:ID>
        <cbc:CreditedQuantity unitCode="C62">-0123456789012.012</cbc:CreditedQuantity><!--AQUI-->
        <cbc:LineExtensionAmount currencyID="BOV">-2.00</cbc:LineExtensionAmount>
        <cac:InvoicePeriod>
            <cbc:EndDate>2019-02-28</cbc:EndDate>
        </cac:InvoicePeriod>
        <cac:OrderLineReference>
            <cbc:LineID>$%()*</cbc:LineID>
        </cac:OrderLineReference>
        <cac:DocumentReference>
            <cbc:ID>$%()*</cbc:ID>
        </cac:DocumentReference>
        <cac:AllowanceCharge>
            <cbc:ChargeIndicator>false</cbc:ChargeIndicator>
            <cbc:AllowanceChargeReasonCode>41</cbc:AllowanceChargeReasonCode>
            <cbc:Amount currencyID="BOV">0123456789012.01</cbc:Amount><!--AQUI-->
        </cac:AllowanceCharge>
        <cac:AllowanceCharge>
            <cbc:ChargeIndicator>true</cbc:ChargeIndicator>
            <cbc:AllowanceChargeReasonCode>ABA</cbc:AllowanceChargeReasonCode>
            <cbc:Amount currencyID="BOV">0123456789012.01</cbc:Amount><!--AQUI-->
        </cac:AllowanceCharge>
        <cac:Item>
            <cbc:Name>$%()*</cbc:Name>
            <cac:BuyersItemIdentification>
                <cbc:ID>$%()*</cbc:ID>
            </cac:BuyersItemIdentification>
            <cac:SellersItemIdentification>
                <cbc:ID>$%()*</cbc:ID>
            </cac:SellersItemIdentification>
            <cac:StandardItemIdentification>
                <cbc:ID schemeID="0007">$%()*</cbc:ID>
            </cac:StandardItemIdentification>
            <cac:OriginCountry>
                <cbc:IdentificationCode>GG</cbc:IdentificationCode>
            </cac:OriginCountry>
            <cac:CommodityClassification>
                <cbc:ItemClassificationCode listID="AQ">$%()*</cbc:ItemClassificationCode>
            </cac:CommodityClassification>
            <cac:ClassifiedTaxCategory>
                <cbc:ID>S</cbc:ID>
                <cbc:Percent>13.00</cbc:Percent>
                <cac:TaxScheme>
                    <cbc:ID>VAT</cbc:ID>
                </cac:TaxScheme>
            </cac:ClassifiedTaxCategory>
            <cac:AdditionalItemProperty>
                <cbc:Name>$%()*</cbc:Name>
                <cbc:Value>$%()*</cbc:Value>
            </cac:AdditionalItemProperty>
        </cac:Item>
        <cac:Price>
            <cbc:PriceAmount currencyID="BOV">0123456789012.01234567</cbc:PriceAmount><!--AQUI-->
            <cac:AllowanceCharge>
                <cbc:ChargeIndicator>false</cbc:ChargeIndicator>
                <cbc:Amount currencyID="BOV">0123456789012.01234567</cbc:Amount><!--AQUI-->
            </cac:AllowanceCharge>
        </cac:Price>
    </cac:CreditNoteLine>
    <cac:CreditNoteLine>
        <cbc:ID>3$%()*</cbc:ID>
        <cbc:CreditedQuantity unitCode="C62">-0123456789012.012</cbc:CreditedQuantity><!--AQUI-->
        <cbc:LineExtensionAmount currencyID="BOV">3.00</cbc:LineExtensionAmount>
        <cac:InvoicePeriod>
            <cbc:EndDate>2019-02-28</cbc:EndDate>
        </cac:InvoicePeriod>
        <cac:OrderLineReference>
            <cbc:LineID>$%()*</cbc:LineID>
        </cac:OrderLineReference>
        <cac:DocumentReference>
            <cbc:ID>$%()*</cbc:ID>
        </cac:DocumentReference>
        <cac:AllowanceCharge>
            <cbc:ChargeIndicator>false</cbc:ChargeIndicator>
            <cbc:AllowanceChargeReasonCode>41</cbc:AllowanceChargeReasonCode>
            <cbc:Amount currencyID="BOV">0123456789012.01</cbc:Amount><!--AQUI-->
        </cac:AllowanceCharge>
        <cac:AllowanceCharge>
            <cbc:ChargeIndicator>true</cbc:ChargeIndicator>
            <cbc:AllowanceChargeReasonCode>ABA</cbc:AllowanceChargeReasonCode>
            <cbc:Amount currencyID="BOV">0123456789012.01</cbc:Amount><!--AQUI-->
        </cac:AllowanceCharge>
        <cac:Item>
            <cbc:Name>$%()*</cbc:Name>
            <cac:BuyersItemIdentification>
                <cbc:ID>$%()*</cbc:ID>
            </cac:BuyersItemIdentification>
            <cac:SellersItemIdentification>
                <cbc:ID>$%()*</cbc:ID>
            </cac:SellersItemIdentification>
            <cac:StandardItemIdentification>
                <cbc:ID schemeID="0007">$%()*</cbc:ID>
            </cac:StandardItemIdentification>
            <cac:OriginCountry>
                <cbc:IdentificationCode>GG</cbc:IdentificationCode>
            </cac:OriginCountry>
            <cac:CommodityClassification>
                <cbc:ItemClassificationCode listID="AQ">$%()*</cbc:ItemClassificationCode>
            </cac:CommodityClassification>
            <cac:ClassifiedTaxCategory>
                <cbc:ID>S</cbc:ID>
                <cbc:Percent>23.00</cbc:Percent>
                <cac:TaxScheme>
                    <cbc:ID>VAT</cbc:ID>
                </cac:TaxScheme>
            </cac:ClassifiedTaxCategory>
            <cac:AdditionalItemProperty>
                <cbc:Name>$%()*</cbc:Name>
                <cbc:Value>$%()*</cbc:Value>
            </cac:AdditionalItemProperty>
        </cac:Item>
        <cac:Price>
            <cbc:PriceAmount currencyID="BOV">0123456789012.01234567</cbc:PriceAmount><!--AQUI-->
            <cac:AllowanceCharge>
                <cbc:ChargeIndicator>false</cbc:ChargeIndicator>
                <cbc:Amount currencyID="BOV">0123456789012.01234567</cbc:Amount><!--AQUI-->
            </cac:AllowanceCharge>
        </cac:Price>
    </cac:CreditNoteLine>
    <cac:CreditNoteLine>
        <cbc:ID>4$%()*</cbc:ID>
        <cbc:CreditedQuantity unitCode="C62">-0123456789012.012</cbc:CreditedQuantity><!--AQUI-->
        <cbc:LineExtensionAmount currencyID="BOV">4.00</cbc:LineExtensionAmount>
        <cac:InvoicePeriod>
            <cbc:EndDate>2019-02-28</cbc:EndDate>
        </cac:InvoicePeriod>
        <cac:OrderLineReference>
            <cbc:LineID>$%()*</cbc:LineID>
        </cac:OrderLineReference>
        <cac:DocumentReference>
            <cbc:ID>$%()*</cbc:ID>
        </cac:DocumentReference>
        <cac:AllowanceCharge>
            <cbc:ChargeIndicator>false</cbc:ChargeIndicator>
            <cbc:AllowanceChargeReasonCode>41</cbc:AllowanceChargeReasonCode>
            <cbc:Amount currencyID="BOV">0123456789012.01</cbc:Amount><!--AQUI-->
        </cac:AllowanceCharge>
        <cac:AllowanceCharge>
            <cbc:ChargeIndicator>true</cbc:ChargeIndicator>
            <cbc:AllowanceChargeReasonCode>ABA</cbc:AllowanceChargeReasonCode>
            <cbc:Amount currencyID="BOV">0123456789012.01</cbc:Amount><!--AQUI-->
        </cac:AllowanceCharge>
        <cac:Item>
            <cbc:Name>$%()*</cbc:Name>
            <cac:BuyersItemIdentification>
                <cbc:ID>$%()*</cbc:ID>
            </cac:BuyersItemIdentification>
            <cac:SellersItemIdentification>
                <cbc:ID>$%()*</cbc:ID>
            </cac:SellersItemIdentification>
            <cac:StandardItemIdentification>
                <cbc:ID schemeID="0007">$%()*</cbc:ID>
            </cac:StandardItemIdentification>
            <cac:OriginCountry>
                <cbc:IdentificationCode>GG</cbc:IdentificationCode>
            </cac:OriginCountry>
            <cac:CommodityClassification>
                <cbc:ItemClassificationCode listID="AQ">$%()*</cbc:ItemClassificationCode>
            </cac:CommodityClassification>
            <cac:ClassifiedTaxCategory>
                <cbc:ID>E</cbc:ID>
                <cbc:Percent>0.00</cbc:Percent>
                <cac:TaxScheme>
                    <cbc:ID>VAT</cbc:ID>
                </cac:TaxScheme>
            </cac:ClassifiedTaxCategory>
            <cac:AdditionalItemProperty>
                <cbc:Name>$%()*</cbc:Name>
                <cbc:Value>$%()*</cbc:Value>
            </cac:AdditionalItemProperty>
            <cac:AdditionalItemProperty>
                <cbc:Name>#TAXEXEMPTIONREASONCODE@CLASSIFIEDTAXCATEGORY#</cbc:Name>
                <cbc:Value>$%()*</cbc:Value>
            </cac:AdditionalItemProperty>
            <cac:AdditionalItemProperty>
                <cbc:Name>#TAXEXEMPTIONREASON@CLASSIFIEDTAXCATEGORY#</cbc:Name>
                <cbc:Value>$%()*</cbc:Value>
            </cac:AdditionalItemProperty>
        </cac:Item>
        <cac:Price>
            <cbc:PriceAmount currencyID="BOV">0123456789012.01234567</cbc:PriceAmount><!--AQUI-->
            <cac:AllowanceCharge>
                <cbc:ChargeIndicator>false</cbc:ChargeIndicator>
                <cbc:Amount currencyID="BOV">0123456789012.01234567</cbc:Amount><!--AQUI-->
            </cac:AllowanceCharge>
        </cac:Price>
    </cac:CreditNoteLine>
</CreditNote>