<?xml version="1.0" encoding="UTF-8"?>
<ApplicationResponse xmlns="urn:oasis:names:specification:ubl:schema:xsd:ApplicationResponse-2"
                     xmlns:cac="urn:oasis:names:specification:ubl:schema:xsd:CommonAggregateComponents-2"
                     xmlns:cbc="urn:oasis:names:specification:ubl:schema:xsd:CommonBasicComponents-2">
    <cbc:CustomizationID>urn:fdc:peppol.eu:poacc:trns:mlr:3</cbc:CustomizationID>
    <cbc:ProfileID>urn:fdc:peppol.eu:poacc:bis:mlr:3</cbc:ProfileID>
    <cbc:ID>TheMLR-ID123</cbc:ID>
    <cbc:IssueDate>2016-08-15</cbc:IssueDate>
    <cac:SenderParty>
        <cbc:EndpointID schemeID="0192">987654325</cbc:EndpointID>
    </cac:SenderParty>
    <cac:ReceiverParty>
        <cbc:EndpointID schemeID="0088">7315458756328</cbc:EndpointID>
    </cac:ReceiverParty>
    <cac:DocumentResponse>
        <!-- tag::reject[] -->
        <cac:Response>
            <cbc:ResponseCode>RE</cbc:ResponseCode>
            <cbc:Description>The document was rejected because it failed validation</cbc:Description>
        </cac:Response>
        <!-- end::reject[] -->
        <cac:DocumentReference>
            <!-- The SBDH envelope ID of the source message -->
            <cbc:ID>EnvelopeID-12456789</cbc:ID>
        </cac:DocumentReference>
        <!-- tag::line-response[] -->
        <cac:LineResponse>
            <cac:LineReference>
                <cbc:LineID>NA</cbc:LineID>
            </cac:LineReference>
            <cac:Response>
                <cbc:Description>Invoice tax exclusive amount MUST equal the sum of lines plus allowances and charges on header level</cbc:Description>
                <cac:Status>
                    <cbc:StatusReasonCode>BV</cbc:StatusReasonCode>
                </cac:Status>
            </cac:Response>
        </cac:LineResponse>
        <!-- end::line-response[] -->
        <cac:LineResponse>
            <cac:LineReference>
                <!-- LineID is a mandatory field and the constant "NA" means "not applicable" meaning that
                     no line ID is available. -->
                <cbc:LineID>Invoice/cac:TaxTotal/cac:TaxSubtotal/</cbc:LineID>
            </cac:LineReference>
            <cac:Response>
                <!-- The human readable response text -->
                <cbc:Description>Document level amounts cannot have more than 2 decimals</cbc:Description>
                <cac:Status>
                    <!-- Must be one of "SV" (syntax violation),
                         "RVF" (rule violation fatal) or
                         "RVW" (rule violation warning) -->
                    <cbc:StatusReasonCode>BV</cbc:StatusReasonCode>
                </cac:Status>
            </cac:Response>
        </cac:LineResponse>
    </cac:DocumentResponse>
</ApplicationResponse>
