<?xml version="1.0" encoding="UTF-8"?>
<CreditNote xmlns:cac="urn:oasis:names:specification:ubl:schema:xsd:CommonAggregateComponents-2"
            xmlns:cbc="urn:oasis:names:specification:ubl:schema:xsd:CommonBasicComponents-2"
            xmlns="urn:oasis:names:specification:ubl:schema:xsd:CreditNote-2">
    <cbc:UBLVersionID>2.1</cbc:UBLVersionID>
    <cbc:CustomizationID>urn:fdc:oioubl.dk:trns:billing:creditnote:3.0</cbc:CustomizationID>
    <cbc:ProfileID>urn:fdc:oioubl.dk:bis:billing_with_response:3</cbc:ProfileID>
    <cbc:ID>202400095679</cbc:ID>
    <cbc:CopyIndicator>false</cbc:CopyIndicator>
    <cbc:UUID>9756b53a-8815-1029-857a-e388fe63f399</cbc:UUID>
    <cbc:IssueDate>2024-05-20</cbc:IssueDate>
    <cbc:IssueTime>12:35:00</cbc:IssueTime>
    <cbc:CreditNoteTypeCode>381</cbc:CreditNoteTypeCode>
    <cbc:DocumentCurrencyCode>DKK</cbc:DocumentCurrencyCode>
    <cbc:AccountingCost>5250124502</cbc:AccountingCost>
    <cbc:BuyerReference>9000001234</cbc:BuyerReference>
    <cac:InvoicePeriod>
        <cbc:StartDate>2018-03-01</cbc:StartDate>
        <cbc:EndDate>2018-03-31</cbc:EndDate>
    </cac:InvoicePeriod>
    <cac:OrderReference>
        <cbc:ID>5002701</cbc:ID>
        <cbc:IssueDate>2024-05-01</cbc:IssueDate>
    </cac:OrderReference>
    <cac:BillingReference>
        <cac:InvoiceDocumentReference>
            <cbc:ID>202400095678</cbc:ID>
            <cbc:IssueDate>2024-05-20</cbc:IssueDate>
        </cac:InvoiceDocumentReference>
    </cac:BillingReference>
    <cac:AccountingSupplierParty>
        <cac:Party>
            <cbc:EndpointID schemeID="0184">16356706</cbc:EndpointID>
            <cac:PartyIdentification>
                <cbc:ID schemeID="0184">16356706</cbc:ID>
            </cac:PartyIdentification>
            <cac:PartyName>
                <cbc:Name>Supplier A/S</cbc:Name>
            </cac:PartyName>
            <cac:PostalAddress>
                <cbc:StreetName>Leverandørvej</cbc:StreetName>
                <cbc:BuildingNumber>11</cbc:BuildingNumber>
                <cbc:CityName>Dyssegård</cbc:CityName>
                <cbc:PostalZone>2870</cbc:PostalZone>
                <cac:Country>
                    <cbc:IdentificationCode>DK</cbc:IdentificationCode>
                </cac:Country>
            </cac:PostalAddress>
            <cac:PartyTaxScheme>
                <cbc:CompanyID schemeID="0198">DK16356706</cbc:CompanyID>
                <cac:TaxScheme>
                    <cbc:ID>VAT</cbc:ID>
                </cac:TaxScheme>
            </cac:PartyTaxScheme>
            <cac:PartyLegalEntity>
                <cbc:RegistrationName>Supplier A/S</cbc:RegistrationName>
                <cbc:CompanyID schemeID="0184">16356706</cbc:CompanyID>
            </cac:PartyLegalEntity>
            <cac:Contact>
                <cbc:ID>23456</cbc:ID>
                <cbc:Name>Hugo Jensen</cbc:Name>
                <cbc:Telephone>+4515812337</cbc:Telephone>
                <cbc:ElectronicMail>Hugo@tavl.dk</cbc:ElectronicMail>
            </cac:Contact>
        </cac:Party>
    </cac:AccountingSupplierParty>
    <cac:AccountingCustomerParty>
        <cac:Party>
            <cbc:EndpointID schemeID="0088">5798009811578</cbc:EndpointID>
            <cac:PartyIdentification>
                <cbc:ID schemeID="0088">5798009811578</cbc:ID>
            </cac:PartyIdentification>
            <cac:PartyName>
                <cbc:Name>Customer A/S</cbc:Name>
            </cac:PartyName>
            <cac:PostalAddress>
                <cbc:StreetName>Fredericiavej</cbc:StreetName>
                <cbc:BuildingNumber>10</cbc:BuildingNumber>
                <cbc:CityName>Helsingør</cbc:CityName>
                <cbc:PostalZone>3000</cbc:PostalZone>
                <cac:Country>
                    <cbc:IdentificationCode>DK</cbc:IdentificationCode>
                </cac:Country>
            </cac:PostalAddress>
            <cac:PartyTaxScheme>
                <cbc:CompanyID schemeID="0198">DK12345678</cbc:CompanyID>
                <cac:TaxScheme>
                    <cbc:ID>VAT</cbc:ID>
                </cac:TaxScheme>
            </cac:PartyTaxScheme>
            <cac:PartyLegalEntity>
                <cbc:RegistrationName>Customer A A/S</cbc:RegistrationName>
                <cbc:CompanyID schemeID="0184">12345678</cbc:CompanyID>
            </cac:PartyLegalEntity>
            <cac:Contact>
                <cbc:ID>7778</cbc:ID>
                <cbc:Name>Hans Hansen</cbc:Name>
                <cbc:Telephone>004526532147</cbc:Telephone>
                <cbc:ElectronicMail>Hans@dls.dk</cbc:ElectronicMail>
            </cac:Contact>
        </cac:Party>
    </cac:AccountingCustomerParty>
    <cac:TaxTotal>
        <cbc:TaxAmount currencyID="DKK">1262.50</cbc:TaxAmount>
        <cac:TaxSubtotal>
            <cbc:TaxableAmount currencyID="DKK">5050.00</cbc:TaxableAmount>
            <cbc:TaxAmount currencyID="DKK">1262.50</cbc:TaxAmount>
            <cac:TaxCategory>
                <cbc:ID>S</cbc:ID>
                <cbc:Percent>25</cbc:Percent>
                <cac:TaxScheme>
                    <cbc:ID>VAT</cbc:ID>
                </cac:TaxScheme>
            </cac:TaxCategory>
        </cac:TaxSubtotal>
    </cac:TaxTotal>
    <cac:LegalMonetaryTotal>
        <cbc:LineExtensionAmount currencyID="DKK">5050.00</cbc:LineExtensionAmount>
        <cbc:TaxExclusiveAmount currencyID="DKK">5050.00</cbc:TaxExclusiveAmount>
        <cbc:TaxInclusiveAmount currencyID="DKK">6312.50</cbc:TaxInclusiveAmount>
        <cbc:PayableAmount currencyID="DKK">6312.50</cbc:PayableAmount>
    </cac:LegalMonetaryTotal>

    <cac:CreditNoteLine>
        <cbc:ID>1</cbc:ID>
        <cbc:CreditedQuantity unitCode="EA">1.00</cbc:CreditedQuantity>
        <cbc:LineExtensionAmount currencyID="DKK">5000.00</cbc:LineExtensionAmount>
        <cac:TaxTotal>
            <cbc:TaxAmount currencyID="DKK">1250.00</cbc:TaxAmount>
            <cac:TaxSubtotal>
                <cbc:TaxableAmount currencyID="DKK">5000.00</cbc:TaxableAmount>
                <cbc:TaxAmount currencyID="DKK">1250.00</cbc:TaxAmount>
                <cac:TaxCategory>
                    <cbc:ID>S</cbc:ID>
                    <cbc:Percent>25</cbc:Percent>
                    <cac:TaxScheme>
                        <cbc:ID>VAT</cbc:ID>
                    </cac:TaxScheme>
                </cac:TaxCategory>
            </cac:TaxSubtotal>
        </cac:TaxTotal>
        <cac:Item>
            <cbc:Description>Hejsetavle</cbc:Description>
            <cbc:Name>Hejsetavle</cbc:Name>
            <cac:SellersItemIdentification>
                <cbc:ID schemeID="0160">5712345780121</cbc:ID>
            </cac:SellersItemIdentification>
            <cac:ClassifiedTaxCategory>
                <cbc:ID>S</cbc:ID>
                <cbc:Percent>25</cbc:Percent>
                <cac:TaxScheme>
                    <cbc:ID>VAT</cbc:ID>
                </cac:TaxScheme>
            </cac:ClassifiedTaxCategory>
        </cac:Item>
        <cac:Price>
            <cbc:PriceAmount currencyID="DKK">5000.00</cbc:PriceAmount>
            <cbc:BaseQuantity unitCode="EA">1</cbc:BaseQuantity>
        </cac:Price>
    </cac:CreditNoteLine>
    <cac:CreditNoteLine>
        <cbc:ID>2</cbc:ID>
        <cbc:CreditedQuantity unitCode="EA">2.00</cbc:CreditedQuantity>
        <cbc:LineExtensionAmount currencyID="DKK">50.00</cbc:LineExtensionAmount>
        <cac:TaxTotal>
            <cbc:TaxAmount currencyID="DKK">12.50</cbc:TaxAmount>
            <cac:TaxSubtotal>
                <cbc:TaxableAmount currencyID="DKK">50.00</cbc:TaxableAmount>
                <cbc:TaxAmount currencyID="DKK">12.50</cbc:TaxAmount>
                <cac:TaxCategory>
                    <cbc:ID>S</cbc:ID>
                    <cbc:Percent>25</cbc:Percent>
                    <cac:TaxScheme>
                        <cbc:ID>VAT</cbc:ID>
                    </cac:TaxScheme>
                </cac:TaxCategory>
            </cac:TaxSubtotal>
        </cac:TaxTotal>
        <cac:Item>
            <cbc:Description>Beslag</cbc:Description>
            <cbc:Name>Beslag</cbc:Name>
            <cac:SellersItemIdentification>
                <cbc:ID schemeID="0160">5712345780111</cbc:ID>
            </cac:SellersItemIdentification>
            <cac:ClassifiedTaxCategory>
                <cbc:ID>S</cbc:ID>
                <cbc:Percent>25</cbc:Percent>
                <cac:TaxScheme>
                    <cbc:ID>VAT</cbc:ID>
                </cac:TaxScheme>
            </cac:ClassifiedTaxCategory>
        </cac:Item>
        <cac:Price>
            <cbc:PriceAmount currencyID="DKK">25.00</cbc:PriceAmount>
            <cbc:BaseQuantity unitCode="EA">1</cbc:BaseQuantity>
        </cac:Price>
    </cac:CreditNoteLine>
</CreditNote>
