<?xml version="1.0" encoding="UTF-8"?>
<codedb>
  <cl id="1">
    <enumeration value="80"/>
    <enumeration value="81"/>
    <enumeration value="82"/>
    <enumeration value="83"/>
    <enumeration value="84"/>
    <enumeration value="130"/>
    <enumeration value="202"/>
    <enumeration value="203"/>
    <enumeration value="204"/>
    <enumeration value="211"/>
    <enumeration value="261"/>
    <enumeration value="262"/>
    <enumeration value="295"/>
    <enumeration value="296"/>
    <enumeration value="308"/>
    <enumeration value="325"/>
    <enumeration value="326"/>
    <enumeration value="380"/>
    <enumeration value="381"/>
    <enumeration value="383"/>
    <enumeration value="384"/>
    <enumeration value="385"/>
    <enumeration value="386"/>
    <enumeration value="387"/>
    <enumeration value="388"/>
    <enumeration value="389"/>
    <enumeration value="390"/>
    <enumeration value="393"/>
    <enumeration value="394"/>
    <enumeration value="395"/>
    <enumeration value="396"/>
    <enumeration value="420"/>
    <enumeration value="456"/>
    <enumeration value="457"/>
    <enumeration value="458"/>
    <enumeration value="527"/>
    <enumeration value="575"/>
    <enumeration value="623"/>
    <enumeration value="633"/>
    <enumeration value="751"/>
    <enumeration value="780"/>
    <enumeration value="875"/>
    <enumeration value="876"/>
    <enumeration value="877"/>
    <enumeration value="935"/>
  </cl>
  <cl id="2">
    <enumeration value="102"/>
  </cl>
  <cl id="3">
    <enumeration value="0002"/>
    <enumeration value="0003"/>
    <enumeration value="0004"/>
    <enumeration value="0005"/>
    <enumeration value="0006"/>
    <enumeration value="0007"/>
    <enumeration value="0008"/>
    <enumeration value="0009"/>
    <enumeration value="0010"/>
    <enumeration value="0011"/>
    <enumeration value="0012"/>
    <enumeration value="0013"/>
    <enumeration value="0014"/>
    <enumeration value="0015"/>
    <enumeration value="0016"/>
    <enumeration value="0017"/>
    <enumeration value="0018"/>
    <enumeration value="0019"/>
    <enumeration value="0020"/>
    <enumeration value="0021"/>
    <enumeration value="0022"/>
    <enumeration value="0023"/>
    <enumeration value="0024"/>
    <enumeration value="0025"/>
    <enumeration value="0026"/>
    <enumeration value="0027"/>
    <enumeration value="0028"/>
    <enumeration value="0029"/>
    <enumeration value="0030"/>
    <enumeration value="0031"/>
    <enumeration value="0032"/>
    <enumeration value="0033"/>
    <enumeration value="0034"/>
    <enumeration value="0035"/>
    <enumeration value="0036"/>
    <enumeration value="0037"/>
    <enumeration value="0038"/>
    <enumeration value="0039"/>
    <enumeration value="0040"/>
    <enumeration value="0041"/>
    <enumeration value="0042"/>
    <enumeration value="0043"/>
    <enumeration value="0044"/>
    <enumeration value="0045"/>
    <enumeration value="0046"/>
    <enumeration value="0047"/>
    <enumeration value="0048"/>
    <enumeration value="0049"/>
    <enumeration value="0050"/>
    <enumeration value="0051"/>
    <enumeration value="0052"/>
    <enumeration value="0053"/>
    <enumeration value="0054"/>
    <enumeration value="0055"/>
    <enumeration value="0056"/>
    <enumeration value="0057"/>
    <enumeration value="0058"/>
    <enumeration value="0059"/>
    <enumeration value="0060"/>
    <enumeration value="0061"/>
    <enumeration value="0062"/>
    <enumeration value="0063"/>
    <enumeration value="0064"/>
    <enumeration value="0065"/>
    <enumeration value="0066"/>
    <enumeration value="0067"/>
    <enumeration value="0068"/>
    <enumeration value="0069"/>
    <enumeration value="0070"/>
    <enumeration value="0071"/>
    <enumeration value="0072"/>
    <enumeration value="0073"/>
    <enumeration value="0074"/>
    <enumeration value="0075"/>
    <enumeration value="0076"/>
    <enumeration value="0077"/>
    <enumeration value="0078"/>
    <enumeration value="0079"/>
    <enumeration value="0080"/>
    <enumeration value="0081"/>
    <enumeration value="0082"/>
    <enumeration value="0083"/>
    <enumeration value="0084"/>
    <enumeration value="0085"/>
    <enumeration value="0086"/>
    <enumeration value="0087"/>
    <enumeration value="0088"/>
    <enumeration value="0089"/>
    <enumeration value="0090"/>
    <enumeration value="0091"/>
    <enumeration value="0093"/>
    <enumeration value="0094"/>
    <enumeration value="0095"/>
    <enumeration value="0096"/>
    <enumeration value="0097"/>
    <enumeration value="0098"/>
    <enumeration value="0099"/>
    <enumeration value="0100"/>
    <enumeration value="0101"/>
    <enumeration value="0102"/>
    <enumeration value="0104"/>
    <enumeration value="0105"/>
    <enumeration value="0106"/>
    <enumeration value="0107"/>
    <enumeration value="0108"/>
    <enumeration value="0109"/>
    <enumeration value="0110"/>
    <enumeration value="0111"/>
    <enumeration value="0112"/>
    <enumeration value="0113"/>
    <enumeration value="0114"/>
    <enumeration value="0115"/>
    <enumeration value="0116"/>
    <enumeration value="0117"/>
    <enumeration value="0118"/>
    <enumeration value="0119"/>
    <enumeration value="0120"/>
    <enumeration value="0121"/>
    <enumeration value="0122"/>
    <enumeration value="0123"/>
    <enumeration value="0124"/>
    <enumeration value="0125"/>
    <enumeration value="0126"/>
    <enumeration value="0127"/>
    <enumeration value="0128"/>
    <enumeration value="0129"/>
    <enumeration value="0130"/>
    <enumeration value="0131"/>
    <enumeration value="0132"/>
    <enumeration value="0133"/>
    <enumeration value="0134"/>
    <enumeration value="0135"/>
    <enumeration value="0136"/>
    <enumeration value="0137"/>
    <enumeration value="0138"/>
    <enumeration value="0139"/>
    <enumeration value="0140"/>
    <enumeration value="0141"/>
    <enumeration value="0142"/>
    <enumeration value="0143"/>
    <enumeration value="0144"/>
    <enumeration value="0145"/>
    <enumeration value="0146"/>
    <enumeration value="0147"/>
    <enumeration value="0148"/>
    <enumeration value="0149"/>
    <enumeration value="0150"/>
    <enumeration value="0151"/>
    <enumeration value="0152"/>
    <enumeration value="0153"/>
    <enumeration value="0154"/>
    <enumeration value="0155"/>
    <enumeration value="0156"/>
    <enumeration value="0157"/>
    <enumeration value="0158"/>
    <enumeration value="0159"/>
    <enumeration value="0160"/>
    <enumeration value="0161"/>
    <enumeration value="0162"/>
    <enumeration value="0163"/>
    <enumeration value="0164"/>
    <enumeration value="0165"/>
    <enumeration value="0166"/>
    <enumeration value="0167"/>
    <enumeration value="0168"/>
    <enumeration value="0169"/>
    <enumeration value="0170"/>
    <enumeration value="0171"/>
    <enumeration value="0172"/>
    <enumeration value="0173"/>
    <enumeration value="0174"/>
    <enumeration value="0175"/>
    <enumeration value="0176"/>
    <enumeration value="0177"/>
    <enumeration value="0178"/>
    <enumeration value="0179"/>
    <enumeration value="0180"/>
    <enumeration value="0183"/>
    <enumeration value="0184"/>
    <enumeration value="0185"/>
    <enumeration value="0186"/>
    <enumeration value="0187"/>
    <enumeration value="0188"/>
    <enumeration value="0189"/>
    <enumeration value="0190"/>
    <enumeration value="0191"/>
    <enumeration value="0192"/>
    <enumeration value="0193"/>
    <enumeration value="0194"/>
    <enumeration value="0195"/>
    <enumeration value="0196"/>
    <enumeration value="0197"/>
    <enumeration value="0198"/>
    <enumeration value="0199"/>
    <enumeration value="0200"/>
    <enumeration value="0201"/>
    <enumeration value="0202"/>
    <enumeration value="0203"/>
    <enumeration value="0204"/>
    <enumeration value="0205"/>
    <enumeration value="0206"/>
    <enumeration value="0207"/>
    <enumeration value="0208"/>
    <enumeration value="0209"/>
    <enumeration value="0210"/>
    <enumeration value="0211"/>
    <enumeration value="0212"/>
    <enumeration value="0213"/>
  </cl>
  <cl id="4">
    <enumeration value="FC"/>
    <enumeration value="VA"/>
  </cl>
  <cl id="5">
    <enumeration value="0002"/>
    <enumeration value="0003"/>
    <enumeration value="0004"/>
    <enumeration value="0005"/>
    <enumeration value="0006"/>
    <enumeration value="0007"/>
    <enumeration value="0008"/>
    <enumeration value="0009"/>
    <enumeration value="0010"/>
    <enumeration value="0011"/>
    <enumeration value="0012"/>
    <enumeration value="0013"/>
    <enumeration value="0014"/>
    <enumeration value="0015"/>
    <enumeration value="0016"/>
    <enumeration value="0017"/>
    <enumeration value="0018"/>
    <enumeration value="0019"/>
    <enumeration value="0020"/>
    <enumeration value="0021"/>
    <enumeration value="0022"/>
    <enumeration value="0023"/>
    <enumeration value="0024"/>
    <enumeration value="0025"/>
    <enumeration value="0026"/>
    <enumeration value="0027"/>
    <enumeration value="0028"/>
    <enumeration value="0029"/>
    <enumeration value="0030"/>
    <enumeration value="0031"/>
    <enumeration value="0032"/>
    <enumeration value="0033"/>
    <enumeration value="0034"/>
    <enumeration value="0035"/>
    <enumeration value="0036"/>
    <enumeration value="0037"/>
    <enumeration value="0038"/>
    <enumeration value="0039"/>
    <enumeration value="0040"/>
    <enumeration value="0041"/>
    <enumeration value="0042"/>
    <enumeration value="0043"/>
    <enumeration value="0044"/>
    <enumeration value="0045"/>
    <enumeration value="0046"/>
    <enumeration value="0047"/>
    <enumeration value="0048"/>
    <enumeration value="0049"/>
    <enumeration value="0050"/>
    <enumeration value="0051"/>
    <enumeration value="0052"/>
    <enumeration value="0053"/>
    <enumeration value="0054"/>
    <enumeration value="0055"/>
    <enumeration value="0056"/>
    <enumeration value="0057"/>
    <enumeration value="0058"/>
    <enumeration value="0059"/>
    <enumeration value="0060"/>
    <enumeration value="0061"/>
    <enumeration value="0062"/>
    <enumeration value="0063"/>
    <enumeration value="0064"/>
    <enumeration value="0065"/>
    <enumeration value="0066"/>
    <enumeration value="0067"/>
    <enumeration value="0068"/>
    <enumeration value="0069"/>
    <enumeration value="0070"/>
    <enumeration value="0071"/>
    <enumeration value="0072"/>
    <enumeration value="0073"/>
    <enumeration value="0074"/>
    <enumeration value="0075"/>
    <enumeration value="0076"/>
    <enumeration value="0077"/>
    <enumeration value="0078"/>
    <enumeration value="0079"/>
    <enumeration value="0080"/>
    <enumeration value="0081"/>
    <enumeration value="0082"/>
    <enumeration value="0083"/>
    <enumeration value="0084"/>
    <enumeration value="0085"/>
    <enumeration value="0086"/>
    <enumeration value="0087"/>
    <enumeration value="0088"/>
    <enumeration value="0089"/>
    <enumeration value="0090"/>
    <enumeration value="0091"/>
    <enumeration value="0093"/>
    <enumeration value="0094"/>
    <enumeration value="0095"/>
    <enumeration value="0096"/>
    <enumeration value="0097"/>
    <enumeration value="0098"/>
    <enumeration value="0099"/>
    <enumeration value="0100"/>
    <enumeration value="0101"/>
    <enumeration value="0102"/>
    <enumeration value="0104"/>
    <enumeration value="0105"/>
    <enumeration value="0106"/>
    <enumeration value="0107"/>
    <enumeration value="0108"/>
    <enumeration value="0109"/>
    <enumeration value="0110"/>
    <enumeration value="0111"/>
    <enumeration value="0112"/>
    <enumeration value="0113"/>
    <enumeration value="0114"/>
    <enumeration value="0115"/>
    <enumeration value="0116"/>
    <enumeration value="0117"/>
    <enumeration value="0118"/>
    <enumeration value="0119"/>
    <enumeration value="0120"/>
    <enumeration value="0121"/>
    <enumeration value="0122"/>
    <enumeration value="0123"/>
    <enumeration value="0124"/>
    <enumeration value="0125"/>
    <enumeration value="0126"/>
    <enumeration value="0127"/>
    <enumeration value="0128"/>
    <enumeration value="0129"/>
    <enumeration value="0130"/>
    <enumeration value="0131"/>
    <enumeration value="0132"/>
    <enumeration value="0133"/>
    <enumeration value="0134"/>
    <enumeration value="0135"/>
    <enumeration value="0136"/>
    <enumeration value="0137"/>
    <enumeration value="0138"/>
    <enumeration value="0139"/>
    <enumeration value="0140"/>
    <enumeration value="0141"/>
    <enumeration value="0142"/>
    <enumeration value="0143"/>
    <enumeration value="0144"/>
    <enumeration value="0145"/>
    <enumeration value="0146"/>
    <enumeration value="0147"/>
    <enumeration value="0148"/>
    <enumeration value="0149"/>
    <enumeration value="0150"/>
    <enumeration value="0151"/>
    <enumeration value="0152"/>
    <enumeration value="0153"/>
    <enumeration value="0154"/>
    <enumeration value="0155"/>
    <enumeration value="0156"/>
    <enumeration value="0157"/>
    <enumeration value="0158"/>
    <enumeration value="0159"/>
    <enumeration value="0160"/>
    <enumeration value="0161"/>
    <enumeration value="0162"/>
    <enumeration value="0163"/>
    <enumeration value="0164"/>
    <enumeration value="0165"/>
    <enumeration value="0166"/>
    <enumeration value="0167"/>
    <enumeration value="0168"/>
    <enumeration value="0169"/>
    <enumeration value="0170"/>
    <enumeration value="0171"/>
    <enumeration value="0172"/>
    <enumeration value="0173"/>
    <enumeration value="0174"/>
    <enumeration value="0175"/>
    <enumeration value="0176"/>
    <enumeration value="0177"/>
    <enumeration value="0178"/>
    <enumeration value="0179"/>
    <enumeration value="0180"/>
    <enumeration value="0183"/>
    <enumeration value="0184"/>
    <enumeration value="0185"/>
    <enumeration value="0186"/>
    <enumeration value="0187"/>
    <enumeration value="0188"/>
    <enumeration value="0189"/>
    <enumeration value="0190"/>
    <enumeration value="0191"/>
    <enumeration value="0192"/>
    <enumeration value="0193"/>
    <enumeration value="0194"/>
    <enumeration value="0195"/>
    <enumeration value="0196"/>
    <enumeration value="0197"/>
    <enumeration value="0198"/>
    <enumeration value="0199"/>
    <enumeration value="0200"/>
    <enumeration value="0201"/>
    <enumeration value="0202"/>
    <enumeration value="0203"/>
    <enumeration value="0204"/>
    <enumeration value="0205"/>
    <enumeration value="0206"/>
    <enumeration value="0207"/>
    <enumeration value="0208"/>
    <enumeration value="0209"/>
    <enumeration value="0210"/>
    <enumeration value="0211"/>
    <enumeration value="0212"/>
    <enumeration value="0213"/>
  </cl>
  <cl id="6">
    <enumeration value="AED"/>
    <enumeration value="AFN"/>
    <enumeration value="ALL"/>
    <enumeration value="AMD"/>
    <enumeration value="ANG"/>
    <enumeration value="AOA"/>
    <enumeration value="ARS"/>
    <enumeration value="AUD"/>
    <enumeration value="AWG"/>
    <enumeration value="AZN"/>
    <enumeration value="BAM"/>
    <enumeration value="BBD"/>
    <enumeration value="BDT"/>
    <enumeration value="BGN"/>
    <enumeration value="BHD"/>
    <enumeration value="BIF"/>
    <enumeration value="BMD"/>
    <enumeration value="BND"/>
    <enumeration value="BOB"/>
    <enumeration value="BOV"/>
    <enumeration value="BRL"/>
    <enumeration value="BSD"/>
    <enumeration value="BTN"/>
    <enumeration value="BWP"/>
    <enumeration value="BYN"/>
    <enumeration value="BZD"/>
    <enumeration value="CAD"/>
    <enumeration value="CDF"/>
    <enumeration value="CHE"/>
    <enumeration value="CHF"/>
    <enumeration value="CHW"/>
    <enumeration value="CLF"/>
    <enumeration value="CLP"/>
    <enumeration value="CNY"/>
    <enumeration value="COP"/>
    <enumeration value="COU"/>
    <enumeration value="CRC"/>
    <enumeration value="CUC"/>
    <enumeration value="CUP"/>
    <enumeration value="CVE"/>
    <enumeration value="CZK"/>
    <enumeration value="DJF"/>
    <enumeration value="DKK"/>
    <enumeration value="DOP"/>
    <enumeration value="DZD"/>
    <enumeration value="EGP"/>
    <enumeration value="ERN"/>
    <enumeration value="ETB"/>
    <enumeration value="EUR"/>
    <enumeration value="FJD"/>
    <enumeration value="FKP"/>
    <enumeration value="GBP"/>
    <enumeration value="GEL"/>
    <enumeration value="GHS"/>
    <enumeration value="GIP"/>
    <enumeration value="GMD"/>
    <enumeration value="GNF"/>
    <enumeration value="GTQ"/>
    <enumeration value="GYD"/>
    <enumeration value="HKD"/>
    <enumeration value="HNL"/>
    <enumeration value="HRK"/>
    <enumeration value="HTG"/>
    <enumeration value="HUF"/>
    <enumeration value="IDR"/>
    <enumeration value="ILS"/>
    <enumeration value="INR"/>
    <enumeration value="IQD"/>
    <enumeration value="IRR"/>
    <enumeration value="ISK"/>
    <enumeration value="JMD"/>
    <enumeration value="JOD"/>
    <enumeration value="JPY"/>
    <enumeration value="KES"/>
    <enumeration value="KGS"/>
    <enumeration value="KHR"/>
    <enumeration value="KMF"/>
    <enumeration value="KPW"/>
    <enumeration value="KRW"/>
    <enumeration value="KWD"/>
    <enumeration value="KYD"/>
    <enumeration value="KZT"/>
    <enumeration value="LAK"/>
    <enumeration value="LBP"/>
    <enumeration value="LKR"/>
    <enumeration value="LRD"/>
    <enumeration value="LSL"/>
    <enumeration value="LYD"/>
    <enumeration value="MAD"/>
    <enumeration value="MDL"/>
    <enumeration value="MGA"/>
    <enumeration value="MKD"/>
    <enumeration value="MMK"/>
    <enumeration value="MNT"/>
    <enumeration value="MOP"/>
    <enumeration value="MRU"/>
    <enumeration value="MUR"/>
    <enumeration value="MVR"/>
    <enumeration value="MWK"/>
    <enumeration value="MXN"/>
    <enumeration value="MXV"/>
    <enumeration value="MYR"/>
    <enumeration value="MZN"/>
    <enumeration value="NAD"/>
    <enumeration value="NGN"/>
    <enumeration value="NIO"/>
    <enumeration value="NOK"/>
    <enumeration value="NPR"/>
    <enumeration value="NZD"/>
    <enumeration value="OMR"/>
    <enumeration value="PAB"/>
    <enumeration value="PEN"/>
    <enumeration value="PGK"/>
    <enumeration value="PHP"/>
    <enumeration value="PKR"/>
    <enumeration value="PLN"/>
    <enumeration value="PYG"/>
    <enumeration value="QAR"/>
    <enumeration value="RON"/>
    <enumeration value="RSD"/>
    <enumeration value="RUB"/>
    <enumeration value="RWF"/>
    <enumeration value="SAR"/>
    <enumeration value="SBD"/>
    <enumeration value="SCR"/>
    <enumeration value="SDG"/>
    <enumeration value="SEK"/>
    <enumeration value="SGD"/>
    <enumeration value="SHP"/>
    <enumeration value="SLL"/>
    <enumeration value="SOS"/>
    <enumeration value="SRD"/>
    <enumeration value="SSP"/>
    <enumeration value="STN"/>
    <enumeration value="SVC"/>
    <enumeration value="SYP"/>
    <enumeration value="SZL"/>
    <enumeration value="THB"/>
    <enumeration value="TJS"/>
    <enumeration value="TMT"/>
    <enumeration value="TND"/>
    <enumeration value="TOP"/>
    <enumeration value="TRY"/>
    <enumeration value="TTD"/>
    <enumeration value="TWD"/>
    <enumeration value="TZS"/>
    <enumeration value="UAH"/>
    <enumeration value="UGX"/>
    <enumeration value="USD"/>
    <enumeration value="USN"/>
    <enumeration value="UYI"/>
    <enumeration value="UYU"/>
    <enumeration value="UYW"/>
    <enumeration value="UZS"/>
    <enumeration value="VES"/>
    <enumeration value="VND"/>
    <enumeration value="VUV"/>
    <enumeration value="WST"/>
    <enumeration value="XAF"/>
    <enumeration value="XAG"/>
    <enumeration value="XAU"/>
    <enumeration value="XBA"/>
    <enumeration value="XBB"/>
    <enumeration value="XBC"/>
    <enumeration value="XBD"/>
    <enumeration value="XCD"/>
    <enumeration value="XDR"/>
    <enumeration value="XOF"/>
    <enumeration value="XPD"/>
    <enumeration value="XPF"/>
    <enumeration value="XPT"/>
    <enumeration value="XSU"/>
    <enumeration value="XTS"/>
    <enumeration value="XUA"/>
    <enumeration value="XXX"/>
    <enumeration value="YER"/>
    <enumeration value="ZAR"/>
    <enumeration value="ZMW"/>
    <enumeration value="ZWL"/>
  </cl>
</codedb>
