<?xml version="1.0" encoding="UTF-8"?>
<testSet xmlns="http://difi.no/xsd/vefa/validator/1.0" configuration="peppolbis-t01-base-3.0">
	<assert>
		<description>ICD (0151) provided.</description>
		<scope>PEPPOL-COMMON-R050</scope>
	</assert>
	

    
	    <test>
		<assert>
			<success>PEPPOL-COMMON-R050</success>
		</assert>
   		<Order xmlns:cac="urn:oasis:names:specification:ubl:schema:xsd:CommonAggregateComponents-2"
			xmlns:cbc="urn:oasis:names:specification:ubl:schema:xsd:CommonBasicComponents-2"
			xmlns="urn:oasis:names:specification:ubl:schema:xsd:Order-2">
			<cac:BuyerCustomerParty>
				<cac:Party>
					<cbc:EndpointID schemeID="0151">51824753556</cbc:EndpointID>
				</cac:Party>
			</cac:BuyerCustomerParty>
		</Order>
	</test>
	
    

    <test>
		<assert>
			<warning>PEPPOL-COMMON-R050</warning>
		</assert>
   		<Order xmlns:cac="urn:oasis:names:specification:ubl:schema:xsd:CommonAggregateComponents-2"
			xmlns:cbc="urn:oasis:names:specification:ubl:schema:xsd:CommonBasicComponents-2"
			xmlns="urn:oasis:names:specification:ubl:schema:xsd:Order-2">
			<cac:BuyerCustomerParty>
				<cac:Party>
					<cbc:EndpointID schemeID="0151">ERR51824753556</cbc:EndpointID>
				</cac:Party>
			</cac:BuyerCustomerParty>
		</Order>
	</test>
    
    
    <test>
		<assert>
			<warning>PEPPOL-COMMON-R050</warning>
		</assert>
   		<Order xmlns:cac="urn:oasis:names:specification:ubl:schema:xsd:CommonAggregateComponents-2"
			xmlns:cbc="urn:oasis:names:specification:ubl:schema:xsd:CommonBasicComponents-2"
			xmlns="urn:oasis:names:specification:ubl:schema:xsd:Order-2">
			<cac:BuyerCustomerParty>
				<cac:Party>
					<cbc:EndpointID schemeID="0151">51824753550</cbc:EndpointID>
				</cac:Party>
			</cac:BuyerCustomerParty>
		</Order>
	</test>
    
	
</testSet>
