<?xml version="1.0" encoding="UTF-8"?>
<testSet xmlns="http://difi.no/xsd/vefa/validator/1.0" configuration="peppolbis-t01-base-3.0">
	<assert>
		<description>ICD (9907) provided.</description>
		<scope>PEPPOL-COMMON-R046</scope>
	</assert>
	
	<test>
		<assert>
			<success>PEPPOL-COMMON-R046</success>
		</assert>
		<Order xmlns:cac="urn:oasis:names:specification:ubl:schema:xsd:CommonAggregateComponents-2"
			xmlns:cbc="urn:oasis:names:specification:ubl:schema:xsd:CommonBasicComponents-2"
			xmlns="urn:oasis:names:specification:ubl:schema:xsd:Order-2">
			<cac:BuyerCustomerParty>
				<cac:Party>
					<cbc:EndpointID schemeID="9907">97735020584</cbc:EndpointID>
				</cac:Party>
			</cac:BuyerCustomerParty>
		</Order>
	</test>
    
	
	    <test>
		<assert>
			<warning>PEPPOL-COMMON-R046</warning>
		</assert>
   		<Order xmlns:cac="urn:oasis:names:specification:ubl:schema:xsd:CommonAggregateComponents-2"
			xmlns:cbc="urn:oasis:names:specification:ubl:schema:xsd:CommonBasicComponents-2"
			xmlns="urn:oasis:names:specification:ubl:schema:xsd:Order-2">

			<cac:BuyerCustomerParty>
				<cac:Party>
					<cbc:EndpointID schemeID="9907">ABC</cbc:EndpointID>
				</cac:Party>
			</cac:BuyerCustomerParty>

		</Order>
	</test>
    
	
</testSet>
