<?xml version="1.0" encoding="UTF-8"?>
<testSet xmlns="http://difi.no/xsd/vefa/validator/1.0" configuration="peppolbis-en16931-base-3.0-cii">
    <assert>
        <description>Verify existence of not more than a single Note element on line level.</description>
        <scope>PEPPOL-EN16931-R002</scope>
    </assert>
    <test>
        <assert>
            <success>PEPPOL-EN16931-R002</success>
        </assert>
        <CrossIndustryInvoice
                xmlns:udt="urn:un:unece:uncefact:data:standard:UnqualifiedDataType:100"
                xmlns:ram="urn:un:unece:uncefact:data:standard:ReusableAggregateBusinessInformationEntity:100"
                xmlns="urn:un:unece:uncefact:data:standard:CrossIndustryInvoice:100">

            <ExchangedDocument>
                <ram:IncludedNote>
                    <ram:Content/>
                </ram:IncludedNote>
            </ExchangedDocument>

        </CrossIndustryInvoice>
    </test>
    <test>
        <assert>
            <success>PEPPOL-EN16931-R002</success>
        </assert>
        <CrossIndustryInvoice
                xmlns:udt="urn:un:unece:uncefact:data:standard:UnqualifiedDataType:100"
                xmlns:ram="urn:un:unece:uncefact:data:standard:ReusableAggregateBusinessInformationEntity:100"
                xmlns="urn:un:unece:uncefact:data:standard:CrossIndustryInvoice:100">

            <ExchangedDocument>
            </ExchangedDocument>

        </CrossIndustryInvoice>
    </test>
    <test>
        <assert>
            <error>PEPPOL-EN16931-R002</error>
        </assert>
        <CrossIndustryInvoice
                xmlns:udt="urn:un:unece:uncefact:data:standard:UnqualifiedDataType:100"
                xmlns:ram="urn:un:unece:uncefact:data:standard:ReusableAggregateBusinessInformationEntity:100"
                xmlns="urn:un:unece:uncefact:data:standard:CrossIndustryInvoice:100">

            <ExchangedDocument>
                <ram:IncludedNote>
                    <ram:Content/>
                </ram:IncludedNote>
                <ram:IncludedNote>
                    <ram:Content/>
                </ram:IncludedNote>
            </ExchangedDocument>

        </CrossIndustryInvoice>
    </test>
    <test>
        <assert>
            <error>PEPPOL-EN16931-R002</error>
        </assert>
        <CrossIndustryInvoice
                xmlns:udt="urn:un:unece:uncefact:data:standard:UnqualifiedDataType:100"
                xmlns:ram="urn:un:unece:uncefact:data:standard:ReusableAggregateBusinessInformationEntity:100"
                xmlns="urn:un:unece:uncefact:data:standard:CrossIndustryInvoice:100">

            <ExchangedDocument>
                <ram:IncludedNote>
                    <ram:SubjectCode/>
                </ram:IncludedNote>
            </ExchangedDocument>

        </CrossIndustryInvoice>
    </test>
</testSet>
