<?xml version="1.0" encoding="UTF-8"?>
<!-- PEPPOL BIS Billing, testfile showing the use of VAT category O (Outside scope of VAT) -->
<Invoice  xmlns:cac="urn:oasis:names:specification:ubl:schema:xsd:CommonAggregateComponents-2"
 xmlns:cbc="urn:oasis:names:specification:ubl:schema:xsd:CommonBasicComponents-2"
 xmlns="urn:oasis:names:specification:ubl:schema:xsd:Invoice-2">
    <cbc:CustomizationID>urn:cen.eu:en16931:2017#compliant#urn:fdc:peppol.eu:2017:poacc:billing:3.0</cbc:CustomizationID>
    <cbc:ProfileID>urn:fdc:peppol.eu:2017:poacc:billing:01:1.0</cbc:ProfileID>
    <cbc:ID>Vat-O</cbc:ID>
    <cbc:IssueDate>2018-08-30</cbc:IssueDate>
    <cbc:InvoiceTypeCode>380</cbc:InvoiceTypeCode>
    <cbc:DocumentCurrencyCode>SEK</cbc:DocumentCurrencyCode>
    <cbc:BuyerReference>test reference</cbc:BuyerReference>
    <cac:OrderReference>
        <cbc:ID>Order-123456</cbc:ID>
        <cbc:SalesOrderID>SalesOrder-123456</cbc:SalesOrderID>
    </cac:OrderReference>
    <cac:AccountingSupplierParty>
        <cac:Party>
            <cbc:EndpointID schemeID="0088">7300010000001</cbc:EndpointID>
            <cac:PartyIdentification>
                <cbc:ID schemeID="0088">7300010000001</cbc:ID>
            </cac:PartyIdentification>
            <cac:PartyName>
                <cbc:Name>SupplierTradingName Ltd.</cbc:Name>
            </cac:PartyName>
            <cac:PostalAddress>
                <cbc:StreetName>Main street 2, Building 4</cbc:StreetName>
                <cbc:CityName>Big city</cbc:CityName>
                <cbc:PostalZone>54321</cbc:PostalZone>
                <cac:Country>
                    <cbc:IdentificationCode>GB</cbc:IdentificationCode>
                </cac:Country>
            </cac:PostalAddress>
            <cac:PartyLegalEntity>
                <cbc:RegistrationName>The Sellercompany Incorporated</cbc:RegistrationName>
                <cbc:CompanyID schemeID="0089">GB983294</cbc:CompanyID>
            </cac:PartyLegalEntity>
        </cac:Party>
    </cac:AccountingSupplierParty>
    <cac:AccountingCustomerParty>
        <cac:Party>
            <cbc:EndpointID schemeID="0192">987654325</cbc:EndpointID>
            <cac:PartyName>
                <cbc:Name>BuyerTradingName AS</cbc:Name>
            </cac:PartyName>
            <cac:PostalAddress>
                <cbc:StreetName>Anystreet 8</cbc:StreetName>
                <cbc:AdditionalStreetName>Back door</cbc:AdditionalStreetName>
                <cbc:CityName>Anytown</cbc:CityName>
                <cbc:PostalZone>101</cbc:PostalZone>
                <cbc:CountrySubentity>RegionB</cbc:CountrySubentity>
                <cac:Country>
                    <cbc:IdentificationCode>NO</cbc:IdentificationCode>
                </cac:Country>
            </cac:PostalAddress>
            <cac:PartyLegalEntity>
                <cbc:RegistrationName>The Buyercompany</cbc:RegistrationName>
                <cbc:CompanyID schemeID="0089">GB983294</cbc:CompanyID>
            </cac:PartyLegalEntity>
        </cac:Party>
   </cac:AccountingCustomerParty>
    <cac:PaymentMeans>
        <cbc:PaymentMeansCode name="Bank Transfer">31</cbc:PaymentMeansCode>
        <cbc:PaymentID>2015 0483 0000 0000</cbc:PaymentID>
        <cac:PayeeFinancialAccount>
            <cbc:ID>NO13RABO0377815500</cbc:ID>
            <cbc:Name>Peter Petersen</cbc:Name>
            <cac:FinancialInstitutionBranch>
                <cbc:ID>DABADKKK</cbc:ID>
            </cac:FinancialInstitutionBranch>
        </cac:PayeeFinancialAccount>
    </cac:PaymentMeans>
    <cac:PaymentTerms>
        <cbc:Note>Payment within 30 days</cbc:Note>
    </cac:PaymentTerms>
    <cac:TaxTotal>
        <cbc:TaxAmount currencyID="SEK">0.00</cbc:TaxAmount>
        <cac:TaxSubtotal>
            <cbc:TaxableAmount currencyID="SEK">3200.00</cbc:TaxableAmount>
            <cbc:TaxAmount currencyID="SEK">0.00</cbc:TaxAmount>
            <cac:TaxCategory>
                <cbc:ID>O</cbc:ID>
                <cbc:TaxExemptionReason>Not subject to VAT</cbc:TaxExemptionReason>
                <cac:TaxScheme>
                    <cbc:ID>VAT</cbc:ID>
                </cac:TaxScheme>
            </cac:TaxCategory>
        </cac:TaxSubtotal>  
    </cac:TaxTotal>
    <cac:LegalMonetaryTotal>
        <cbc:LineExtensionAmount currencyID="SEK">3200.00</cbc:LineExtensionAmount>
        <cbc:TaxExclusiveAmount currencyID="SEK">3200.00</cbc:TaxExclusiveAmount>
        <cbc:TaxInclusiveAmount currencyID="SEK">3200.00</cbc:TaxInclusiveAmount>
        <cbc:PayableAmount currencyID="SEK">3200.00</cbc:PayableAmount>
    </cac:LegalMonetaryTotal>
    <cac:InvoiceLine>
        <cbc:ID>1</cbc:ID>
        <cbc:InvoicedQuantity unitCode="EA">1</cbc:InvoicedQuantity>
        <cbc:LineExtensionAmount currencyID="SEK">3200.00</cbc:LineExtensionAmount>
        <cac:OrderLineReference>
            <cbc:LineID>1</cbc:LineID>
        </cac:OrderLineReference>
        <cac:Item>
            <cbc:Description>Weight-based tax, vehicles >3000 KGM</cbc:Description>
            <cbc:Name>Road tax</cbc:Name>
            <cac:SellersItemIdentification>
                <cbc:ID>RT3000</cbc:ID>
            </cac:SellersItemIdentification>
            <cac:ClassifiedTaxCategory>
                <cbc:ID>O</cbc:ID>
                <cac:TaxScheme>
                    <cbc:ID>VAT</cbc:ID>
                </cac:TaxScheme>
            </cac:ClassifiedTaxCategory>
        </cac:Item>
        <cac:Price>
            <cbc:PriceAmount currencyID="SEK">3200.00</cbc:PriceAmount>
        </cac:Price>
    </cac:InvoiceLine>

</Invoice>
