<?xml version="1.0" encoding="UTF-8"?>
<Project xmlns="urn:fdc:difi.no:2017:vefa:structure:Project-1">

    <Name>Peppol BIS Billing 3.0 - May 2025 Release</Name>

    <Documentation path="bis/">Business Interoperability Specifications (BIS)</Documentation>
    <Documentation path="compliance/">BIS compliance</Documentation>
	<Documentation path="release-notes/">Release notes</Documentation>

    <!-- Documentation -->
    <Resource>
        <Type>Doc-1</Type>
        <Path>bis/</Path>
        <Title>Business Interoperability Specifications (BIS)</Title>
    </Resource>
    <Resource>
        <Type>Doc-1</Type>
        <Path>compliance/</Path>
        <Title>BIS compliance</Title>
    </Resource>
    <Resource>
        <Type>Doc-1</Type>
        <Path>release-notes/</Path>
        <Title>Release notes</Title>
    </Resource>

    <!-- Syntax -->
    <Resource>
        <Type>Structure-1</Type>
        <Path>structure/syntax/ubl-invoice.xml</Path>
        <Title>UBL Invoice</Title>
    </Resource>
    <Resource>
        <Type>Structure-1</Type>
        <Path>structure/syntax/ubl-creditnote.xml</Path>
        <Title>UBL Credit Note</Title>
    </Resource>

    <!-- Rules -->
    <Resource>
        <Identifier>ubl-tc434</Identifier>
        <Type>native:Schematron</Type>
        <Path>rules/sch/CEN-EN16931-UBL.sch</Path>
        <Title>EN16931  model bound to UBL</Title>
    </Resource>
    <Resource>
        <Identifier>ubl-peppol</Identifier>
        <Type>native:Schematron</Type>
        <Path>rules/sch/PEPPOL-EN16931-UBL.sch</Path>
        <Title>Rules for Peppol BIS 3.0 Billing</Title>
    </Resource>
    
    <!-- Code lists -->
    <Resource>
        <Type>CodeList-1</Type>
        <Path>structure/codelist/icd.xml</Path>
    </Resource>
    <Resource>
        <Type>CodeList-1</Type>
        <Path>structure/codelist/eas.xml</Path>
    </Resource>
    <Resource>
        <Type>CodeList-1</Type>
        <Path>structure/codelist/ISO3166-1_Alpha2.xml</Path>
    </Resource>
    <Resource>
        <Type>CodeList-1</Type>
        <Path>structure/codelist/ISO4217_2015.xml</Path>
    </Resource>
    <Resource>
        <Type>CodeList-1</Type>
        <Path>structure/codelist/UNECERec20-11e.xml</Path>
    </Resource>
    <Resource>
        <Type>CodeList-1</Type>
        <Path>structure/codelist/UNCL5305.xml</Path>
    </Resource>
    <Resource>
        <Type>CodeList-1</Type>
        <Path>structure/codelist/UNCL7143.xml</Path>
    </Resource>
    <Resource>
        <Type>CodeList-1</Type>
        <Path>structure/codelist/UNCL1001-inv.xml</Path>
    </Resource>
    <Resource>
        <Type>CodeList-1</Type>
        <Path>structure/codelist/UNCL1001-cn.xml</Path>
    </Resource> 
    <Resource>
        <Type>CodeList-1</Type>
        <Path>structure/codelist/UNCL1153.xml</Path>
    </Resource>
    <Resource>
        <Type>CodeList-1</Type>
        <Path>structure/codelist/UNCL2005.xml</Path>
    </Resource>
    <Resource>
        <Type>CodeList-1</Type>
        <Path>structure/codelist/UNCL4461.xml</Path>
    </Resource>
    <Resource>
        <Type>CodeList-1</Type>
        <Path>structure/codelist/UNCL5189.xml</Path>
    </Resource>
    <Resource>
        <Type>CodeList-1</Type>
        <Path>structure/codelist/UNCL7161.xml</Path>
    </Resource>
       <Resource>
        <Type>CodeList-1</Type>
        <Path>structure/codelist/MimeCode.xml</Path>
    </Resource>   
    <Resource>
        <Type>CodeList-1</Type>
        <Path>structure/codelist/SEPA.xml</Path>
    </Resource> 
    <Resource>
        <Type>CodeList-1</Type>
        <Path>structure/codelist/VATEX.xml</Path>
    </Resource>


    <!-- Files -->
    
    <Resource>
        <Type>native:File</Type>
        <Path>rules/sch/PEPPOL-EN16931-UBL.sch</Path>
        <Title>Schematron for PEPPOL rules (UBL)</Title>
        <Description>Schematron file containing rules according to ISO Schematron.</Description>
        <Property key="download">PEPPOL-EN16931-UBL.sch</Property>
    </Resource>
    <Resource>
        <Type>native:File</Type>
        <Path>rules/sch/CEN-EN16931-UBL.sch</Path>
        <Title>Schematron for TC434 rules (UBL)</Title>
        <Description>Schematron file containing rules according to ISO Schematron.</Description>
        <Property key="download">CEN-EN16931-UBL.sch</Property>
    </Resource>
    
    <Resource>
        <Type>native:File</Type>
        <Path>stylesheet/stylesheet-ubl.xslt</Path>
        <Title>Stylesheet for UBL instances</Title>
        <Property key="download">stylesheet-ubl.xslt</Property>
    </Resource>

    <Resource>
        <Type>native:File</Type>
        <Path>project.xml</Path>
        <Title>Example files</Title>
        <Property key="download">BIS-Billing3-Examples.zip</Property>
        <Property key="filename">BIS-Billing3-Examples.zip</Property>
    </Resource>		
    
    <!--Resource>
        <Type>native:File</Type>
        <Path>mapping/mapping-cii-ubl.xls</Path>
        <Title>Excel mapping table cii to ubl</Title>
        <Property key="download">mapping-cii-ubl.xls</Property>
    </Resource-->
</Project>
