<?xml version="1.0" encoding="UTF-8"?>
<!-- tag::received[] -->
<OrderResponse xmlns:xs="http://www.w3.org/2001/XMLSchema"
  xmlns="urn:oasis:names:specification:ubl:schema:xsd:OrderResponse-2"
  xmlns:cac="urn:oasis:names:specification:ubl:schema:xsd:CommonAggregateComponents-2"
  xmlns:cbc="urn:oasis:names:specification:ubl:schema:xsd:CommonBasicComponents-2">
  <cbc:CustomizationID>urn:fdc:peppol.eu:poacc:trns:order_response:3</cbc:CustomizationID>
  <cbc:ProfileID>urn:fdc:peppol.eu:poacc:bis:ordering:3</cbc:ProfileID>
  <cbc:ID>101</cbc:ID>
  <cbc:IssueDate>2013-07-01</cbc:IssueDate>
  <cbc:IssueTime>06:10:10</cbc:IssueTime>
  <cbc:OrderResponseCode>AB</cbc:OrderResponseCode> <!--1-->
  <cbc:Note>Response message with amendments in the details</cbc:Note>
  <cbc:DocumentCurrencyCode>EUR</cbc:DocumentCurrencyCode>
  <cbc:CustomerReference>YourRef</cbc:CustomerReference>
  <cac:OrderReference>
    <cbc:ID>1</cbc:ID>
  </cac:OrderReference>
  <cac:SellerSupplierParty>
    <cac:Party>
      <cbc:EndpointID schemeID="0007">5546577799</cbc:EndpointID>
      <cac:PartyIdentification>
        <cbc:ID schemeID="0007">5546577799</cbc:ID>
      </cac:PartyIdentification>
      <cac:PartyLegalEntity>
        <cbc:RegistrationName>The Supplier AB</cbc:RegistrationName>
      </cac:PartyLegalEntity>
    </cac:Party>
  </cac:SellerSupplierParty>
  <cac:BuyerCustomerParty>
    <cac:Party>
      <cbc:EndpointID schemeID="0007">5541277711</cbc:EndpointID>
      <cac:PartyIdentification>
        <cbc:ID schemeID="0007">5541277711</cbc:ID>
      </cac:PartyIdentification>
      <cac:PartyLegalEntity>
        <cbc:RegistrationName>City Hospital</cbc:RegistrationName>
      </cac:PartyLegalEntity>
    </cac:Party>
  </cac:BuyerCustomerParty>
  <cac:Delivery>
    <cac:PromisedDeliveryPeriod>
      <cbc:StartDate>2013-07-15</cbc:StartDate>
      <cbc:EndDate>2013-07-16</cbc:EndDate>
    </cac:PromisedDeliveryPeriod>
  </cac:Delivery><!--2-->
</OrderResponse>
<!-- end::received[] -->
