<?xml version="1.0" encoding="ISO-8859-1"?>
<Catalogue xmlns:cac="urn:oasis:names:specification:ubl:schema:xsd:CommonAggregateComponents-2"
	xmlns:cbc="urn:oasis:names:specification:ubl:schema:xsd:CommonBasicComponents-2"
	xmlns="urn:oasis:names:specification:ubl:schema:xsd:Catalogue-2">
	<cbc:CustomizationID>urn:fdc:peppol.eu:poacc:trns:catalogue:3</cbc:CustomizationID>
	<cbc:ProfileID>urn:fdc:peppol.eu:poacc:bis:catalogue_wo_response:3</cbc:ProfileID>
	<cbc:ID>1237</cbc:ID>
	<cbc:ActionCode>Delete</cbc:ActionCode>
	<cbc:Name>Peppol Test Catalogue</cbc:Name>
	<cbc:IssueDate>2021-01-02</cbc:IssueDate>
	<cbc:VersionID>4</cbc:VersionID>
	<cac:ValidityPeriod>
		<cbc:StartDate>2020-12-31</cbc:StartDate>
		<cbc:EndDate>2020-12-31</cbc:EndDate>
	</cac:ValidityPeriod>
	<cac:ReferencedContract>
		<cbc:ID>3299-RA</cbc:ID>
	</cac:ReferencedContract>
	<cac:ProviderParty>
		<cbc:EndpointID schemeID="0192">987654325</cbc:EndpointID>
		<cac:PartyIdentification>
			<cbc:ID schemeID="0088">5790000435951</cbc:ID>
		</cac:PartyIdentification>
		<cac:PostalAddress>
			<cbc:StreetName>Sinsenveien 40</cbc:StreetName>
			<cbc:AdditionalStreetName>Oppgang B</cbc:AdditionalStreetName>
			<cbc:CityName>Oslo</cbc:CityName>
			<cbc:PostalZone>0501</cbc:PostalZone>
			<cbc:CountrySubentity>Region</cbc:CountrySubentity>
			<cac:AddressLine>
				<cbc:Line>Address Line 3</cbc:Line>
			</cac:AddressLine>
			<cac:Country>
				<cbc:IdentificationCode>NO</cbc:IdentificationCode>
			</cac:Country>
		</cac:PostalAddress>
		<cac:PartyLegalEntity>
			<cbc:RegistrationName>Helseforetak AS</cbc:RegistrationName>
			<cbc:CompanyID schemeID="0192">987654325</cbc:CompanyID>
			<cac:RegistrationAddress>
				<cbc:CityName>Oslo</cbc:CityName>
				<cac:Country>
					<cbc:IdentificationCode>NO</cbc:IdentificationCode>
				</cac:Country>
			</cac:RegistrationAddress>
		</cac:PartyLegalEntity>
	</cac:ProviderParty>
	<cac:ReceiverParty>
		<cbc:EndpointID schemeID="0192">123456785</cbc:EndpointID>
		<cac:PartyIdentification>
			<cbc:ID schemeID="0088">5790000435944</cbc:ID>
		</cac:PartyIdentification>
		<cac:PostalAddress>
			<cbc:StreetName>Storgt. 12</cbc:StreetName>
			<cbc:AdditionalStreetName>4. etasje</cbc:AdditionalStreetName>
			<cbc:CityName>Oslo</cbc:CityName>
			<cbc:PostalZone>0585</cbc:PostalZone>
			<cbc:CountrySubentity>Region</cbc:CountrySubentity>
			<cac:AddressLine>
				<cbc:Line>Address Line 3</cbc:Line>
			</cac:AddressLine>
			<cac:Country>
				<cbc:IdentificationCode>NO</cbc:IdentificationCode>
			</cac:Country>
		</cac:PostalAddress>
		<cac:PartyLegalEntity>
			<cbc:RegistrationName>Medical AS</cbc:RegistrationName>
			<cbc:CompanyID schemeID="0192">123456785</cbc:CompanyID>
			<cac:RegistrationAddress>
				<cbc:CityName>Oslo</cbc:CityName>
				<cac:Country>
					<cbc:IdentificationCode>NO</cbc:IdentificationCode>
				</cac:Country>
			</cac:RegistrationAddress>
		</cac:PartyLegalEntity>
	</cac:ReceiverParty>
	<cac:SellerSupplierParty>
		<cac:Party>
			<cbc:EndpointID schemeID="0088">5790000435951</cbc:EndpointID>
			<cac:PartyIdentification>
				<cbc:ID schemeID="0088">5790000435951</cbc:ID>
			</cac:PartyIdentification>
			<cac:PartyName>
				<cbc:Name>Medical</cbc:Name>
			</cac:PartyName>
			<cac:PostalAddress>
				<cbc:StreetName>Storgt. 12</cbc:StreetName>
				<cbc:AdditionalStreetName>4. etasje</cbc:AdditionalStreetName>
				<cbc:CityName>Oslo</cbc:CityName>
				<cbc:PostalZone>0585</cbc:PostalZone>
				<cbc:CountrySubentity>Region</cbc:CountrySubentity>
				<cac:AddressLine>
					<cbc:Line>Address Line 3</cbc:Line>
				</cac:AddressLine>
				<cac:Country>
					<cbc:IdentificationCode>NO</cbc:IdentificationCode>
				</cac:Country>
			</cac:PostalAddress>
			<cac:Contact>
				<cbc:Name>Nils Nilsen</cbc:Name>
				<cbc:Telephone>22150510</cbc:Telephone>
				<cbc:ElectronicMail>post@medical.no</cbc:ElectronicMail>
			</cac:Contact>
		</cac:Party>
	</cac:SellerSupplierParty>
	<cac:ContractorCustomerParty>
		<cac:Party>
			<cbc:EndpointID schemeID="0088">5790000435951</cbc:EndpointID>
			<cac:PartyIdentification>
				<cbc:ID schemeID="0088">5790000435951</cbc:ID>
			</cac:PartyIdentification>
			<cac:PartyName>
				<cbc:Name>Medical</cbc:Name>
			</cac:PartyName>
			<cac:Contact>
				<cbc:Name>Nils Nilsen</cbc:Name>
				<cbc:Telephone>22150510</cbc:Telephone>
				<cbc:ElectronicMail>post@medical.no</cbc:ElectronicMail>
			</cac:Contact>
		</cac:Party>
	</cac:ContractorCustomerParty>
	<cac:CatalogueLine>
		<cbc:ID>1</cbc:ID>
		<cbc:ActionCode>Delete</cbc:ActionCode>
		<cac:Item>
		<cbc:Name>Ballpoint pen. Blue 0.7 mm</cbc:Name>
			<cac:StandardItemIdentification>
				<cbc:ID schemeID="0160">05790000436057</cbc:ID>
			</cac:StandardItemIdentification>
		</cac:Item>
	</cac:CatalogueLine>
</Catalogue>
