<?xml version="1.0" encoding="UTF-8"?>
<testSet xmlns="http://difi.no/xsd/vefa/validator/1.0" configuration="peppolbis-en16931-base-3.0-ubl">
	<assert>
    	<description>Verify existence of Seller City for Italian suppliers</description>
		<scope>IT-R-003</scope>
	</assert>
	<test>
		<assert>
			<success>IT-R-003</success>
		</assert>
		<Invoice xmlns:cac="urn:oasis:names:specification:ubl:schema:xsd:CommonAggregateComponents-2"
			xmlns:cbc="urn:oasis:names:specification:ubl:schema:xsd:CommonBasicComponents-2"
			xmlns="urn:oasis:names:specification:ubl:schema:xsd:Invoice-2">

			<cac:AccountingSupplierParty>
				<cac:Party>
					<cac:PostalAddress>

					<cbc:CityName>City seller</cbc:CityName>
						
						<cac:Country>
							<cbc:IdentificationCode>IT</cbc:IdentificationCode>
						</cac:Country>
					</cac:PostalAddress>

				</cac:Party>
			</cac:AccountingSupplierParty>

		</Invoice>
	</test>
	<test>
		<assert>
			<success>IT-R-003</success>
		</assert>
		<Invoice xmlns:cac="urn:oasis:names:specification:ubl:schema:xsd:CommonAggregateComponents-2"
			xmlns:cbc="urn:oasis:names:specification:ubl:schema:xsd:CommonBasicComponents-2"
			xmlns="urn:oasis:names:specification:ubl:schema:xsd:Invoice-2">

			<cac:AccountingSupplierParty>
				<cac:Party>
					<cac:PostalAddress>

						<!-- cbc:CityName>City seller</cbc:CityName> -->
						
					<cac:Country>
							<cbc:IdentificationCode>DK</cbc:IdentificationCode>
						</cac:Country>
					</cac:PostalAddress>

				</cac:Party>
			</cac:AccountingSupplierParty>

		</Invoice>
	</test>
	<test>
		<assert>
			<error>IT-R-003</error>
		</assert>
		<Invoice xmlns:cac="urn:oasis:names:specification:ubl:schema:xsd:CommonAggregateComponents-2"
			xmlns:cbc="urn:oasis:names:specification:ubl:schema:xsd:CommonBasicComponents-2"
			xmlns="urn:oasis:names:specification:ubl:schema:xsd:Invoice-2">

			<cac:AccountingSupplierParty>
				<cac:Party>
					<cac:PostalAddress>

						<!-- cbc:CityName>City seller</cbc:CityName> -->
						
						<cac:Country>
							<cbc:IdentificationCode>IT</cbc:IdentificationCode>
						</cac:Country>
					</cac:PostalAddress>

				</cac:Party>
			</cac:AccountingSupplierParty>

		</Invoice>
	</test>
</testSet>
