<?xml version="1.0" encoding="UTF-8"?>
<!--

This file is distributed as part of EHF Post-Award G3.

Release: 2022-06-15
Timestamp: 2022-06-15 09:05z

Repository for releases and issues:
  https://github.com/anskaffelser/ehf-postaward-g3
-->
<?xml version="1.0" encoding="ISO-8859-1"?>
<Catalogue xmlns="urn:oasis:names:specification:ubl:schema:xsd:Catalogue-2"
		   xmlns:cac="urn:oasis:names:specification:ubl:schema:xsd:CommonAggregateComponents-2"
		   xmlns:cbc="urn:oasis:names:specification:ubl:schema:xsd:CommonBasicComponents-2">
	<cbc:CustomizationID>urn:fdc:peppol.eu:poacc:trns:punch_out:3:extended:urn:fdc:anskaffelser.no:2019:ehf:spec:3.0</cbc:CustomizationID>
	<cbc:ProfileID>urn:fdc:anskaffelser.no:2019:ehf:postaward:g3:04:1.0</cbc:ProfileID>
	<cbc:ID>1387</cbc:ID>
	<cbc:ActionCode>false</cbc:ActionCode>
	<cbc:IssueDate>2016-08-01</cbc:IssueDate>
	<cbc:IssueTime>09:00:00</cbc:IssueTime>
	<cac:ValidityPeriod>
		<cbc:EndDate>2016-08-31</cbc:EndDate>
		<cbc:EndTime>18:00:00</cbc:EndTime>
	</cac:ValidityPeriod>
	<cac:ReferencedContract>
		<cbc:ID>CRT1387</cbc:ID>
	</cac:ReferencedContract>
	<cac:ProviderParty>
		<cbc:EndpointID schemeID="0192">987654325</cbc:EndpointID>
		<cac:PartyIdentification>
			<cbc:ID schemeID="0192">987654325</cbc:ID>
		</cac:PartyIdentification>
		<cac:PartyLegalEntity>
			<cbc:RegistrationName>ABC Supplier Ltd.</cbc:RegistrationName>
		</cac:PartyLegalEntity>
	</cac:ProviderParty>
	<cac:ReceiverParty>
		<cbc:EndpointID schemeID="0192">123456785</cbc:EndpointID>
		<cac:PartyIdentification>
			<cbc:ID schemeID="0192">123456785</cbc:ID>
		</cac:PartyIdentification>
		<cac:PartyLegalEntity>
			<cbc:RegistrationName>DEF Customer Ltd.</cbc:RegistrationName>
		</cac:PartyLegalEntity>
		<cac:Contact>
			<cbc:ID>buyers ref no</cbc:ID>
		</cac:Contact>
	</cac:ReceiverParty>
	<cac:CatalogueLine>
		<cbc:ID>1</cbc:ID>
		<cac:LineValidityPeriod>
			<cbc:StartDate>2018-09-26</cbc:StartDate>
			<cbc:EndDate>2019-09-26</cbc:EndDate>
			<cbc:EndTime>12:00:00</cbc:EndTime>
		</cac:LineValidityPeriod>
		<cac:RequiredItemLocationQuantity>
			<cbc:LeadTimeMeasure unitCode="DAY">2</cbc:LeadTimeMeasure>
			<cac:ApplicableTerritoryAddress>
				<cbc:StreetName>Storgt. 12</cbc:StreetName>
				<cbc:AdditionalStreetName>4. etasje</cbc:AdditionalStreetName>
				<cbc:CityName>Oslo</cbc:CityName>
				<cbc:PostalZone>0585</cbc:PostalZone>
				<cbc:CountrySubentity>Region</cbc:CountrySubentity>
				<cac:AddressLine>
					<cbc:Line>Address Line 3</cbc:Line>
				</cac:AddressLine>
				<cac:Country>
					<cbc:IdentificationCode>NO</cbc:IdentificationCode>
				</cac:Country>
			</cac:ApplicableTerritoryAddress>
			<cac:Price>
				<cbc:PriceAmount currencyID="EUR">10.00</cbc:PriceAmount>
				<cbc:BaseQuantity unitCode="C62">1</cbc:BaseQuantity>
				<cbc:PriceType>AAA</cbc:PriceType>
			</cac:Price>
			<cac:DeliveryUnit>
				<cbc:BatchQuantity unitCode="C62">1</cbc:BatchQuantity>
			</cac:DeliveryUnit>
		</cac:RequiredItemLocationQuantity>
		<cac:Item>
			<cbc:Description>Photo copy paper 80g A4, package of 500 sheets.</cbc:Description>
			<cbc:Name>Copy paper</cbc:Name>
			<cac:SellersItemIdentification>
				<cbc:ID>MNTR011</cbc:ID>
			</cac:SellersItemIdentification>
			<cac:ManufacturersItemIdentification>
				<cbc:ID>MNTR01349087911</cbc:ID>
			</cac:ManufacturersItemIdentification>
			<cac:StandardItemIdentification>
				<cbc:ID schemeID="0160">1234567890114</cbc:ID>
			</cac:StandardItemIdentification>
			<cac:ItemSpecificationDocumentReference>
				<cbc:ID>12345</cbc:ID>

				<cac:Attachment>
					<cbc:EmbeddedDocumentBinaryObject mimeCode="image/png" filename="image1.png">UjBsR09EbGhjZ0dTQUxNQUFBUUNBRU1tQ1p0dU1GUXhEUzhi</cbc:EmbeddedDocumentBinaryObject>
				</cac:Attachment>
			</cac:ItemSpecificationDocumentReference>
			<cac:OriginCountry>
				<cbc:IdentificationCode>NO</cbc:IdentificationCode>
			</cac:OriginCountry>
			<cac:CommodityClassification>
				<cbc:ItemClassificationCode listID="MP" listVersionID="19.0501">20101601</cbc:ItemClassificationCode>
			</cac:CommodityClassification>
			<cac:TransactionConditions>
				<cbc:ActionCode>CT</cbc:ActionCode>
			</cac:TransactionConditions>
			<cac:ClassifiedTaxCategory>
				<cbc:ID>S</cbc:ID>
				<cbc:Percent>18</cbc:Percent>
				<cac:TaxScheme>
					<cbc:ID>VAT</cbc:ID>
				</cac:TaxScheme>
			</cac:ClassifiedTaxCategory>
			<cac:AdditionalItemProperty>
				<cbc:Name>Paper weight in grams</cbc:Name>
				<cbc:NameCode listID="NN">test</cbc:NameCode>
				<cbc:Value>18</cbc:Value>
				<cbc:ValueQuantity unitCode="GRM">18</cbc:ValueQuantity>
			</cac:AdditionalItemProperty>
			<cac:ManufacturerParty>
				<cac:PartyName>
					<cbc:Name>Manufacturer AS</cbc:Name>
				</cac:PartyName>
			</cac:ManufacturerParty>
			<cac:Certificate>
				<cbc:ID>123450</cbc:ID>
				<cbc:CertificateTypeCode>NA</cbc:CertificateTypeCode>
				<cbc:CertificateType>Environmental</cbc:CertificateType>
				<cbc:Remarks>tekst</cbc:Remarks>
				<cac:IssuerParty>
					<cac:PartyName>
						<cbc:Name>NA</cbc:Name>
					</cac:PartyName>
				</cac:IssuerParty>
			</cac:Certificate>
		</cac:Item>
	</cac:CatalogueLine>
	<cac:CatalogueLine>
		<cbc:ID>2</cbc:ID>
		<cac:RequiredItemLocationQuantity>
			<cac:Price>
				<cbc:PriceAmount currencyID="EUR">90.00</cbc:PriceAmount>
				<cbc:BaseQuantity unitCode="C62">1</cbc:BaseQuantity>
			</cac:Price>
			<cac:DeliveryUnit>
				<cbc:BatchQuantity unitCode="C62">1</cbc:BatchQuantity>
			</cac:DeliveryUnit>
		</cac:RequiredItemLocationQuantity>
		<cac:Item>
			<cbc:Description>Photo copy paper 80g A4, carton of 10 units with 500 sheets each</cbc:Description>
			<cbc:Name>Copy paper</cbc:Name>
			<cac:SellersItemIdentification>
				<cbc:ID>MNTR012</cbc:ID>
			</cac:SellersItemIdentification>
			<cac:ManufacturersItemIdentification>
				<cbc:ID>MNTR01349087912</cbc:ID>
			</cac:ManufacturersItemIdentification>
			<cac:StandardItemIdentification>
				<cbc:ID schemeID="0160">1234567890124</cbc:ID>
			</cac:StandardItemIdentification>
			<cac:CommodityClassification>
				<cbc:ItemClassificationCode listID="MP" listVersionID="19.0501">20101601</cbc:ItemClassificationCode>
			</cac:CommodityClassification>
			<cac:ClassifiedTaxCategory>
				<cbc:ID>S</cbc:ID>
				<cbc:Percent>18</cbc:Percent>
				<cac:TaxScheme>
					<cbc:ID>VAT</cbc:ID>
				</cac:TaxScheme>
			</cac:ClassifiedTaxCategory>
			<cac:AdditionalItemProperty>
				<cbc:Name>Paper weight in grams</cbc:Name>
				<cbc:Value>18</cbc:Value>
			</cac:AdditionalItemProperty>
		</cac:Item>
	</cac:CatalogueLine>
</Catalogue>
