﻿<?xml version="1.0" encoding="UTF-8"?>
<CatalogueRequest xmlns="urn:oasis:names:specification:ubl:schema:xsd:CatalogueRequest-2"
				  xmlns:cac="urn:oasis:names:specification:ubl:schema:xsd:CommonAggregateComponents-2"
				  xmlns:cbc="urn:oasis:names:specification:ubl:schema:xsd:CommonBasicComponents-2">

	<cbc:UBLVersionID>2.1</cbc:UBLVersionID>
	<cbc:CustomizationID>OIOUBL-2.1</cbc:CustomizationID>
	<cbc:ProfileID schemeAgencyID="320" schemeID="urn:oioubl:id:profileid-1.2">Catalogue-CatAdv-1.0</cbc:ProfileID>
	<cbc:ID>12345</cbc:ID>
	<cbc:Name>Mobile phones</cbc:Name>
	<cbc:IssueDate>2006-04-28</cbc:IssueDate>
	<cbc:IssueTime>09:30:00</cbc:IssueTime>
	<cbc:Description languageID="en-us">Mobile phones and accessories</cbc:Description>
	<cbc:PricingUpdateRequestIndicator>false</cbc:PricingUpdateRequestIndicator>
	<cbc:ItemUpdateRequestIndicator>false</cbc:ItemUpdateRequestIndicator>
	<cac:ValidityPeriod>
		<cbc:StartDate>2006-04-28</cbc:StartDate>
		<cbc:StartTime>12:00:00</cbc:StartTime>
		<cbc:EndDate>2006-10-28</cbc:EndDate>
		<cbc:EndTime>12:00:00</cbc:EndTime>
	</cac:ValidityPeriod>
	<cac:ReceiverParty>
		<cbc:EndpointID schemeAgencyID="9" schemeID="GLN">5798009811578</cbc:EndpointID>
		<cac:PartyIdentification>
			<cbc:ID schemeAgencyID="9" schemeID="GLN">5798009811578</cbc:ID>
		</cac:PartyIdentification>
		<cac:PartyName>
			<cbc:Name>Den Lille Skole</cbc:Name>
		</cac:PartyName>
		<cac:PostalAddress>
			<cbc:AddressFormatCode listAgencyID="320" listID="urn:oioubl:codelist:addressformatcode-1.1">StructuredDK</cbc:AddressFormatCode>
			<cbc:StreetName>Fredericiavej</cbc:StreetName>
			<cbc:BuildingNumber>10</cbc:BuildingNumber>
			<cbc:CityName>Helsingør</cbc:CityName>
			<cbc:PostalZone>3000</cbc:PostalZone>
			<cac:Country>
				<cbc:IdentificationCode>DK</cbc:IdentificationCode>
			</cac:Country>
		</cac:PostalAddress>
		<cac:PartyLegalEntity>
			<cbc:RegistrationName>Den Lille Skole</cbc:RegistrationName>
			<cbc:CompanyID schemeID="DK:CVR">DK16356709</cbc:CompanyID>
		</cac:PartyLegalEntity>
		<cac:Contact>
			<cbc:ID>98765</cbc:ID>
			<cbc:Name>Administrationen</cbc:Name>
			<cbc:Telephone>26532147</cbc:Telephone>
			<cbc:ElectronicMail>info@dls.dk</cbc:ElectronicMail>
		</cac:Contact>
		<cac:Person>
			<cbc:FirstName>Søren</cbc:FirstName>
			<cbc:FamilyName>Ibsen</cbc:FamilyName>
			<cbc:JobTitle>katalogmanager</cbc:JobTitle>
			<cbc:OrganizationDepartment>Administrationen</cbc:OrganizationDepartment>
		</cac:Person>
	</cac:ReceiverParty>
	<cac:ProviderParty>
		<cbc:EndpointID schemeID="DK:CVR">DK45656787</cbc:EndpointID>
		<cac:PartyIdentification>
			<cbc:ID schemeID="DK:CVR">DK45656787</cbc:ID>
		</cac:PartyIdentification>
		<cac:PartyName>
			<cbc:Name>Teleeksperten A/S</cbc:Name>
		</cac:PartyName>
		<cac:PostalAddress>
			<cbc:AddressFormatCode listAgencyID="320" listID="urn:oioubl:codelist:addressformatcode-1.1">StructuredDK</cbc:AddressFormatCode>
			<cbc:StreetName>Televej</cbc:StreetName>
			<cbc:BuildingNumber>9</cbc:BuildingNumber>
			<cbc:CityName>København K</cbc:CityName>
			<cbc:PostalZone>1171</cbc:PostalZone>
			<cac:Country>
				<cbc:IdentificationCode>DK</cbc:IdentificationCode>
			</cac:Country>
		</cac:PostalAddress>
		<cac:Contact>
			<cbc:ID>9000012345</cbc:ID>
			<cbc:Name>Salgsafdelingen</cbc:Name>
			<cbc:Telephone>40121212</cbc:Telephone>
			<cbc:ElectronicMail>katalog@tele.dk</cbc:ElectronicMail>
		</cac:Contact>
		<cac:Person>
			<cbc:FirstName>Henrik</cbc:FirstName>
			<cbc:FamilyName>Holm</cbc:FamilyName>
			<cbc:JobTitle>katalogmanager</cbc:JobTitle>
			<cbc:OrganizationDepartment>Salgsafdelingen</cbc:OrganizationDepartment>
		</cac:Person>
	</cac:ProviderParty>
	<cac:ApplicableTerritoryAddress>
		<cbc:AddressFormatCode listAgencyID="320" listID="urn:oioubl:codelist:addressformatcode-1.1">StructuredRegion</cbc:AddressFormatCode>
		<cac:Country>
			<cbc:IdentificationCode>DK</cbc:IdentificationCode>
		</cac:Country>
	</cac:ApplicableTerritoryAddress>
</CatalogueRequest>
