<?xml version="1.0" encoding="UTF-8"?>
<testSet xmlns="http://difi.no/xsd/vefa/validator/1.0" configuration="peppolbis-en16931-base-3.0-cii">
	<assert>
		<description>ICD (9907) provided.</description>
		<scope>PEPPOL-COMMON-R046</scope>
	</assert>
	
	<test>
		<assert>
			<success>PEPPOL-COMMON-R046</success>
		</assert>

        <rsm:CrossIndustryInvoice
			xmlns:ram="urn:un:unece:uncefact:data:standard:ReusableAggregateBusinessInformationEntity:100"
			xmlns:udt="urn:un:unece:uncefact:data:standard:UnqualifiedDataType:100"
			xmlns:rsm="urn:un:unece:uncefact:data:standard:CrossIndustryInvoice:100"
			xmlns:xsi="http://www.w3.org/2001/XMLSchema-instance">
			<rsm:ExchangedDocument>
				<ram:TypeCode>380</ram:TypeCode>
			</rsm:ExchangedDocument>
			<rsm:SupplyChainTradeTransaction>
				<ram:ApplicableHeaderTradeAgreement>
					<ram:SellerTradeParty>
						<ram:SpecifiedLegalOrganization>
							<ram:ID schemeID="9907">97735020584</ram:ID>
						</ram:SpecifiedLegalOrganization>
					</ram:SellerTradeParty>
					<ram:BuyerTradeParty>
						<ram:SpecifiedLegalOrganization>
							<ram:ID schemeID="9907">97735020584</ram:ID>
						</ram:SpecifiedLegalOrganization>
					</ram:BuyerTradeParty>
				</ram:ApplicableHeaderTradeAgreement>
			</rsm:SupplyChainTradeTransaction>
		</rsm:CrossIndustryInvoice>		
		

	</test>
    
	    <test>
		<assert>
			<success>PEPPOL-COMMON-R046</success>
		</assert>

        <rsm:CrossIndustryInvoice
			xmlns:ram="urn:un:unece:uncefact:data:standard:ReusableAggregateBusinessInformationEntity:100"
			xmlns:udt="urn:un:unece:uncefact:data:standard:UnqualifiedDataType:100"
			xmlns:rsm="urn:un:unece:uncefact:data:standard:CrossIndustryInvoice:100"
			xmlns:xsi="http://www.w3.org/2001/XMLSchema-instance">
			<rsm:ExchangedDocument>
				<ram:TypeCode>380</ram:TypeCode>
			</rsm:ExchangedDocument>
			<rsm:SupplyChainTradeTransaction>
				<ram:ApplicableHeaderTradeAgreement>
					<ram:SellerTradeParty>
                        <ram:URIUniversalCommunication>
                            <ram:URIID schemeID="9907">97735020584</ram:URIID>
                        </ram:URIUniversalCommunication>					
					</ram:SellerTradeParty>
					<ram:BuyerTradeParty>
                        <ram:URIUniversalCommunication>
                            <ram:URIID schemeID="9907">97735020584</ram:URIID>
                        </ram:URIUniversalCommunication>					
					</ram:BuyerTradeParty>
				</ram:ApplicableHeaderTradeAgreement>
			</rsm:SupplyChainTradeTransaction>
		</rsm:CrossIndustryInvoice>				
	</test>
	    
   
    <test>
		<assert>
			<warning>PEPPOL-COMMON-R046</warning>
		</assert>


        <rsm:CrossIndustryInvoice
			xmlns:ram="urn:un:unece:uncefact:data:standard:ReusableAggregateBusinessInformationEntity:100"
			xmlns:udt="urn:un:unece:uncefact:data:standard:UnqualifiedDataType:100"
			xmlns:rsm="urn:un:unece:uncefact:data:standard:CrossIndustryInvoice:100"
			xmlns:xsi="http://www.w3.org/2001/XMLSchema-instance">
			<rsm:ExchangedDocument>
				<ram:TypeCode>380</ram:TypeCode>
			</rsm:ExchangedDocument>
			<rsm:SupplyChainTradeTransaction>
				<ram:ApplicableHeaderTradeAgreement>
					<ram:SellerTradeParty>
                        <ram:URIUniversalCommunication>
                            <ram:URIID schemeID="9907">9773502058497735020584</ram:URIID>
                        </ram:URIUniversalCommunication>					
					</ram:SellerTradeParty>
				</ram:ApplicableHeaderTradeAgreement>
			</rsm:SupplyChainTradeTransaction>
		</rsm:CrossIndustryInvoice>				
		
	</test>
    
    <test>
		<assert>
			<warning>PEPPOL-COMMON-R046</warning>
		</assert>

		
		 <rsm:CrossIndustryInvoice
			xmlns:ram="urn:un:unece:uncefact:data:standard:ReusableAggregateBusinessInformationEntity:100"
			xmlns:udt="urn:un:unece:uncefact:data:standard:UnqualifiedDataType:100"
			xmlns:rsm="urn:un:unece:uncefact:data:standard:CrossIndustryInvoice:100"
			xmlns:xsi="http://www.w3.org/2001/XMLSchema-instance">
			<rsm:ExchangedDocument>
				<ram:TypeCode>380</ram:TypeCode>
			</rsm:ExchangedDocument>
			<rsm:SupplyChainTradeTransaction>
				<ram:ApplicableHeaderTradeAgreement>
					<ram:SellerTradeParty>
                        <ram:URIUniversalCommunication>
                            <ram:URIID schemeID="9907">07359</ram:URIID>
                        </ram:URIUniversalCommunication>					
					</ram:SellerTradeParty>
				</ram:ApplicableHeaderTradeAgreement>
			</rsm:SupplyChainTradeTransaction>
		</rsm:CrossIndustryInvoice>		
	</test>
    
    <test>
		<assert>
			<warning>PEPPOL-COMMON-R046</warning>
		</assert>


		 <rsm:CrossIndustryInvoice
			xmlns:ram="urn:un:unece:uncefact:data:standard:ReusableAggregateBusinessInformationEntity:100"
			xmlns:udt="urn:un:unece:uncefact:data:standard:UnqualifiedDataType:100"
			xmlns:rsm="urn:un:unece:uncefact:data:standard:CrossIndustryInvoice:100"
			xmlns:xsi="http://www.w3.org/2001/XMLSchema-instance">
			<rsm:ExchangedDocument>
				<ram:TypeCode>380</ram:TypeCode>
			</rsm:ExchangedDocument>
			<rsm:SupplyChainTradeTransaction>
				<ram:ApplicableHeaderTradeAgreement>
					<ram:BuyerTradeParty>
                        <ram:URIUniversalCommunication>
                            <ram:URIID schemeID="9907">ABC</ram:URIID>
                        </ram:URIUniversalCommunication>					
					</ram:BuyerTradeParty>
				</ram:ApplicableHeaderTradeAgreement>
			</rsm:SupplyChainTradeTransaction>
		</rsm:CrossIndustryInvoice>	
		
	</test>
    
    
	
</testSet>
