<?xml version="1.0" encoding="UTF-8"?>
<testSet xmlns="http://difi.no/xsd/vefa/validator/1.0" configuration="peppolbis-t16-base-3.0">
	<assert>
		<description>Verify outstanding quantity reason is provided if the document contains an
			outstanding quantity</description>
		<scope>PEPPOL-T16-R007</scope>
	</assert>
	<test>
		<assert>
			<success>PEPPOL-T16-R007</success>
		</assert>
		<DespatchAdvice xmlns="urn:oasis:names:specification:ubl:schema:xsd:DespatchAdvice-2"
			xmlns:cac="urn:oasis:names:specification:ubl:schema:xsd:CommonAggregateComponents-2"
			xmlns:cbc="urn:oasis:names:specification:ubl:schema:xsd:CommonBasicComponents-2">
			<cac:DespatchLine>
				<cbc:ID>1</cbc:ID>
			</cac:DespatchLine>
		</DespatchAdvice>
	</test>

	<test>
		<assert>
			<success>PEPPOL-T16-R007</success>
		</assert>
		<DespatchAdvice xmlns="urn:oasis:names:specification:ubl:schema:xsd:DespatchAdvice-2"
			xmlns:cac="urn:oasis:names:specification:ubl:schema:xsd:CommonAggregateComponents-2"
			xmlns:cbc="urn:oasis:names:specification:ubl:schema:xsd:CommonBasicComponents-2">
			<cac:DespatchLine>
				<cbc:ID>1</cbc:ID>
				<cbc:OutstandingQuantity >4</cbc:OutstandingQuantity>
				<cbc:OutstandingReason>To be sent later</cbc:OutstandingReason>
			</cac:DespatchLine>
		</DespatchAdvice>
	</test>


	<test>
		<assert>
			<warning>PEPPOL-T16-R007</warning>
		</assert>
		<DespatchAdvice xmlns="urn:oasis:names:specification:ubl:schema:xsd:DespatchAdvice-2"
			xmlns:cac="urn:oasis:names:specification:ubl:schema:xsd:CommonAggregateComponents-2"
			xmlns:cbc="urn:oasis:names:specification:ubl:schema:xsd:CommonBasicComponents-2">
			<cac:DespatchLine>
				<cbc:ID>1</cbc:ID>
				<cbc:OutstandingQuantity>4</cbc:OutstandingQuantity>
			</cac:DespatchLine>
		</DespatchAdvice>
	</test>

</testSet>
